customer_age,annual_income,spending_score,purchase_frequency,website_visits,time_on_app,discount_usage,days_since_last_purchase,loyalty_points,social_media_engagement,preferred_payment_mode,city_tier
56,46247.49,81,9,26,78.99,47.29,98,4231,1.39,UPI,Tier2
69,,50,9,73,65.43,56.91,93,8343,4.08,Credit Card,Tier3
46,78913.99,61,13,73,51.22,57.65,42,1631,1.17,UPI,Tier3
32,54568.08,13,6,59,40.69,14.02,110,3572,5.82,UPI,Tier2
60,48021.02,12,14,22,28.28,25.08,81,3279,1.5,UPI,Tier1
25,100409.45,29,9,54,69.75,21.83,72,8633,1.8,Debit Card,Tier1
38,70004.91,85,10,71,39.53,32.48,36,2925,9.45,UPI,Tier2
56,78991.29,84,4,33,25.75,,75,848,6.26,Cash,Tier1
36,46914.33,20,13,28,47.41,34.16,38,9159,9.17,UPI,Tier1
40,38175.74,31,9,25,71.37,66.65,115,2042,1.65,Cash,Tier1
28,52472.1,8,8,43,16.78,29.75,30,7691,9.89,UPI,Tier3
28,62271.53,24,5,55,23.21,48.87,64,3830,7.87,Cash,Tier1
41,41587.16,75,5,77,15.38,90.4,27,1543,8.34,UPI,Tier3
53,64783.41,39,4,29,34.1,91.33,6,7782,9.2,Cash,Tier2
57,27852.89,33,7,22,55.06,,119,605,9.46,Debit Card,Tier2
41,40358.96,42,8,60,,41.63,105,7228,7.43,Debit Card,Tier2
20,79760.05,15,8,65,50.87,70.21,23,1768,6.5,Credit Card,Tier3
39,78283.39,68,5,14,55.83,29.69,108,5712,2.11,Cash,Tier1
19,56378.71,65,4,26,33.23,74.02,27,1621,1.98,UPI,Tier1
41,42609.19,32,7,57,61.2,95.71,25,292,3.76,UPI,Tier2
61,42397.12,11,10,30,36.44,,81,1410,4.71,UPI,Tier1
47,56788.1,94,12,55,52.7,21.33,22,526,9.91,Credit Card,Tier2
55,,37,10,33,30.0,51.56,109,5703,6.77,Cash,Tier2
19,85421.41,19,7,29,56.19,,113,6558,6.83,Credit Card,Tier2
38,54076.3,51,2,26,22.41,81.16,117,6275,5.94,Cash,Tier2
50,39623.17,34,3,61,68.66,33.88,22,3203,2.17,UPI,Tier3
29,70892.56,71,6,64,21.33,92.93,104,9599,5.92,Cash,Tier1
39,46882.23,60,6,28,54.54,83.86,46,7833,3.36,Credit Card,Tier1
61,53598.44,84,7,8,50.95,5.16,116,8600,6.1,Debit Card,Tier1
42,94156.07,53,7,25,69.21,,63,133,3.67,Debit Card,Tier3
66,83196.54,12,10,60,53.93,66.37,49,6185,5.63,Cash,Tier2
44,68475.43,62,5,71,58.68,77.95,59,7483,6.62,UPI,Tier3
59,37017.78,96,8,66,30.82,,51,4933,5.2,Debit Card,Tier2
45,69650.72,66,11,60,37.8,99.26,108,5277,1.17,Debit Card,Tier2
33,88378.46,86,11,17,74.76,54.85,89,7600,2.45,Debit Card,Tier2
32,56736.06,48,3,43,36.75,,27,484,6.49,Debit Card,Tier2
64,94724.51,40,5,44,65.32,48.43,12,3276,2.84,Cash,Tier2
68,93440.4,24,10,5,39.23,84.91,70,7001,2.84,Cash,Tier2
61,101602.12,50,8,14,32.9,25.36,49,7243,7.21,Credit Card,Tier1
69,71715.35,95,10,47,22.29,11.16,80,2831,4.82,UPI,Tier3
20,77922.62,68,4,73,44.2,62.36,61,4844,7.53,Credit Card,Tier3
54,96112.12,88,9,45,46.36,2.84,47,8269,1.79,Credit Card,Tier1
68,74842.67,43,8,60,39.97,3.97,85,2375,8.04,Debit Card,Tier3
24,53972.85,17,2,79,39.99,21.2,96,6676,6.26,Cash,Tier2
38,55132.06,83,4,51,,0.63,90,354,5.73,UPI,Tier3
26,70248.21,55,9,44,10.81,7.25,85,9959,8.25,Debit Card,Tier1
56,36607.65,34,11,60,39.73,40.81,6,3922,9.53,Credit Card,Tier2
35,61848.3,97,10,10,47.36,39.39,102,2212,6.87,Cash,Tier2
21,89124.04,70,10,39,66.81,57.14,34,3783,2.2,Debit Card,Tier1
42,16792.42,60,8,76,47.85,25.82,17,7949,6.56,Credit Card,Tier3
31,98758.61,51,9,44,21.56,36.77,18,5353,1.03,UPI,Tier2
67,89692.23,77,5,14,52.1,72.64,81,4300,3.96,UPI,Tier2
26,54885.18,73,10,12,,23.78,75,6311,7.31,Credit Card,Tier1
43,76954.6,35,15,66,65.58,2.28,41,9429,8.84,Credit Card,Tier1
19,65069.25,34,8,72,52.07,20.12,1,496,4.22,Credit Card,Tier1
37,92059.79,16,12,64,46.69,40.19,25,6679,3.19,Debit Card,Tier3
45,86619.03,82,8,77,58.09,86.09,109,315,2.47,Debit Card,Tier3
64,34198.44,18,8,42,28.53,73.45,47,6873,5.37,Debit Card,Tier1
24,77919.77,38,7,61,13.31,63.64,52,6368,5.02,UPI,Tier3
61,60476.19,43,6,55,61.17,34.24,15,5982,5.47,Cash,Tier3
25,66822.32,32,10,60,51.81,69.27,35,2029,3.37,UPI,Tier3
64,,7,4,67,76.9,57.8,76,1438,5.23,Cash,Tier2
52,103459.02,87,7,29,43.04,69.54,105,6093,4.16,Debit Card,Tier2
31,87881.36,87,7,64,27.16,99.85,22,4073,9.86,UPI,Tier2
34,48725.03,46,12,69,22.1,79.96,48,1229,2.7,Cash,Tier3
53,35638.57,61,9,45,37.39,45.68,87,8853,2.08,UPI,Tier3
67,56515.2,18,7,68,52.52,96.25,64,2160,8.31,Debit Card,Tier2
57,74559.06,71,8,15,59.9,20.13,45,7256,7.95,Cash,Tier1
21,70284.53,40,5,48,58.87,63.39,66,4659,8.36,Debit Card,Tier3
19,92568.92,88,14,54,61.0,32.9,51,6973,5.47,UPI,Tier2
23,82378.23,78,10,48,49.02,10.13,48,5373,2.97,Cash,Tier3
59,86330.52,50,6,52,38.64,97.61,45,9826,9.15,Debit Card,Tier2
21,72190.82,5,14,35,43.31,49.56,63,6371,8.14,Credit Card,Tier3
46,34435.43,54,7,37,62.94,41.78,108,6693,7.71,Cash,Tier3
35,60694.63,86,6,25,39.49,14.72,69,7052,1.32,Credit Card,Tier3
43,,58,12,65,62.64,,35,290,5.37,Credit Card,Tier2
61,63866.5,22,2,11,57.78,22.07,115,2924,4.06,Credit Card,Tier3
51,76067.99,74,6,32,62.15,43.65,92,6345,4.1,Cash,Tier3
27,57987.54,90,11,33,45.92,47.0,1,6821,2.13,Debit Card,Tier1
53,42344.14,79,8,54,59.98,17.09,17,6202,8.95,Debit Card,Tier1
31,62286.43,38,6,6,36.56,78.13,22,8547,3.18,UPI,Tier1
48,71799.04,49,10,15,32.31,81.59,112,833,1.44,UPI,Tier3
65,50574.87,1,9,7,10.9,95.99,2,8402,5.13,Debit Card,Tier1
32,59814.35,78,12,14,14.01,50.13,55,3561,5.89,UPI,Tier1
25,44331.81,36,4,28,43.68,39.64,65,9894,4.21,UPI,Tier2
31,89623.39,95,11,78,45.42,35.92,101,1571,4.31,Credit Card,Tier3
40,58521.97,28,10,27,84.67,94.23,29,2017,4.54,Debit Card,Tier1
57,96960.62,98,5,49,36.59,75.89,80,6305,7.16,Debit Card,Tier3
38,98632.45,35,7,71,65.07,51.51,47,8778,3.31,Credit Card,Tier2
33,63216.99,60,14,70,57.23,72.42,88,6705,9.46,Debit Card,Tier3
62,42814.13,62,11,25,61.69,44.11,109,2609,4.43,UPI,Tier1
35,19110.25,87,8,76,57.28,77.06,57,5938,4.78,Credit Card,Tier2
64,32615.18,46,7,52,24.79,92.93,51,9042,2.33,Debit Card,Tier1
41,34775.63,83,10,21,41.15,21.53,34,465,5.18,Credit Card,Tier1
43,95326.33,82,7,21,58.84,36.88,44,3772,7.27,Debit Card,Tier1
42,67548.14,79,9,60,43.78,64.9,111,6025,4.05,Credit Card,Tier2
62,73571.3,61,4,74,39.94,52.07,71,2761,2.73,Debit Card,Tier2
58,16150.74,65,9,62,40.38,48.57,115,309,7.91,Credit Card,Tier1
46,38644.74,89,13,76,63.02,83.82,115,5200,6.35,Credit Card,Tier3
32,84515.76,26,9,58,24.96,,18,7057,5.4,Cash,Tier3
62,71309.03,35,6,56,21.57,52.46,75,4266,4.47,Debit Card,Tier3
18,61761.48,57,7,48,56.45,24.58,23,6225,3.57,Credit Card,Tier3
42,77426.53,79,6,30,44.26,,44,7055,2.04,Cash,Tier2
24,100987.55,63,8,69,45.85,43.83,77,8233,3.39,UPI,Tier1
26,60137.07,4,12,73,80.46,92.09,78,1553,3.47,Credit Card,Tier1
41,66526.14,79,7,23,53.61,0.3,18,1502,4.02,Cash,Tier1
18,69237.13,42,5,17,42.66,56.81,2,4819,3.45,UPI,Tier2
61,117626.41,45,11,61,49.81,61.58,45,9486,1.21,Credit Card,Tier1
25,18814.16,39,11,37,45.27,13.76,112,9114,3.65,Debit Card,Tier1
41,80030.91,65,8,59,53.69,50.64,2,429,1.08,Debit Card,Tier2
28,62474.35,22,6,26,46.42,11.58,68,8924,7.63,Credit Card,Tier2
68,77468.98,11,7,72,26.54,39.98,81,7785,2.71,Debit Card,Tier1
34,50537.8,37,10,30,,67.69,78,9994,2.08,Cash,Tier1
25,63922.77,90,3,42,61.84,68.26,22,494,6.69,UPI,Tier3
52,80651.03,51,11,7,51.58,47.97,80,3909,9.54,Debit Card,Tier2
52,133484.02,91,5,48,66.65,82.81,63,8069,9.3,Cash,Tier2
50,82776.8,58,10,69,10.7,,73,9815,5.95,Cash,Tier1
22,46342.56,77,9,32,56.79,60.14,79,9430,4.12,UPI,Tier1
59,55677.29,7,8,18,29.52,17.5,97,3784,2.98,Credit Card,Tier3
56,55024.89,8,6,50,66.88,,3,4043,4.45,Cash,Tier2
58,25495.85,51,8,29,30.13,4.89,4,8956,1.4,Debit Card,Tier3
45,57738.02,23,6,18,,25.74,35,3455,6.27,Debit Card,Tier1
24,81122.24,90,7,66,53.36,20.54,97,916,9.16,Debit Card,Tier3
26,36966.89,91,6,50,65.78,37.4,42,4218,6.99,UPI,Tier1
25,88066.62,9,11,13,57.97,47.23,10,547,6.57,Debit Card,Tier3
29,75731.05,46,13,55,30.34,22.76,60,9363,3.56,UPI,Tier2
51,48846.87,38,5,10,29.03,5.97,114,3710,4.99,Debit Card,Tier3
50,,13,7,7,35.86,34.77,11,2709,9.58,Debit Card,Tier2
65,100163.08,7,14,42,53.2,,79,5932,7.67,Credit Card,Tier2
40,81138.05,11,6,45,45.67,13.71,36,4832,1.57,Cash,Tier3
41,65193.24,74,14,7,78.28,80.75,111,4574,2.69,Credit Card,Tier1
54,59770.97,97,5,49,43.93,41.58,18,7993,4.93,Cash,Tier2
52,66685.4,50,12,32,31.31,34.67,18,2250,8.56,UPI,Tier3
61,53741.2,67,9,61,32.44,6.49,28,8625,9.19,UPI,Tier2
57,18695.51,41,9,60,45.34,39.59,9,2593,3.96,Debit Card,Tier1
39,109927.91,29,4,40,59.85,55.89,31,7658,2.58,Debit Card,Tier2
44,68417.15,37,11,69,32.38,32.96,114,8899,2.12,Cash,Tier2
52,73759.24,56,5,63,42.8,56.37,114,7243,1.74,Debit Card,Tier2
18,63726.03,80,8,5,40.0,99.89,81,3882,2.44,UPI,Tier2
52,48827.43,16,12,68,50.43,41.25,85,4303,1.9,Cash,Tier1
54,60909.66,44,13,71,11.78,,50,4334,5.48,Cash,Tier2
64,29813.32,50,6,18,44.81,18.42,81,5406,7.83,Cash,Tier3
31,115095.9,71,6,32,51.73,68.89,66,8971,3.69,UPI,Tier3
20,37840.74,79,10,11,62.89,1.12,115,1936,5.63,Debit Card,Tier3
18,42296.74,6,8,56,21.17,18.36,113,1320,8.91,Cash,Tier3
22,55314.3,18,1,50,45.89,,11,6089,9.28,Credit Card,Tier2
43,93337.67,19,16,55,70.66,75.11,23,9765,4.16,Debit Card,Tier2
31,65319.2,51,10,56,59.97,72.88,84,5475,7.59,Debit Card,Tier2
56,37805.01,66,4,50,47.43,88.27,112,7999,1.64,Debit Card,Tier3
44,92595.44,3,7,12,54.44,96.69,100,3929,6.16,Cash,Tier1
26,81082.01,89,11,54,41.08,19.41,83,8231,6.32,Credit Card,Tier3
32,76845.57,54,8,57,61.42,95.03,76,964,5.91,Cash,Tier1
32,80746.15,49,2,47,,24.18,4,3453,2.49,Cash,Tier3
43,117675.96,28,8,77,46.06,61.94,83,9590,7.0,UPI,Tier3
59,113072.09,38,8,37,48.78,16.17,86,1088,3.08,UPI,Tier1
30,49892.26,28,6,35,47.21,2.17,16,5166,9.25,UPI,Tier2
68,100725.47,32,10,42,40.01,31.55,12,3314,1.8,UPI,Tier3
49,73429.7,41,10,34,,22.21,99,208,7.08,Cash,Tier2
56,75980.11,36,8,44,57.32,34.17,44,190,4.51,Credit Card,Tier2
66,27770.04,36,6,69,37.28,27.89,43,2087,3.97,Credit Card,Tier3
69,61251.51,87,16,40,41.88,11.55,40,815,3.74,Credit Card,Tier3
49,47117.88,66,8,66,44.32,20.87,83,3624,4.34,Cash,Tier1
21,83217.29,10,7,49,35.86,8.78,46,6346,3.09,Credit Card,Tier2
47,88563.77,70,10,28,40.24,53.03,98,6978,8.59,UPI,Tier1
54,19361.3,72,6,28,33.31,82.77,41,1027,6.65,UPI,Tier3
40,64515.23,79,14,57,61.5,57.24,50,3483,7.65,UPI,Tier3
56,89680.95,93,10,40,27.93,32.47,97,9724,3.09,Debit Card,Tier2
62,60893.06,63,11,35,66.61,84.64,7,665,2.89,Debit Card,Tier3
32,81039.4,92,9,51,70.5,15.34,96,8432,4.85,Cash,Tier2
60,72725.64,22,11,11,72.57,82.61,103,9361,7.37,UPI,Tier3
46,72516.53,98,10,55,24.53,61.69,43,9613,9.75,UPI,Tier3
53,59031.07,20,4,32,51.94,20.05,66,5339,4.31,UPI,Tier2
30,38235.22,33,9,69,29.0,20.8,18,8827,8.76,Cash,Tier2
49,40326.34,15,11,29,35.32,5.88,14,2718,9.38,Cash,Tier1
24,80605.76,7,8,13,45.63,88.56,4,8190,1.06,Debit Card,Tier1
68,65428.08,88,13,41,42.89,75.14,18,7733,7.43,Cash,Tier1
39,61952.73,90,6,41,48.92,93.24,83,9707,4.85,UPI,Tier3
45,55674.42,50,17,22,70.91,22.64,56,6770,6.31,UPI,Tier1
19,58285.85,10,6,64,,,34,3588,5.76,Debit Card,Tier2
59,88032.06,79,10,35,21.71,49.47,79,2837,8.79,Debit Card,Tier3
62,57624.63,37,4,31,49.55,31.52,12,5707,2.68,Cash,Tier2
23,35496.58,59,9,22,47.19,,107,4284,7.2,UPI,Tier3
45,81360.34,88,8,75,54.37,46.39,84,1955,3.26,Credit Card,Tier2
45,60492.71,75,7,40,30.1,79.28,91,4760,8.51,Cash,Tier3
61,65690.71,63,6,22,,71.7,87,5780,8.86,UPI,Tier3
61,100366.72,21,7,75,67.3,77.94,93,5930,2.93,Credit Card,Tier1
37,64547.67,79,12,42,43.01,22.68,26,1012,4.2,Cash,Tier2
47,71362.04,79,7,51,31.57,4.14,66,6300,5.79,UPI,Tier2
28,39063.68,37,12,69,26.6,87.79,3,4653,1.6,UPI,Tier3
45,60167.27,45,6,40,52.87,37.34,85,9002,5.55,Debit Card,Tier1
42,78409.57,14,10,50,52.96,33.47,37,5242,6.39,UPI,Tier2
56,30781.78,43,4,49,23.87,73.84,55,5209,9.19,Credit Card,Tier2
50,69418.59,85,5,11,30.37,12.13,19,7190,4.29,Debit Card,Tier1
18,67217.4,84,9,9,54.58,,36,3109,3.16,UPI,Tier2
44,65908.32,33,6,72,22.98,45.87,56,1131,5.78,Debit Card,Tier3
69,87817.5,3,5,25,73.99,98.73,50,9819,8.35,Debit Card,Tier2
30,72357.65,87,7,53,34.25,77.0,93,7380,6.12,Credit Card,Tier2
58,97517.58,44,6,44,60.04,,109,9009,8.78,Debit Card,Tier1
20,172564.12,87,30,46,50.31,82.09,66,2192,2.62,Credit Card,Tier2
56,67990.34,91,8,76,31.23,28.6,14,1004,8.84,Cash,Tier1
23,66858.27,35,10,35,40.46,17.31,87,1041,6.04,Debit Card,Tier3
25,41476.4,25,10,28,43.47,94.06,50,152,3.55,Debit Card,Tier3
44,86038.49,96,9,29,47.39,6.17,51,1410,1.82,Credit Card,Tier3
26,116142.81,86,12,56,51.15,56.93,65,614,1.69,Debit Card,Tier1
54,64625.87,8,6,39,47.7,33.61,3,209,7.07,Cash,Tier3
50,76110.46,62,5,72,44.96,72.31,51,2429,9.54,Credit Card,Tier2
68,66859.41,18,15,73,58.35,25.48,16,7426,7.52,Credit Card,Tier3
59,49301.14,92,3,73,40.49,,99,2073,7.65,UPI,Tier3
61,24943.27,28,4,20,30.14,44.27,33,8064,2.8,UPI,Tier1
41,49472.98,75,11,46,58.09,51.28,105,8516,3.82,Credit Card,Tier2
32,34376.92,12,9,57,54.11,77.0,103,5587,8.2,UPI,Tier1
49,102490.25,64,10,50,58.58,63.49,101,3703,5.51,Debit Card,Tier2
49,62467.59,2,12,46,46.72,70.75,82,4512,1.22,Debit Card,Tier1
41,57389.77,59,7,22,24.18,60.48,92,4051,3.36,Debit Card,Tier1
58,84561.38,37,10,21,48.69,90.14,44,3147,8.92,Cash,Tier1
69,40321.48,4,13,8,42.24,24.77,89,6582,8.36,Debit Card,Tier3
66,48128.99,41,7,37,28.64,27.74,61,4938,2.67,Cash,Tier1
66,66497.59,45,7,75,55.31,80.53,90,6100,3.22,Debit Card,Tier3
69,87632.92,34,11,31,47.46,5.67,104,8967,9.49,UPI,Tier3
29,76037.07,87,5,32,56.15,31.42,50,8434,4.63,UPI,Tier2
56,70463.15,13,15,79,43.91,91.9,42,1669,2.26,Debit Card,Tier3
19,66718.59,7,8,54,58.23,33.77,88,5167,5.51,UPI,Tier1
20,73805.19,32,4,54,52.58,93.09,94,5658,5.24,UPI,Tier2
66,69436.36,23,16,18,52.49,84.09,34,6816,9.76,Credit Card,Tier1
54,42340.61,49,11,33,32.54,82.75,56,7647,6.81,Credit Card,Tier3
66,66013.74,72,10,55,72.76,10.7,96,6667,5.09,Credit Card,Tier3
34,41378.85,47,4,70,,2.57,47,8781,4.33,Credit Card,Tier3
66,66783.82,37,6,26,22.8,85.59,19,880,6.53,Credit Card,Tier1
19,54425.75,98,8,19,53.92,70.99,107,3525,5.79,Cash,Tier3
19,120866.4,48,4,55,41.82,37.57,66,9061,7.02,Credit Card,Tier3
45,64122.32,29,11,24,59.6,33.63,37,4194,5.94,UPI,Tier3
40,34106.73,37,12,59,48.36,7.48,14,1618,9.18,Cash,Tier2
54,,23,3,48,47.04,54.2,9,3358,1.04,Cash,Tier3
49,76425.89,38,8,70,38.07,51.57,93,2242,6.04,UPI,Tier2
50,101814.01,93,10,41,26.44,63.34,19,5533,8.14,UPI,Tier3
18,52032.05,44,8,33,46.14,75.77,82,9276,1.81,Credit Card,Tier1
36,30186.58,5,3,33,37.31,33.89,43,6004,1.84,Debit Card,Tier3
19,82970.41,52,7,45,38.74,50.48,39,3709,1.85,UPI,Tier2
61,34626.83,40,9,16,55.16,40.08,54,2133,9.48,Debit Card,Tier1
43,55404.58,11,14,49,77.95,3.95,50,699,8.61,Debit Card,Tier1
49,59332.35,78,9,55,78.11,22.88,44,1423,1.98,Debit Card,Tier3
23,63468.06,2,15,15,61.06,84.83,46,1195,6.86,Debit Card,Tier2
49,80161.62,35,9,71,57.13,,93,5500,6.24,Cash,Tier3
21,49960.05,45,8,61,54.85,61.61,84,5485,2.21,Cash,Tier1
28,58977.96,49,5,41,39.07,66.91,46,724,5.75,Cash,Tier1
34,64686.05,35,7,46,28.52,89.46,81,2850,1.36,UPI,Tier2
55,,92,9,27,56.7,44.3,38,8251,1.05,Credit Card,Tier3
41,67152.2,72,9,66,36.39,91.34,113,4414,3.6,UPI,Tier3
22,74592.13,32,10,49,,99.25,25,6616,9.27,Debit Card,Tier2
69,83564.47,68,3,37,40.5,73.06,43,1033,6.05,Credit Card,Tier2
51,73637.95,71,5,13,37.72,78.2,7,3146,1.28,UPI,Tier1
23,74978.88,39,10,39,70.94,95.73,108,8406,1.31,UPI,Tier1
39,30191.09,48,16,39,59.69,54.09,113,1164,2.08,Credit Card,Tier1
28,66105.01,91,7,51,55.5,50.75,32,1036,3.44,Debit Card,Tier1
65,302196.68,37,40,68,,0.71,56,3666,2.38,Credit Card,Tier2
33,81036.71,60,10,57,42.08,25.14,78,9959,3.02,Credit Card,Tier2
50,49768.28,81,2,29,51.78,56.13,36,9891,2.42,Debit Card,Tier1
26,50501.14,74,11,43,6.32,96.88,11,7212,7.99,Debit Card,Tier2
23,52369.79,4,13,12,40.93,39.24,106,5797,4.64,Cash,Tier2
33,76801.11,23,7,58,32.64,89.6,33,7659,7.06,Credit Card,Tier2
46,87745.38,14,4,15,60.66,18.85,50,5202,3.76,Cash,Tier3
20,56035.88,5,6,43,50.74,48.68,16,7618,5.05,Cash,Tier2
37,84975.17,66,10,47,32.72,33.09,67,6931,6.48,Cash,Tier1
53,67716.56,24,9,58,54.35,69.54,91,5329,1.61,Debit Card,Tier2
36,62265.71,18,10,11,65.56,83.02,42,2002,3.27,Cash,Tier2
43,60349.55,27,7,54,14.42,0.36,111,2854,9.67,Credit Card,Tier1
20,81425.45,24,9,79,,3.87,10,2431,8.7,Debit Card,Tier3
36,72162.71,29,6,62,35.84,57.12,7,4227,9.36,Debit Card,Tier2
37,115068.16,11,8,48,59.83,53.03,58,6031,1.36,Cash,Tier1
49,46251.06,18,5,33,52.07,57.67,47,2455,6.08,Debit Card,Tier2
24,76398.24,4,11,68,76.83,9.4,60,8864,3.5,Credit Card,Tier1
69,53357.58,33,8,46,55.36,35.77,20,8013,8.6,UPI,Tier2
58,,78,9,5,58.72,1.39,5,703,6.37,UPI,Tier3
50,64760.92,42,5,53,64.43,94.02,84,2895,2.71,Credit Card,Tier3
57,68021.75,32,7,64,37.9,30.56,62,2913,1.62,Cash,Tier2
56,129199.82,51,11,51,65.32,10.87,74,3918,7.32,Debit Card,Tier2
35,243795.16,4,40,20,26.12,67.71,69,8520,9.37,Credit Card,Tier2
57,40136.07,20,8,52,,14.0,38,6057,3.88,Cash,Tier1
18,71006.24,85,7,71,29.64,4.12,4,6234,4.9,Cash,Tier3
28,19357.92,67,15,37,59.56,29.66,56,1634,7.6,Cash,Tier3
45,62976.95,89,14,47,40.11,91.68,17,1731,6.32,Credit Card,Tier2
42,65352.56,68,13,7,42.98,67.66,42,8701,6.57,Cash,Tier3
67,82481.21,62,8,7,37.06,0.54,93,4869,3.38,Debit Card,Tier2
40,86419.69,58,11,69,67.06,94.34,97,2910,1.95,Cash,Tier2
48,53921.47,47,9,12,49.41,89.04,60,6118,5.25,Debit Card,Tier2
47,61686.49,75,11,36,26.01,18.11,26,4709,5.98,Cash,Tier3
59,48145.34,80,8,64,68.56,50.82,117,6032,7.93,UPI,Tier1
52,40182.62,59,6,24,58.13,93.2,114,4959,1.71,Credit Card,Tier1
24,71817.69,6,6,66,38.19,65.89,81,6732,2.7,UPI,Tier1
33,36981.12,95,16,78,,0.75,109,5432,3.04,Credit Card,Tier1
43,55878.21,40,5,23,35.32,15.55,110,1357,5.91,UPI,Tier2
65,43106.17,77,7,64,48.56,0.83,46,170,4.71,Cash,Tier1
69,77093.03,23,7,75,49.72,73.23,30,6682,7.35,UPI,Tier1
66,104631.46,52,11,55,,70.16,5,1820,8.75,Credit Card,Tier3
19,36365.06,4,7,9,49.1,35.42,73,6134,6.6,Cash,Tier2
18,24233.59,37,10,62,-1.68,18.49,16,837,8.84,Credit Card,Tier1
65,62252.49,42,5,55,38.68,99.92,62,4606,6.92,Debit Card,Tier1
29,65345.35,44,14,61,26.77,55.9,40,7733,6.3,Credit Card,Tier1
22,69810.5,97,5,55,59.92,47.18,102,4064,5.85,Credit Card,Tier1
54,55180.95,42,4,24,,80.1,22,8044,5.52,UPI,Tier1
49,60585.94,29,8,34,18.8,59.07,13,3441,2.53,Credit Card,Tier3
26,73085.23,19,15,64,36.94,15.61,104,9177,5.44,Cash,Tier1
58,87889.48,84,8,20,43.09,23.31,2,6731,7.99,UPI,Tier1
52,21988.93,32,11,48,46.93,82.69,62,9832,5.92,Debit Card,Tier3
36,56883.33,44,8,30,83.36,49.03,53,6253,4.85,Cash,Tier1
65,69703.79,55,4,6,,17.57,13,9454,9.46,Cash,Tier1
33,44804.53,80,7,62,48.7,95.58,60,293,1.18,UPI,Tier3
20,103085.73,5,5,41,27.66,79.73,85,2000,2.14,Cash,Tier2
37,,46,11,9,46.57,81.97,49,9433,9.06,UPI,Tier2
41,,76,9,66,38.95,,39,9720,2.07,Cash,Tier3
50,77232.49,45,10,32,7.47,32.54,86,4012,6.01,Cash,Tier3
41,51991.73,21,6,58,58.06,21.57,42,3667,9.28,UPI,Tier3
69,24375.39,78,13,79,43.19,18.96,89,7629,7.17,Credit Card,Tier2
28,55569.6,22,11,50,56.78,69.69,119,8704,4.97,Cash,Tier2
66,87647.69,30,3,26,,23.65,53,4443,1.73,Cash,Tier1
25,57588.31,23,14,17,36.08,54.49,3,8693,2.84,Credit Card,Tier2
53,46378.45,5,9,48,29.34,,115,5873,7.35,UPI,Tier3
55,85364.79,63,8,70,34.57,2.7,88,8670,7.23,Credit Card,Tier3
57,57722.95,93,10,23,40.26,12.43,18,1953,6.27,Credit Card,Tier1
37,53776.46,59,3,72,26.65,42.49,91,8096,5.7,Debit Card,Tier1
52,68288.03,94,8,70,47.45,93.25,37,2389,3.61,UPI,Tier3
65,81956.5,82,5,32,36.79,47.33,103,367,6.78,Cash,Tier2
42,117397.7,52,8,72,23.86,49.93,36,5007,9.53,Credit Card,Tier1
52,83199.19,65,10,45,42.98,4.93,48,8838,6.9,Debit Card,Tier1
42,90516.48,39,1,16,45.22,56.6,90,313,8.94,Debit Card,Tier2
46,,81,6,75,43.53,99.91,113,5764,7.44,Credit Card,Tier2
35,42430.9,3,10,35,89.39,65.13,31,9742,7.77,Credit Card,Tier3
63,66371.29,42,7,34,28.61,96.17,80,7289,2.17,Debit Card,Tier2
35,67357.74,71,8,48,43.54,92.62,74,4649,1.87,Cash,Tier3
19,41272.72,27,7,55,55.94,83.45,1,4129,3.85,Cash,Tier1
52,61143.52,28,11,40,49.79,21.49,57,209,4.39,Cash,Tier3
33,73784.99,54,9,21,,46.82,73,7766,6.74,Debit Card,Tier1
58,72928.65,95,4,63,32.25,58.97,59,2126,4.58,UPI,Tier3
53,76094.33,15,9,58,27.91,68.33,37,4138,3.86,Cash,Tier2
50,71401.22,53,5,54,59.23,56.0,14,2892,9.95,UPI,Tier3
21,53845.81,72,11,72,35.96,57.64,93,3975,6.33,UPI,Tier2
50,53694.19,70,6,62,49.34,24.19,2,2896,1.57,Credit Card,Tier2
31,38623.07,92,11,76,39.16,18.24,3,7198,1.18,Credit Card,Tier1
38,104265.05,4,10,61,81.01,20.64,50,4461,7.61,Cash,Tier2
65,65295.91,94,5,20,51.72,28.55,27,3419,5.16,Credit Card,Tier3
37,60053.23,17,3,40,,21.67,6,2675,9.05,Credit Card,Tier3
25,44566.57,34,7,5,39.37,34.57,37,7176,7.7,Credit Card,Tier2
24,129584.47,6,9,61,77.04,62.97,93,3049,8.14,Credit Card,Tier3
20,41386.78,36,9,51,32.25,,109,3030,2.94,UPI,Tier3
34,55565.35,99,8,66,,47.63,13,955,4.12,Debit Card,Tier1
50,74148.41,39,5,47,34.13,19.07,16,8845,7.12,Debit Card,Tier3
65,78204.69,80,12,68,45.42,63.53,53,4533,8.59,Debit Card,Tier3
29,86074.51,66,8,46,33.73,88.56,112,890,8.29,UPI,Tier2
68,104767.39,8,10,41,52.58,72.93,1,5401,4.03,Cash,Tier3
39,76135.47,15,8,27,87.16,9.12,88,4885,6.33,Debit Card,Tier1
39,41767.32,63,14,55,27.55,,43,7798,1.03,Credit Card,Tier2
63,59347.21,91,7,68,35.02,,28,8671,9.4,Credit Card,Tier3
47,71772.31,80,4,33,35.51,68.04,75,6077,3.51,UPI,Tier3
55,110500.97,65,4,72,45.93,27.84,23,5769,2.11,Cash,Tier1
55,34248.28,59,10,57,47.35,20.4,94,3615,7.98,Cash,Tier1
62,91456.68,10,4,61,41.88,39.16,47,4618,7.4,Credit Card,Tier1
68,68958.12,7,7,55,30.67,18.64,79,4625,4.32,Debit Card,Tier1
25,83432.27,74,9,39,49.06,50.69,23,7312,4.58,Credit Card,Tier2
44,62756.12,76,6,41,14.05,7.42,54,6215,7.32,Credit Card,Tier2
44,46466.48,81,9,24,42.9,79.01,56,7291,1.21,Cash,Tier2
51,,12,12,51,30.25,74.51,78,8330,9.57,Debit Card,Tier3
38,79397.48,79,8,66,44.44,18.99,17,6118,9.35,Credit Card,Tier1
47,86385.25,46,6,36,47.29,72.28,58,6994,4.59,Credit Card,Tier1
50,64707.3,32,10,28,59.2,39.87,110,7374,7.71,UPI,Tier1
45,51803.92,32,9,64,25.55,47.77,103,9908,6.1,Credit Card,Tier2
64,30706.69,90,11,27,47.3,37.64,63,9112,7.33,Cash,Tier1
50,83026.21,78,10,43,50.05,91.05,15,6379,9.17,UPI,Tier2
22,74325.57,90,9,73,45.48,65.88,74,7198,4.87,Credit Card,Tier3
65,43752.78,61,7,53,50.48,31.18,64,7661,4.88,UPI,Tier1
36,53151.38,69,7,19,34.82,76.91,96,2632,8.55,Cash,Tier3
21,218925.24,61,50,19,64.92,36.42,23,685,1.21,Debit Card,Tier2
52,32374.34,46,8,29,36.83,6.98,102,4637,3.3,UPI,Tier3
66,47010.99,68,5,63,58.85,33.93,43,3863,2.26,Cash,Tier2
34,40055.73,92,5,37,45.63,3.35,76,6979,9.08,Cash,Tier2
61,55925.46,55,7,17,42.77,12.11,9,842,6.08,Cash,Tier3
45,48748.66,1,7,69,32.95,4.66,44,4749,1.36,UPI,Tier1
47,29205.89,77,6,57,56.12,38.76,60,9458,4.75,Debit Card,Tier1
46,109496.99,67,11,18,39.94,97.82,27,3612,8.43,Cash,Tier1
63,92555.9,49,10,13,78.44,86.97,85,6176,1.84,UPI,Tier1
23,47861.57,25,7,69,14.35,83.5,62,3162,3.66,Cash,Tier1
52,,16,12,68,82.79,0.45,44,5803,9.05,Debit Card,Tier2
58,74184.23,85,7,57,39.51,27.95,117,8714,1.58,Debit Card,Tier3
54,91203.89,13,8,35,48.02,20.64,46,7205,9.97,Debit Card,Tier3
41,46990.69,52,9,34,53.87,79.94,89,4918,3.79,Debit Card,Tier2
46,89026.35,36,5,5,80.25,3.9,74,2866,1.34,Cash,Tier3
66,52946.08,72,10,47,34.47,74.6,14,523,2.42,Debit Card,Tier2
63,35611.03,44,9,14,61.1,59.81,13,6392,6.77,Credit Card,Tier1
48,80931.0,83,13,12,56.87,17.96,111,8874,2.2,UPI,Tier3
52,93396.69,47,6,44,50.93,64.63,21,9921,7.86,Credit Card,Tier1
50,121934.0,80,7,50,48.9,28.37,112,3584,4.55,Debit Card,Tier3
69,38606.04,76,6,60,54.25,15.16,44,5514,9.08,Cash,Tier1
38,80376.23,20,8,9,52.41,35.47,118,2925,1.71,Debit Card,Tier3
49,55984.37,18,12,41,42.88,92.37,3,7556,4.57,Debit Card,Tier1
40,82233.89,54,8,30,44.0,61.77,79,210,6.3,Credit Card,Tier2
50,32649.23,12,14,53,53.83,56.07,6,571,8.61,Credit Card,Tier1
20,37219.06,25,4,35,44.43,73.07,4,8853,5.82,Debit Card,Tier1
35,47930.75,60,5,13,43.63,41.95,79,353,7.76,Credit Card,Tier3
42,66737.21,75,8,13,,57.55,72,7721,6.65,Credit Card,Tier3
59,50896.21,86,8,45,77.68,25.26,16,8504,3.61,UPI,Tier3
48,79499.2,34,11,47,,47.81,64,5895,4.63,Credit Card,Tier3
20,87591.68,13,12,44,63.72,77.43,97,2154,8.59,Cash,Tier3
57,78190.71,38,11,68,39.34,72.55,75,7964,1.97,Credit Card,Tier2
63,100613.33,12,6,62,51.95,80.33,16,5637,9.71,Credit Card,Tier3
41,74148.19,36,8,7,54.68,58.71,19,8059,6.67,UPI,Tier2
67,38228.27,28,8,15,47.11,84.41,83,5873,4.79,UPI,Tier2
49,94994.28,91,10,14,42.16,11.44,48,1633,8.8,Cash,Tier3
64,51686.56,39,8,52,16.65,92.23,3,1536,6.15,Credit Card,Tier1
39,85029.21,77,6,70,46.37,12.63,13,5616,7.27,Cash,Tier3
40,99622.15,43,9,13,25.06,65.48,41,8265,1.91,Credit Card,Tier2
19,75047.14,91,7,17,38.97,62.5,7,8754,8.46,UPI,Tier3
44,32084.51,31,6,26,42.14,72.55,58,4835,9.23,Cash,Tier3
59,44799.33,2,8,66,58.31,28.53,5,8722,1.79,Debit Card,Tier3
19,94100.38,82,5,25,41.93,65.78,7,2861,3.03,UPI,Tier1
43,61279.3,90,8,72,51.89,5.26,42,2798,4.67,Debit Card,Tier3
34,66750.62,42,9,49,57.67,34.89,49,2395,5.59,Cash,Tier2
57,81694.14,31,10,68,42.34,68.19,79,1241,9.15,UPI,Tier1
50,80319.1,61,7,75,46.72,45.45,28,2770,9.99,Cash,Tier3
26,71133.6,56,9,67,37.36,99.68,15,1140,7.71,Credit Card,Tier3
60,60409.3,86,6,5,83.52,48.49,65,9557,7.67,Credit Card,Tier3
65,58121.29,83,6,74,33.48,67.34,19,4312,8.04,Credit Card,Tier3
56,83873.77,14,11,13,65.44,79.72,95,1006,2.49,Cash,Tier1
46,77178.53,14,9,50,34.2,87.65,100,5165,4.74,Debit Card,Tier3
59,59339.4,29,6,78,56.2,57.55,97,4219,7.9,Debit Card,Tier1
43,88806.47,81,7,15,59.47,75.54,45,8688,9.13,Cash,Tier1
52,62161.25,50,11,18,33.61,84.93,77,8005,9.35,UPI,Tier3
67,46263.43,50,6,34,50.16,15.12,77,4210,1.01,Debit Card,Tier3
42,48302.64,63,10,65,45.67,25.24,111,7238,9.31,Credit Card,Tier3
41,43467.7,73,11,16,50.42,2.29,9,2291,9.53,Debit Card,Tier1
30,59006.98,65,8,59,,63.63,102,4382,1.02,Credit Card,Tier1
24,92141.93,68,6,21,59.68,57.87,104,2578,1.11,UPI,Tier2
53,47287.91,71,11,46,48.6,83.27,72,5188,3.43,Debit Card,Tier1
62,69146.47,11,5,42,35.3,46.51,93,7489,1.52,Cash,Tier1
37,50552.83,14,7,12,48.64,59.16,113,7214,6.58,Credit Card,Tier2
18,59273.2,83,13,49,48.92,82.85,70,3474,5.01,Credit Card,Tier2
25,31779.09,3,11,53,63.76,3.94,85,1344,3.11,Credit Card,Tier3
63,60148.16,8,11,75,59.6,10.75,10,5091,8.12,Cash,Tier2
33,60738.48,93,7,16,13.51,30.38,104,5877,2.55,UPI,Tier3
31,76886.33,43,5,28,25.83,23.27,86,7804,7.9,Debit Card,Tier3
29,69912.18,9,5,49,30.12,17.38,37,7270,9.76,Cash,Tier1
68,38635.37,19,7,66,36.22,2.84,63,8322,6.23,Debit Card,Tier3
40,88852.36,12,6,31,38.08,98.39,51,6068,8.43,Debit Card,Tier2
32,69626.67,27,9,5,44.96,67.17,8,6018,1.89,Credit Card,Tier3
45,69364.66,58,9,68,,67.19,6,9727,3.74,UPI,Tier3
51,64797.99,25,4,15,46.43,72.7,112,7651,7.21,Debit Card,Tier2
19,53609.34,45,8,49,45.61,95.05,108,6428,7.3,Debit Card,Tier2
49,69791.65,48,6,16,28.09,47.4,92,9785,2.05,UPI,Tier1
40,75462.95,50,9,74,27.64,66.58,85,6559,9.25,Cash,Tier2
39,26568.29,81,6,5,58.21,88.4,55,4863,9.55,UPI,Tier2
68,53147.26,44,8,13,60.28,45.88,90,6847,1.29,Cash,Tier2
42,59391.17,59,7,25,44.49,56.94,63,7712,8.3,Debit Card,Tier1
39,70635.75,33,17,48,36.05,21.17,20,6503,2.24,Cash,Tier2
39,91252.84,78,5,5,42.57,55.53,32,9301,2.1,Debit Card,Tier1
66,48021.7,28,5,27,,64.74,113,8805,7.3,Debit Card,Tier2
69,54044.84,18,7,23,25.47,11.71,96,8419,1.73,Credit Card,Tier1
59,53724.25,55,14,38,13.44,53.76,59,889,5.03,Debit Card,Tier3
23,47366.39,33,10,78,54.85,19.41,3,9242,4.46,Credit Card,Tier3
32,57361.9,15,11,68,47.23,75.1,97,2682,7.11,UPI,Tier3
60,,61,12,12,45.07,89.27,37,3095,8.17,Debit Card,Tier1
54,41815.62,11,16,78,60.45,99.44,81,3871,2.9,Credit Card,Tier2
50,74411.92,36,6,47,64.59,3.42,76,2088,2.66,Credit Card,Tier3
25,27558.15,15,7,18,25.34,55.11,48,9663,9.16,Credit Card,Tier1
61,52650.56,53,5,12,48.44,57.54,80,5648,1.05,Credit Card,Tier2
61,57751.24,62,8,71,63.64,87.9,47,6723,6.05,Debit Card,Tier3
22,101846.91,48,11,6,73.07,56.93,118,1456,6.34,Debit Card,Tier2
56,58954.35,94,3,9,35.21,11.27,16,6657,8.37,Credit Card,Tier3
21,16572.64,15,9,78,61.26,67.98,45,568,2.96,UPI,Tier2
23,21024.44,63,7,37,54.96,37.78,11,7023,9.54,Credit Card,Tier2
62,65748.65,87,10,52,14.67,0.76,72,4002,1.62,Debit Card,Tier3
49,78502.96,43,11,19,61.59,90.99,116,6675,3.73,Credit Card,Tier2
69,73260.03,50,10,10,24.66,48.71,18,4692,3.21,UPI,Tier2
47,68686.54,60,11,16,55.89,76.78,58,6061,2.95,UPI,Tier2
64,90569.71,59,5,77,61.01,79.85,54,8982,2.5,UPI,Tier3
52,53128.99,15,8,74,17.51,54.25,63,126,2.67,Cash,Tier2
57,84688.03,29,11,65,53.86,56.2,11,9896,7.97,Cash,Tier1
69,29095.67,75,10,34,66.42,20.03,88,3438,9.69,Debit Card,Tier2
33,45091.15,82,7,38,51.61,62.21,115,2002,7.95,UPI,Tier1
30,25245.09,40,15,20,42.07,1.04,113,2867,3.25,Debit Card,Tier2
67,58953.4,31,4,51,27.31,5.24,92,9581,3.25,UPI,Tier1
59,63982.25,73,8,15,,78.37,31,9340,7.59,Cash,Tier1
47,67510.23,86,8,26,61.06,27.57,119,8681,3.97,Cash,Tier1
36,66361.43,11,7,6,45.59,,97,6220,8.19,Debit Card,Tier1
34,44593.83,81,8,5,18.66,82.72,34,1838,1.13,Debit Card,Tier2
36,60814.7,97,10,41,49.74,57.35,96,5879,4.38,Debit Card,Tier1
45,32056.17,62,4,35,25.38,69.78,119,4338,4.46,Credit Card,Tier3
43,94991.04,75,7,9,56.07,37.8,46,9319,3.96,Debit Card,Tier2
54,58320.23,8,12,70,44.51,98.93,57,1703,7.46,Cash,Tier2
43,54244.51,51,11,64,51.4,42.9,43,8631,7.07,Cash,Tier3
40,,57,8,55,59.87,83.65,51,2254,9.96,Cash,Tier1
26,37670.58,4,12,26,35.32,31.9,102,5205,6.52,Debit Card,Tier2
29,40237.08,36,5,60,33.63,77.16,84,4208,8.51,UPI,Tier3
18,40883.15,19,5,34,55.84,9.61,103,8403,3.15,Cash,Tier2
18,63506.83,24,8,66,71.37,99.6,28,6380,6.87,UPI,Tier3
64,74495.9,41,4,50,17.28,82.14,113,9599,5.35,Cash,Tier3
51,81272.86,49,10,39,35.84,,32,3026,8.69,Cash,Tier3
49,121583.9,82,12,37,52.25,29.02,37,7789,8.93,UPI,Tier3
65,15512.49,97,10,37,53.05,33.3,21,8118,3.29,Cash,Tier1
42,78392.18,46,13,77,49.32,39.53,39,5031,1.54,Debit Card,Tier1
57,52743.13,36,10,63,50.17,34.06,96,1139,5.85,Credit Card,Tier3
62,52098.87,10,6,30,15.35,16.57,79,3172,4.03,Credit Card,Tier2
18,,78,6,6,47.14,89.58,26,6165,7.4,Cash,Tier3
33,45007.07,7,8,48,55.68,32.1,7,2289,1.05,UPI,Tier2
56,102059.55,12,4,24,42.13,36.58,24,5557,7.2,Cash,Tier1
22,83530.54,86,13,9,21.19,35.12,44,5009,5.85,Debit Card,Tier1
39,65510.31,91,8,29,40.33,70.41,99,8982,3.91,Debit Card,Tier1
46,94722.35,48,5,22,18.76,13.07,63,9831,6.16,Cash,Tier2
20,31724.36,37,6,60,56.99,23.75,92,3748,9.41,Debit Card,Tier3
29,35724.49,75,8,7,,28.43,34,6558,8.97,Cash,Tier2
43,17084.71,36,6,54,40.44,66.0,95,5335,8.86,UPI,Tier3
33,49612.88,60,15,23,58.87,49.19,96,6766,3.13,Cash,Tier1
68,68557.37,77,11,34,52.62,6.28,56,5174,4.63,Cash,Tier3
54,67262.89,96,9,77,35.47,96.82,30,6954,1.65,Cash,Tier2
39,,8,12,68,56.47,10.65,20,8480,2.17,UPI,Tier1
46,33956.75,7,6,57,51.86,51.48,113,7167,3.13,Cash,Tier3
31,82669.4,43,12,6,51.58,19.14,82,1093,8.95,UPI,Tier3
45,70271.81,58,6,50,14.67,57.51,82,479,2.08,Credit Card,Tier2
22,81127.19,81,8,11,49.4,56.38,54,2702,4.16,Credit Card,Tier1
64,23359.23,86,7,74,43.22,59.98,23,6999,1.27,Debit Card,Tier1
66,71852.8,46,5,69,,96.63,25,964,3.36,Credit Card,Tier3
47,38869.16,34,15,50,50.83,56.95,19,2105,8.18,UPI,Tier3
63,56258.89,84,3,46,36.18,30.56,27,278,9.33,Credit Card,Tier3
69,76756.03,72,7,33,61.77,3.65,61,8999,4.72,Debit Card,Tier1
22,67004.06,22,5,73,5.27,43.16,13,2504,3.52,UPI,Tier1
29,46266.12,91,5,5,43.96,82.89,91,4646,6.17,Credit Card,Tier3
33,65138.01,98,7,79,42.43,,85,4652,1.25,Credit Card,Tier2
43,31306.22,21,4,35,38.53,88.45,89,1756,4.0,UPI,Tier3
43,90305.88,15,11,24,23.93,40.22,87,2038,8.07,Credit Card,Tier1
65,60483.75,5,6,77,43.76,49.34,86,2082,1.18,Debit Card,Tier3
38,89608.1,17,4,9,42.99,52.3,40,1632,3.48,Cash,Tier1
56,53416.3,72,9,46,36.66,67.16,22,2850,2.75,Debit Card,Tier1
53,53481.33,19,6,79,31.94,36.11,7,8059,4.17,Credit Card,Tier3
50,48187.89,5,3,59,53.7,64.99,109,4236,1.65,Debit Card,Tier2
47,84275.83,23,7,36,44.64,2.37,49,169,4.84,Credit Card,Tier1
54,49392.51,83,6,53,54.39,11.06,16,1179,5.23,UPI,Tier2
40,79181.1,14,3,43,44.84,91.01,53,3236,1.87,Debit Card,Tier2
27,,10,9,9,34.85,40.18,72,3523,8.39,Debit Card,Tier2
22,21528.81,31,10,9,43.03,5.02,15,5069,7.55,Cash,Tier3
53,52453.09,13,10,8,37.52,11.01,22,640,3.36,Cash,Tier3
51,39059.62,22,8,45,25.71,24.94,85,5030,2.3,Cash,Tier2
69,65745.86,37,9,56,52.27,3.71,95,4210,9.98,Cash,Tier2
48,38811.03,39,5,9,46.34,63.93,56,9394,1.24,Credit Card,Tier2
27,85371.45,10,3,10,62.71,49.32,35,628,5.67,UPI,Tier3
36,62996.33,31,12,42,40.19,87.54,25,2891,7.62,Credit Card,Tier3
49,61092.89,43,5,55,29.5,70.47,91,5395,9.44,Credit Card,Tier3
18,79429.63,99,12,12,36.19,19.8,10,318,5.7,Debit Card,Tier3
22,86205.95,77,8,77,60.17,18.3,94,7881,6.19,Credit Card,Tier3
62,64557.83,94,3,10,22.21,73.7,22,5538,9.02,Credit Card,Tier3
21,48033.59,98,6,49,26.19,42.13,44,4721,4.67,Cash,Tier3
33,25972.67,36,14,33,77.34,,92,5027,4.36,Cash,Tier3
41,49906.91,35,12,31,28.89,93.58,43,7238,9.02,UPI,Tier3
33,51421.33,68,9,73,56.57,3.36,36,9915,7.54,Credit Card,Tier1
19,67355.26,55,11,10,47.97,77.47,63,5250,7.0,Credit Card,Tier2
66,57406.77,68,9,30,34.18,20.38,106,8844,2.47,UPI,Tier3
45,80134.53,47,9,52,45.57,79.98,52,6108,4.84,Debit Card,Tier2
49,51514.37,6,14,75,27.86,54.91,89,7316,4.58,Cash,Tier1
44,,28,5,44,41.91,34.91,105,3306,9.23,Debit Card,Tier3
37,91047.72,30,5,8,43.95,51.99,37,9371,1.43,Cash,Tier2
41,72520.15,27,9,77,60.75,34.6,32,7629,9.86,UPI,Tier3
29,63679.17,69,9,66,43.42,3.46,30,7551,9.22,Cash,Tier2
67,51757.22,39,6,52,50.27,57.6,62,6065,6.73,UPI,Tier1
52,51068.91,35,12,55,53.88,61.74,50,5681,4.83,Credit Card,Tier1
50,46286.51,44,5,18,12.87,34.56,53,7437,7.93,Debit Card,Tier2
50,53097.85,15,9,53,40.66,3.01,42,9549,8.51,UPI,Tier1
68,81624.65,83,7,22,47.53,28.23,30,3572,2.56,Credit Card,Tier1
60,60118.46,94,13,18,57.29,91.51,98,465,8.88,Cash,Tier1
54,35304.99,32,10,6,45.24,9.61,9,6645,2.32,Debit Card,Tier2
29,103899.72,29,12,6,26.33,15.88,2,8292,4.65,Cash,Tier3
20,288156.92,63,75,76,66.97,87.24,81,8991,2.83,Cash,Tier3
18,34047.25,6,8,67,50.11,27.69,117,748,5.86,Debit Card,Tier1
50,221117.28,90,35,6,39.04,23.68,82,7505,9.38,Cash,Tier3
57,67439.5,27,6,5,47.2,28.24,6,6667,4.1,UPI,Tier2
27,102501.03,99,6,25,12.66,88.61,75,4455,8.36,UPI,Tier1
60,40621.53,28,5,26,26.04,16.85,80,5999,5.61,Debit Card,Tier2
61,86472.9,5,11,78,45.42,69.47,64,1602,8.33,Credit Card,Tier3
46,95788.7,41,13,63,44.98,86.82,84,573,9.1,Credit Card,Tier3
30,51169.61,56,7,23,40.76,98.65,107,7299,4.91,UPI,Tier1
29,58894.7,54,11,26,54.29,97.57,106,3336,4.56,Cash,Tier1
48,42201.2,80,9,73,43.05,89.21,85,4532,2.91,Debit Card,Tier1
63,60523.85,18,6,26,,34.72,90,4342,9.02,Debit Card,Tier1
19,64195.02,77,10,17,,71.6,8,9073,7.7,Cash,Tier3
68,79512.3,43,8,7,56.78,14.3,107,4391,5.15,Cash,Tier1
67,88984.04,89,5,61,46.28,68.85,39,7399,4.52,UPI,Tier3
52,48541.89,74,7,19,55.76,56.28,55,1895,1.92,Credit Card,Tier3
40,21718.85,29,8,25,,97.24,100,5851,2.8,Credit Card,Tier2
34,64532.61,10,9,41,68.19,22.71,57,205,3.55,Cash,Tier3
43,71457.83,6,11,21,74.75,22.76,9,9368,8.96,Cash,Tier3
25,70487.19,80,9,29,53.07,88.64,12,7992,7.01,Cash,Tier1
46,57813.19,89,8,79,28.71,59.15,50,8324,2.66,UPI,Tier1
43,67744.55,4,7,47,59.96,66.44,5,6757,4.17,Credit Card,Tier2
27,393359.16,34,35,54,34.33,34.71,93,2279,2.69,Debit Card,Tier1
43,73398.15,83,8,19,57.61,12.09,4,6280,3.62,Cash,Tier1
51,56785.89,33,8,71,44.76,54.21,12,2487,2.4,Debit Card,Tier2
68,53995.65,4,8,34,49.11,55.15,39,5606,8.38,UPI,Tier1
58,61263.25,44,6,61,31.94,82.75,19,4324,1.52,Cash,Tier1
24,101008.28,98,5,11,40.99,88.01,82,3894,5.02,Debit Card,Tier1
21,60967.38,76,3,55,26.67,48.63,59,7354,3.57,UPI,Tier2
67,64564.52,31,7,22,33.9,23.35,57,8729,4.64,Cash,Tier1
62,54389.1,80,5,77,47.55,68.75,62,6927,9.05,UPI,Tier1
28,89177.63,66,10,58,51.88,65.31,99,3457,5.12,Debit Card,Tier1
46,108116.42,58,5,52,34.31,55.6,59,5207,4.92,Credit Card,Tier1
53,74913.49,60,11,29,41.12,49.35,47,1474,4.78,Cash,Tier1
42,66821.0,2,9,70,69.35,18.84,78,5929,2.3,Debit Card,Tier2
38,65809.22,36,7,22,44.83,39.71,101,6190,6.03,Debit Card,Tier2
53,12545.25,70,3,35,47.26,79.18,98,2600,3.53,Credit Card,Tier3
27,81393.32,60,9,24,64.0,52.35,67,7227,6.51,Debit Card,Tier3
54,67951.66,23,12,62,44.77,41.22,116,4551,6.96,Credit Card,Tier1
26,74423.53,47,9,35,47.4,,47,9485,8.33,Debit Card,Tier3
41,49347.83,46,8,17,41.54,90.52,23,2894,7.34,UPI,Tier1
52,56541.95,80,11,78,38.12,63.93,13,2237,6.54,Credit Card,Tier3
66,55957.45,44,5,58,62.93,31.32,97,6003,7.93,Credit Card,Tier1
52,87475.71,19,5,24,67.27,18.12,9,8621,6.95,UPI,Tier2
65,56667.28,49,7,26,56.3,77.01,46,7919,4.09,Cash,Tier1
53,110818.53,88,8,64,40.12,69.81,115,4943,2.02,Debit Card,Tier2
35,74478.97,58,7,34,31.62,49.46,39,8448,7.78,Cash,Tier2
66,36934.98,91,8,7,,58.4,54,3604,2.95,UPI,Tier1
56,62171.98,7,9,7,3.23,32.43,83,9749,8.76,Debit Card,Tier1
49,50663.15,94,7,24,54.43,22.28,61,1711,7.29,UPI,Tier3
41,16723.59,41,8,29,78.04,12.36,83,7921,5.03,Debit Card,Tier2
40,100188.36,78,8,41,41.53,,83,8763,9.67,Cash,Tier1
49,80469.14,15,12,21,47.02,17.34,41,3659,7.76,Credit Card,Tier1
54,76730.56,76,8,52,52.3,47.98,74,7906,5.34,UPI,Tier2
29,68638.88,53,8,31,39.58,97.88,9,6097,3.7,Credit Card,Tier2
66,34595.61,93,8,29,59.23,45.94,47,2338,3.38,UPI,Tier1
30,54360.42,23,12,36,27.58,0.25,58,2841,3.35,Credit Card,Tier1
40,83519.18,77,8,72,,91.59,90,140,5.15,Cash,Tier3
42,41873.16,73,11,69,,40.08,110,1043,2.72,Credit Card,Tier1
52,10000.0,88,11,68,37.89,11.32,26,7007,7.43,Credit Card,Tier2
58,60003.67,94,3,29,38.06,44.3,111,3409,8.51,Cash,Tier1
47,61881.33,65,15,22,56.94,71.71,63,2083,1.72,UPI,Tier3
34,67982.4,60,9,45,29.2,33.2,38,5998,7.7,UPI,Tier2
66,81027.41,10,9,45,54.8,59.98,2,3368,5.56,UPI,Tier1
37,79027.33,58,6,6,31.54,13.31,4,4522,1.73,Cash,Tier3
65,70692.94,47,9,9,15.63,,106,3983,3.73,Credit Card,Tier3
42,91301.69,15,8,30,69.41,53.09,119,6704,8.96,Credit Card,Tier1
39,31582.66,9,8,34,,1.0,62,799,7.45,Debit Card,Tier1
30,76100.8,13,7,29,26.33,70.42,54,916,4.59,Debit Card,Tier3
36,78783.84,23,10,64,53.3,59.47,32,3597,7.41,Credit Card,Tier2
66,37729.63,33,9,57,32.87,3.38,6,7499,3.35,Debit Card,Tier3
53,,9,8,34,73.37,6.72,56,2546,2.66,Debit Card,Tier2
29,48589.27,3,10,55,43.82,19.4,47,2073,9.27,Credit Card,Tier1
58,50446.09,94,5,70,,14.57,74,7845,3.96,UPI,Tier1
36,81575.23,73,3,63,62.12,57.82,22,8756,2.91,Cash,Tier2
29,51480.15,25,8,52,43.39,40.42,87,4568,6.43,Credit Card,Tier3
26,46160.33,88,8,48,32.08,11.25,23,475,8.93,Cash,Tier3
24,51544.06,96,5,53,20.13,0.13,7,7243,7.83,Cash,Tier3
45,89609.91,71,9,35,80.61,44.36,17,8109,4.97,Debit Card,Tier2
31,261147.8,36,35,10,65.21,,58,4311,6.72,Debit Card,Tier2
48,61056.48,89,12,33,39.93,27.57,59,7718,2.82,Credit Card,Tier3
69,,20,9,8,34.26,18.96,16,1148,5.59,Debit Card,Tier2
36,93425.33,81,9,18,45.67,69.43,32,6765,8.55,UPI,Tier1
64,194072.88,54,25,20,,,39,4079,9.4,Debit Card,Tier3
33,93941.18,90,12,26,35.53,10.93,94,9975,7.59,UPI,Tier2
22,69630.92,19,6,17,48.29,16.27,113,1148,4.53,UPI,Tier2
52,61470.77,60,14,5,43.37,61.22,58,5363,3.4,Debit Card,Tier2
29,120019.81,37,7,57,38.72,35.87,45,6859,3.89,Cash,Tier3
42,41775.93,3,6,27,19.64,10.06,92,9263,7.75,Debit Card,Tier3
69,57218.91,92,9,69,37.91,60.06,30,2059,2.74,Debit Card,Tier2
38,37886.51,86,12,37,58.3,66.7,69,6574,4.62,Credit Card,Tier1
53,85954.16,19,5,48,24.7,66.65,28,2065,9.68,Cash,Tier2
40,102162.16,53,8,25,25.83,44.5,119,4946,9.26,Cash,Tier3
33,101738.3,46,8,28,,91.11,119,385,9.28,Debit Card,Tier3
56,91926.87,80,4,31,30.26,40.68,98,695,1.49,Cash,Tier2
62,60652.35,56,7,24,40.14,32.2,104,7076,9.41,UPI,Tier2
59,56964.7,70,10,56,48.93,39.65,33,8597,2.68,Credit Card,Tier3
56,28234.27,31,11,58,37.1,73.88,35,7407,7.78,Credit Card,Tier1
31,,53,7,13,40.62,59.46,19,7804,2.72,Cash,Tier3
48,75317.52,34,14,67,58.61,32.97,63,7974,4.5,Cash,Tier3
22,54176.95,31,6,33,41.62,51.5,60,8097,4.72,Cash,Tier2
52,94217.25,60,4,46,48.63,,32,4726,5.51,Debit Card,Tier1
40,43599.18,11,10,63,37.62,97.21,111,6585,9.03,UPI,Tier2
46,73945.68,6,3,38,37.55,52.22,24,3894,6.72,Debit Card,Tier1
60,61202.16,27,8,35,39.68,14.64,95,2274,2.76,Debit Card,Tier2
28,,7,4,55,47.54,44.62,13,8070,4.87,Credit Card,Tier2
35,63601.38,49,11,29,49.66,24.31,19,5470,2.3,Debit Card,Tier3
64,33079.59,96,12,27,56.51,41.95,97,8751,4.05,UPI,Tier2
29,66662.68,72,5,6,27.21,,89,2406,4.82,UPI,Tier2
26,88075.01,60,5,20,26.45,35.05,2,5068,3.81,Debit Card,Tier3
27,64357.24,33,5,15,31.05,87.23,17,4968,7.95,Debit Card,Tier3
61,82052.53,47,7,19,29.96,23.91,32,7966,1.13,Cash,Tier2
34,41998.35,44,11,32,54.97,65.29,108,8037,9.4,Debit Card,Tier2
55,64422.26,79,5,15,26.67,46.57,86,385,5.71,Cash,Tier3
24,51260.77,27,9,44,53.41,97.63,38,173,8.22,Cash,Tier1
63,81433.58,94,7,56,48.24,2.35,107,6017,2.69,Cash,Tier3
30,65692.81,22,7,27,15.08,40.51,46,1451,4.16,UPI,Tier1
57,80181.62,47,5,24,66.51,53.82,94,8104,9.71,UPI,Tier1
59,88929.63,93,10,32,26.6,30.31,73,9618,5.85,Debit Card,Tier2
26,80215.61,48,11,11,56.37,95.88,99,7724,4.23,Cash,Tier1
67,71008.61,30,7,32,49.21,89.27,51,372,9.99,Credit Card,Tier2
44,43039.33,2,13,17,58.76,27.61,46,2541,7.2,Credit Card,Tier2
19,64938.71,15,12,34,24.22,20.75,45,5117,8.28,UPI,Tier2
22,53272.01,47,8,72,43.98,3.97,47,1439,2.75,Credit Card,Tier1
46,57430.59,27,6,59,39.6,16.58,26,3739,1.12,UPI,Tier3
54,56760.25,71,10,37,66.85,81.44,51,8442,9.23,Cash,Tier1
55,43441.64,27,8,45,35.8,89.0,40,9585,3.73,Debit Card,Tier1
36,,85,12,48,55.76,23.01,43,8097,7.88,Debit Card,Tier2
25,,13,10,12,39.47,65.05,23,2086,4.87,UPI,Tier2
65,69254.35,55,8,52,38.28,46.25,38,8961,8.94,Cash,Tier3
62,35340.11,17,8,53,56.05,,13,1931,3.33,UPI,Tier2
18,65345.01,75,6,57,65.79,13.8,103,6201,5.77,UPI,Tier1
39,106805.91,59,6,7,48.24,24.86,17,9638,4.29,UPI,Tier1
69,87507.24,10,8,38,,98.29,9,9807,7.17,Cash,Tier1
34,101157.91,33,5,28,22.84,52.48,45,9181,5.83,Credit Card,Tier2
24,73604.81,78,5,20,65.19,60.06,74,6390,7.63,UPI,Tier1
42,90685.22,37,4,59,30.26,65.96,86,7649,4.93,Credit Card,Tier3
62,49072.78,8,5,12,66.44,48.07,51,7408,8.02,Credit Card,Tier2
21,50824.51,33,2,62,33.59,79.85,31,7462,5.57,Credit Card,Tier2
53,10000.0,7,6,69,44.84,81.4,12,8810,2.04,UPI,Tier3
23,91095.2,34,6,14,33.07,,19,4313,7.59,UPI,Tier3
48,98887.13,71,8,23,39.35,80.38,102,3798,4.87,Debit Card,Tier1
36,52830.1,7,5,76,34.21,12.38,14,353,8.05,Debit Card,Tier2
61,59413.06,41,2,29,44.27,87.9,64,3212,9.16,Debit Card,Tier2
56,48415.03,55,11,75,41.74,2.25,51,9973,9.15,Cash,Tier1
44,73418.38,7,9,73,11.75,72.84,38,4238,8.05,Cash,Tier1
27,89748.52,84,7,57,21.44,97.15,34,4794,2.06,Credit Card,Tier1
43,26659.02,18,9,65,49.7,16.97,43,4223,9.66,Credit Card,Tier1
36,,43,8,12,44.0,80.71,110,3606,5.72,Cash,Tier1
56,58913.22,78,6,20,23.47,30.92,75,3641,9.23,Cash,Tier2
20,67494.68,40,8,70,64.8,40.08,102,726,7.17,UPI,Tier1
62,75097.87,53,6,70,23.16,63.4,12,7319,2.9,Cash,Tier2
30,60859.55,14,10,28,52.91,82.41,86,3468,6.67,Cash,Tier1
67,62721.09,21,14,28,17.01,53.36,99,6958,4.32,Debit Card,Tier2
45,60294.75,57,9,65,45.65,76.84,102,6130,1.15,Cash,Tier3
37,86346.96,91,6,46,62.01,84.54,63,7240,8.61,Cash,Tier3
45,,46,4,78,75.58,91.68,61,959,9.83,UPI,Tier3
25,69852.84,26,12,47,57.24,55.97,84,1975,5.73,Cash,Tier1
58,37039.06,91,6,48,59.97,36.45,36,7080,3.86,Cash,Tier1
56,,24,10,78,31.41,70.5,94,764,2.92,Debit Card,Tier1
18,84770.72,5,9,28,35.95,91.25,100,214,3.29,Debit Card,Tier3
20,65829.32,42,10,51,52.15,23.29,52,7911,8.54,Credit Card,Tier1
30,79509.69,92,6,62,19.73,58.53,60,9519,2.4,UPI,Tier3
45,103863.26,43,6,47,,31.29,66,2728,9.37,Debit Card,Tier2
66,,32,14,15,39.65,62.32,45,4170,4.83,Credit Card,Tier1
42,67049.48,88,6,65,16.25,65.44,47,4589,6.91,UPI,Tier2
50,53758.24,6,9,11,65.32,,73,339,4.81,Credit Card,Tier2
55,10000.0,74,6,16,33.46,46.29,38,8135,9.97,Debit Card,Tier2
23,,67,3,43,67.0,45.79,97,2582,4.35,Cash,Tier3
61,57827.73,7,9,17,64.28,97.84,97,6536,4.39,Credit Card,Tier2
62,73588.06,29,10,54,34.24,75.31,40,6155,8.84,Cash,Tier1
49,61614.09,34,7,66,38.43,30.99,114,5929,2.04,Debit Card,Tier1
62,57951.53,7,4,31,56.11,52.54,61,6971,2.6,Credit Card,Tier3
64,25853.22,81,8,31,30.47,31.84,31,5853,9.78,Credit Card,Tier2
38,44320.71,77,7,13,58.26,57.52,25,1997,1.84,Cash,Tier3
33,75486.32,58,7,67,77.62,78.4,15,496,1.39,Credit Card,Tier2
38,102749.97,85,8,72,49.23,22.73,9,4217,7.82,Credit Card,Tier1
28,62854.44,31,2,12,18.23,27.82,112,3218,5.19,UPI,Tier3
54,72211.84,73,5,48,45.37,21.49,30,4431,5.77,UPI,Tier1
53,85954.52,45,6,26,41.86,14.93,70,5521,5.64,UPI,Tier3
52,47160.33,47,10,6,81.97,13.72,10,8331,8.92,Debit Card,Tier3
36,73069.91,77,8,74,37.07,59.35,91,8885,4.41,Cash,Tier2
37,48709.22,81,6,77,33.94,9.58,22,9273,8.23,Credit Card,Tier2
35,,72,9,48,53.31,62.12,48,7551,6.16,UPI,Tier2
64,68330.87,73,9,19,41.72,,96,6323,2.36,UPI,Tier1
58,71565.94,73,11,41,25.68,56.46,45,8585,7.49,Cash,Tier3
66,47782.83,40,3,42,34.04,14.82,4,1675,1.85,Cash,Tier1
31,80554.71,30,7,46,52.7,70.99,108,9865,3.25,Credit Card,Tier1
32,110863.68,62,5,25,67.9,96.71,10,999,6.0,Credit Card,Tier2
48,42825.94,71,9,24,14.43,62.18,106,5721,5.03,Credit Card,Tier2
18,57525.3,17,14,79,,45.36,54,5728,5.65,Debit Card,Tier2
20,70095.36,5,8,76,,28.28,101,2730,5.54,UPI,Tier2
33,82300.94,81,5,47,29.2,68.39,19,6122,5.97,Credit Card,Tier2
40,52689.98,1,8,60,37.8,72.78,31,2395,3.64,UPI,Tier3
28,10000.0,80,7,77,53.42,55.93,29,8453,4.69,Credit Card,Tier1
29,94902.17,81,3,38,37.95,26.91,90,7532,7.68,Credit Card,Tier1
27,81731.13,94,7,13,5.55,96.68,103,9397,8.81,Credit Card,Tier1
49,26655.15,31,10,32,43.78,15.75,118,9069,1.26,Debit Card,Tier3
33,51633.49,35,10,42,39.24,96.24,100,4545,4.55,Cash,Tier3
25,99500.01,72,13,8,73.3,4.02,12,4326,4.42,Debit Card,Tier3
55,96851.52,30,14,60,57.55,24.11,95,785,5.82,UPI,Tier2
29,85650.08,85,5,48,40.91,61.78,8,8329,1.01,Cash,Tier3
41,61125.53,15,9,55,49.14,57.55,78,5812,3.69,Cash,Tier2
45,66825.72,98,8,72,44.75,62.09,21,1974,6.57,UPI,Tier2
25,62119.63,56,8,59,65.63,71.97,103,1432,3.07,UPI,Tier3
45,89821.28,60,8,55,29.88,7.66,105,9947,1.5,Credit Card,Tier3
53,45731.47,27,7,76,72.49,,76,5109,3.1,Credit Card,Tier3
43,47272.41,2,5,69,43.38,72.8,111,7730,8.59,Debit Card,Tier1
25,87226.04,74,7,70,55.73,82.29,53,2663,3.44,Debit Card,Tier2
67,64024.05,64,7,14,40.77,67.58,49,6722,5.16,Credit Card,Tier2
45,95326.28,5,8,17,38.01,36.96,46,6504,2.05,Cash,Tier2
45,50226.73,91,10,75,26.89,75.46,103,800,7.58,Debit Card,Tier1
54,63794.88,68,8,19,,22.65,109,8189,4.85,Credit Card,Tier3
58,44706.91,13,7,53,43.92,11.74,33,7469,2.69,Debit Card,Tier3
53,65161.98,81,3,60,68.98,48.58,76,9950,9.71,Debit Card,Tier2
44,32471.97,85,5,60,,42.95,64,6532,8.55,Debit Card,Tier1
34,54272.06,23,7,77,41.51,64.34,80,426,4.35,UPI,Tier3
26,33402.41,97,6,48,24.91,61.38,64,911,2.1,Credit Card,Tier2
50,,50,12,23,43.45,6.48,85,8385,6.56,Credit Card,Tier3
37,80764.97,79,10,49,43.29,63.65,45,2531,8.03,Cash,Tier2
30,26934.22,78,7,78,63.15,29.49,51,6482,8.89,UPI,Tier1
45,94345.49,73,11,11,41.33,73.73,23,9023,4.79,Cash,Tier3
65,119943.13,37,6,64,39.09,47.63,79,860,2.9,Cash,Tier3
46,66012.14,30,10,46,5.95,60.61,80,1426,2.93,Cash,Tier3
30,50895.49,93,7,38,43.92,61.04,17,881,1.16,Credit Card,Tier2
63,127135.27,23,7,69,36.89,,30,9729,8.1,Debit Card,Tier2
52,35982.69,34,5,51,56.75,51.05,54,3459,5.56,Credit Card,Tier1
23,65442.34,64,9,7,16.6,50.89,84,1069,9.33,Debit Card,Tier2
35,68951.69,55,8,38,53.71,73.79,65,3200,2.54,UPI,Tier3
68,94593.25,71,11,50,53.0,39.92,13,7597,3.8,UPI,Tier3
22,,9,7,23,38.38,55.72,10,5977,8.72,UPI,Tier2
64,216120.2,4,40,61,44.81,53.64,37,6766,6.55,Cash,Tier1
42,44073.94,66,6,15,61.23,29.99,65,2708,4.2,UPI,Tier2
19,229919.68,91,55,31,45.16,98.38,14,9796,3.41,Debit Card,Tier2
27,42847.6,33,7,73,49.56,9.7,14,5325,6.26,Debit Card,Tier3
47,66052.16,32,11,45,41.43,35.91,60,2311,4.47,UPI,Tier2
67,52587.68,44,8,60,25.77,96.35,10,4637,3.38,UPI,Tier3
62,32131.17,37,6,19,48.71,63.43,38,6231,4.39,Cash,Tier1
22,92613.21,91,11,13,8.17,15.77,71,3556,7.36,Credit Card,Tier1
50,54051.2,92,4,10,45.67,8.34,91,7276,4.78,UPI,Tier1
18,37100.99,67,8,32,54.9,37.16,63,8932,5.27,UPI,Tier1
35,61298.3,60,4,39,69.48,15.02,119,2779,7.0,Credit Card,Tier3
49,66504.17,59,10,56,61.23,61.15,111,2311,5.36,Debit Card,Tier1
64,,36,6,67,78.24,70.55,2,4413,9.57,Credit Card,Tier1
66,72296.25,49,7,12,32.17,92.94,68,8480,1.63,UPI,Tier3
28,41962.53,51,9,33,55.92,14.17,104,8767,7.07,Debit Card,Tier1
38,102642.63,8,4,5,24.06,8.27,17,201,8.76,Debit Card,Tier1
43,76527.13,50,10,46,,62.57,84,9004,3.44,Cash,Tier1
42,,41,8,23,46.77,24.61,71,6297,4.72,UPI,Tier3
39,48606.31,38,5,9,41.75,34.28,54,7376,4.44,Cash,Tier3
44,62690.71,86,3,63,43.01,17.08,59,6528,9.2,Debit Card,Tier2
66,,78,13,61,43.83,35.82,51,5693,3.85,Cash,Tier2
30,64439.13,79,9,43,,28.22,70,9328,5.91,Cash,Tier1
50,60222.51,55,9,7,63.08,83.28,63,9747,2.47,Cash,Tier2
51,66284.15,68,7,76,26.14,14.75,72,4055,1.38,UPI,Tier1
58,51715.1,18,8,45,25.98,42.28,10,9154,6.97,Credit Card,Tier1
52,57449.47,65,8,75,34.11,36.11,89,7493,5.93,Cash,Tier1
18,19112.57,64,8,42,63.87,19.17,4,3485,1.77,Credit Card,Tier1
38,86421.98,12,5,30,35.69,31.73,80,1925,9.61,UPI,Tier1
65,71573.55,41,6,38,35.62,74.1,62,4534,4.87,UPI,Tier3
23,47983.97,42,8,25,49.92,80.74,8,4538,5.32,Cash,Tier1
45,106772.17,60,6,37,39.99,35.26,113,8143,5.26,UPI,Tier1
34,66914.36,50,10,24,40.91,38.32,50,8550,5.59,Cash,Tier1
22,42204.84,81,19,26,64.1,65.2,101,2956,5.34,Cash,Tier3
48,,83,14,7,46.79,54.68,88,5046,8.53,Cash,Tier1
22,73757.06,36,6,70,45.48,49.5,56,8385,5.23,UPI,Tier2
55,73680.76,48,10,63,20.65,79.34,82,3084,6.01,Cash,Tier1
20,55633.38,71,7,34,32.41,90.37,62,7371,3.77,UPI,Tier3
40,74910.91,73,11,55,36.12,34.17,68,4316,5.86,Debit Card,Tier2
54,59241.32,8,12,7,35.34,3.14,23,4491,6.46,Debit Card,Tier2
54,77230.71,25,7,71,57.13,,87,4483,7.65,Cash,Tier3
27,23091.22,7,9,23,77.98,31.15,69,3801,8.6,Credit Card,Tier1
27,55454.78,8,4,17,38.5,65.94,55,3657,6.8,Cash,Tier3
36,102887.41,88,4,76,62.35,79.64,113,4952,2.26,Credit Card,Tier1
34,48124.52,81,4,29,77.19,31.4,12,2037,1.86,Debit Card,Tier2
38,51715.56,76,11,26,25.81,8.06,1,9550,6.3,Debit Card,Tier2
31,55144.85,31,8,31,60.4,36.93,6,1106,3.32,Credit Card,Tier2
26,,12,13,71,67.3,48.67,24,5609,8.12,Cash,Tier3
63,65671.28,57,30,53,,27.53,61,5117,9.36,Cash,Tier3
18,59927.1,66,10,17,24.07,34.99,79,1068,4.84,Cash,Tier2
68,67988.91,12,9,47,28.91,55.27,109,537,6.53,Credit Card,Tier1
62,63844.89,27,6,69,4.64,73.66,13,8378,7.21,Debit Card,Tier2
30,61812.67,46,9,69,58.72,55.18,12,7596,7.97,Debit Card,Tier1
21,65946.9,7,8,54,40.5,40.65,60,8636,5.37,Cash,Tier3
18,87502.51,61,10,26,39.31,88.79,92,8923,1.49,Credit Card,Tier1
66,60810.18,58,11,61,31.07,72.6,78,1754,2.67,UPI,Tier3
57,52370.18,58,5,29,50.74,85.76,38,7453,1.45,UPI,Tier3
49,58815.24,13,6,46,53.03,,81,7577,5.64,UPI,Tier2
51,77745.63,53,10,26,33.83,34.43,112,4306,6.23,Cash,Tier2
45,96064.59,65,10,14,41.0,51.41,75,5556,1.21,Debit Card,Tier1
48,51180.84,49,9,24,21.25,74.78,100,3243,3.69,UPI,Tier3
25,67176.54,35,8,15,50.51,89.17,28,9864,9.3,UPI,Tier2
56,72443.86,94,2,38,42.03,,117,6689,1.46,Debit Card,Tier3
43,43163.28,95,12,61,45.57,65.95,43,2346,5.35,Cash,Tier3
51,65449.18,17,5,56,31.77,85.34,89,7713,7.04,Credit Card,Tier3
20,32755.18,72,5,31,35.55,41.9,76,6472,3.63,Credit Card,Tier2
67,26080.89,67,9,75,59.14,42.98,101,5027,9.09,Debit Card,Tier2
29,73068.42,10,11,58,58.11,92.81,113,6768,2.32,Credit Card,Tier2
18,56554.76,34,6,21,61.26,86.49,84,2993,7.24,UPI,Tier2
61,69450.17,86,2,53,,56.84,92,701,4.74,Debit Card,Tier1
22,64606.31,4,10,25,20.78,98.13,57,5675,3.28,UPI,Tier1
47,43519.2,96,8,20,68.68,96.71,80,5151,5.03,Debit Card,Tier1
47,64004.41,29,9,56,40.46,60.43,8,5807,5.92,UPI,Tier3
34,37871.77,46,3,29,66.24,32.24,73,9045,3.11,Debit Card,Tier3
65,95601.39,75,4,29,51.36,15.82,92,4140,9.25,UPI,Tier1
64,35168.65,46,7,34,46.84,43.52,67,9880,1.96,UPI,Tier1
40,60692.72,77,8,59,32.21,77.7,45,8029,6.04,Credit Card,Tier2
32,42070.03,59,7,46,39.21,35.81,102,5782,5.33,UPI,Tier2
54,77549.27,61,8,52,38.32,28.97,110,1732,8.77,Debit Card,Tier3
38,57708.51,68,15,42,41.58,68.37,41,1318,5.06,Debit Card,Tier1
31,53589.33,66,7,50,64.22,60.49,35,1733,6.36,UPI,Tier1
19,83770.43,34,10,20,29.37,64.36,103,1539,9.32,Cash,Tier2
28,65647.47,86,7,71,50.41,5.14,44,1051,1.44,Debit Card,Tier1
68,76366.18,5,7,72,64.76,44.7,80,9937,5.68,Credit Card,Tier1
56,43410.83,9,6,19,44.63,81.11,5,591,9.32,Credit Card,Tier1
55,34094.03,20,8,9,45.18,98.47,69,2382,1.88,Credit Card,Tier1
51,67358.58,21,11,51,38.07,,99,5116,8.96,UPI,Tier1
55,57985.38,17,7,24,26.62,72.29,106,7940,1.18,Cash,Tier2
67,78781.56,12,2,23,38.98,33.79,26,6303,8.4,UPI,Tier2
51,63242.01,92,6,51,57.16,39.95,73,1848,8.85,Debit Card,Tier1
35,69511.66,82,8,27,56.55,57.75,64,8566,1.09,Cash,Tier2
47,117142.32,67,50,59,55.66,,46,7993,3.02,Debit Card,Tier1
32,106545.61,5,5,59,46.59,11.91,94,3248,4.8,Credit Card,Tier1
44,61386.68,60,7,61,45.31,,36,3183,5.1,Credit Card,Tier2
68,,53,5,73,26.1,11.98,27,4774,6.65,Cash,Tier2
51,46605.98,52,10,68,55.42,2.22,65,1977,1.69,Credit Card,Tier1
69,71776.22,78,11,79,37.08,,62,2825,1.17,Debit Card,Tier1
55,,48,11,45,46.74,93.62,59,7537,2.74,Debit Card,Tier2
50,74945.49,90,6,51,52.25,8.96,48,5657,8.09,Credit Card,Tier3
41,57168.57,19,10,18,47.68,98.23,109,3672,3.87,Debit Card,Tier1
32,65642.19,17,7,19,63.54,46.72,90,8733,7.45,Credit Card,Tier3
47,80355.43,54,8,10,66.38,4.81,74,5153,4.6,Debit Card,Tier2
59,37884.11,68,7,65,72.45,88.56,4,9823,7.02,Cash,Tier1
68,49941.18,35,6,36,58.7,67.88,61,9939,1.09,Credit Card,Tier1
34,75061.13,88,11,49,50.11,95.03,48,3692,1.44,UPI,Tier3
22,111160.87,41,3,39,42.55,88.99,64,3236,7.57,Cash,Tier3
46,61962.19,13,9,10,,50.35,68,1566,9.42,UPI,Tier3
21,78004.99,33,8,10,58.72,23.94,4,254,2.18,Cash,Tier1
27,62646.63,15,14,41,59.13,45.4,102,3358,4.29,Debit Card,Tier1
34,107729.4,63,6,10,53.37,4.13,73,3855,8.14,UPI,Tier2
27,26561.12,15,8,21,43.19,55.46,34,4431,2.06,Credit Card,Tier1
34,67081.66,31,12,5,50.99,26.43,64,1459,3.74,Cash,Tier1
37,29238.03,28,2,39,47.91,82.21,69,575,3.19,Cash,Tier2
41,10000.0,10,9,60,30.53,4.91,31,2541,5.56,Cash,Tier2
22,71544.17,57,6,23,46.34,67.03,100,6759,2.34,UPI,Tier3
51,68068.95,71,7,39,18.11,75.32,97,6127,5.59,Cash,Tier2
23,58733.59,33,10,61,34.92,86.97,13,5972,6.95,UPI,Tier1
19,62663.73,7,10,30,52.91,48.31,75,409,5.4,UPI,Tier1
30,133162.59,5,11,57,25.67,34.35,37,9341,2.05,Credit Card,Tier2
60,59320.15,90,10,55,63.89,58.71,99,1654,1.28,Cash,Tier3
60,76222.74,80,8,41,61.35,23.96,40,6421,9.86,Cash,Tier1
65,50713.97,57,13,59,36.11,55.9,50,3010,7.34,UPI,Tier3
28,71495.12,72,7,62,39.3,87.8,49,6412,8.85,Credit Card,Tier2
68,59758.86,86,7,64,48.57,90.65,47,5976,1.03,UPI,Tier1
64,55968.59,98,5,69,,,18,3782,8.25,Cash,Tier2
40,105015.77,40,12,57,38.73,52.57,58,4304,9.41,UPI,Tier2
33,90898.07,28,6,64,66.42,8.07,119,4937,2.93,UPI,Tier1
48,68008.43,36,7,30,32.86,28.76,30,8613,3.57,UPI,Tier3
28,14307.34,56,9,44,27.86,67.47,103,6093,6.36,Credit Card,Tier3
33,57057.8,47,8,38,23.19,,77,4963,2.51,UPI,Tier1
25,124466.61,71,7,42,23.96,39.78,69,8676,1.27,Cash,Tier3
21,59925.44,40,7,45,53.17,52.75,106,1346,7.99,UPI,Tier3
57,89270.79,59,10,17,71.54,86.8,70,7431,8.35,Cash,Tier1
21,96722.73,43,6,11,41.73,17.34,112,8245,6.45,Debit Card,Tier3
42,69817.21,92,5,5,81.44,91.14,6,7190,5.12,Cash,Tier3
20,46479.92,66,2,6,40.53,50.29,45,5253,6.25,Credit Card,Tier3
49,11423.13,9,8,75,35.67,23.15,3,419,4.6,Debit Card,Tier3
20,80051.59,6,14,55,51.17,75.92,50,9764,3.33,Credit Card,Tier3
44,47075.37,65,4,50,39.4,3.61,93,9092,1.85,Debit Card,Tier2
46,68875.31,3,12,30,59.5,0.13,57,8916,3.52,Credit Card,Tier2
49,37503.95,74,8,43,36.54,38.56,85,9475,5.96,Cash,Tier2
67,59164.77,37,10,29,62.52,86.2,45,3808,1.23,Credit Card,Tier2
68,65741.82,87,12,14,51.06,,72,2056,8.66,Credit Card,Tier2
36,70909.06,33,6,78,,24.71,28,2646,5.55,Debit Card,Tier3
38,40473.91,9,8,78,47.87,70.21,49,9948,6.15,Cash,Tier2
22,91332.04,53,5,42,37.91,31.9,61,1040,3.26,UPI,Tier1
35,51868.31,77,3,39,38.62,70.66,76,883,9.93,Cash,Tier1
45,28161.67,92,8,56,63.52,42.43,42,8641,4.92,UPI,Tier1
59,62601.48,51,5,31,34.01,51.02,112,4405,2.84,Cash,Tier2
39,65756.26,71,5,76,34.29,44.15,38,3664,9.58,UPI,Tier1
38,68532.97,26,1,56,61.95,68.64,13,4657,1.1,Credit Card,Tier2
23,94966.91,16,7,77,31.89,49.96,31,9763,9.66,UPI,Tier3
18,59798.13,40,4,78,,79.91,64,7146,3.86,Cash,Tier2
22,62368.37,90,4,64,39.5,58.19,33,3324,7.69,Cash,Tier3
58,40729.94,51,10,25,49.04,82.34,96,1178,3.93,Credit Card,Tier2
29,83052.18,39,8,52,27.46,58.98,91,2919,6.47,UPI,Tier2
43,69054.8,55,3,70,57.98,52.04,18,728,6.1,Credit Card,Tier2
63,55759.39,96,9,60,47.98,34.88,79,3008,8.43,Credit Card,Tier3
51,23097.16,36,9,62,60.08,60.23,68,5488,6.37,Credit Card,Tier1
66,96777.07,65,11,23,40.68,60.71,49,9433,8.96,Debit Card,Tier1
31,,85,8,34,,12.09,109,1825,8.5,Cash,Tier1
43,51991.88,77,14,33,40.18,12.12,46,8862,4.84,Cash,Tier2
62,72883.58,90,6,8,60.03,13.59,52,5164,6.14,Credit Card,Tier3
44,38675.73,45,5,77,38.85,,114,7932,8.41,UPI,Tier3
26,32142.78,9,5,23,61.82,88.78,111,3873,9.08,Debit Card,Tier2
43,18273.15,37,4,6,31.98,,56,4876,1.8,Cash,Tier2
64,80861.93,87,8,22,49.95,35.34,43,603,8.28,Cash,Tier3
39,53005.9,1,10,70,36.62,28.07,42,5566,5.84,UPI,Tier3
64,129399.94,66,6,31,31.11,4.0,75,7328,6.52,Debit Card,Tier2
47,43124.19,63,11,56,53.07,23.86,19,3605,4.47,Credit Card,Tier3
60,44728.08,43,6,19,21.42,35.42,29,6464,1.65,Debit Card,Tier1
65,52561.35,28,4,56,44.62,93.26,15,8946,9.51,Credit Card,Tier1
34,70348.96,31,8,68,43.51,10.91,33,4167,9.43,UPI,Tier1
43,54655.53,69,9,51,32.52,6.91,61,6088,2.77,Credit Card,Tier1
53,78471.31,89,12,5,45.26,22.26,41,2376,4.48,Credit Card,Tier1
18,43471.06,8,8,9,9.71,80.38,96,6956,6.33,Cash,Tier3
25,34604.98,34,6,39,34.16,53.82,85,4573,6.06,UPI,Tier2
66,25439.28,49,7,61,57.5,59.43,55,8244,2.11,Debit Card,Tier2
52,16081.37,96,10,42,61.41,43.98,1,9549,1.1,UPI,Tier3
69,53602.48,58,5,24,16.2,73.29,53,247,9.82,Credit Card,Tier1
32,58378.43,75,7,52,42.19,61.73,78,5975,9.85,Debit Card,Tier3
64,51108.39,47,8,71,61.96,30.46,81,3550,5.97,Debit Card,Tier1
39,92354.93,25,11,49,25.9,79.8,90,6374,4.97,Debit Card,Tier2
31,92016.66,3,6,54,71.47,27.32,70,9040,9.63,UPI,Tier2
43,57634.33,45,10,79,41.68,96.57,112,5082,5.24,UPI,Tier3
45,,52,6,33,45.61,87.03,7,9692,5.25,Debit Card,Tier3
40,52532.49,96,8,76,64.56,52.88,53,5224,2.11,Cash,Tier1
31,51803.93,99,6,78,35.56,94.26,57,9455,4.29,Debit Card,Tier1
41,50543.03,96,8,62,44.88,8.91,16,9847,6.83,Cash,Tier1
19,49650.18,34,5,79,50.15,17.54,81,4328,7.57,Debit Card,Tier1
62,50623.82,69,7,46,49.33,79.71,114,7221,9.96,Credit Card,Tier2
43,56496.08,92,10,64,40.95,51.99,98,7510,8.11,Debit Card,Tier2
31,51018.1,92,7,68,34.2,69.86,113,2260,7.13,Credit Card,Tier2
68,69583.1,8,7,47,36.23,43.01,110,2687,2.64,UPI,Tier3
24,,27,9,45,42.52,40.41,41,6123,4.24,Debit Card,Tier3
20,44965.81,80,8,66,28.74,83.0,24,737,7.53,Credit Card,Tier2
64,92963.44,63,6,42,34.64,77.81,58,1456,5.28,Cash,Tier2
40,43438.63,82,3,74,51.6,25.74,37,995,7.86,Cash,Tier2
63,29408.39,25,10,54,,38.99,63,4288,6.96,UPI,Tier2
60,73377.12,58,7,40,38.21,69.07,10,3684,5.2,Credit Card,Tier2
64,47017.02,48,7,33,36.62,47.2,119,4909,4.02,Cash,Tier1
62,72068.41,1,13,12,43.06,23.34,27,6416,2.44,UPI,Tier3
35,12119.29,8,8,43,34.79,48.4,23,6797,4.97,UPI,Tier1
55,95634.03,21,6,76,42.31,34.11,2,7678,7.07,UPI,Tier3
52,79790.45,98,6,20,32.34,30.45,9,6474,1.65,Cash,Tier1
68,31989.52,88,6,44,39.5,3.26,37,5688,3.85,Debit Card,Tier3
32,32466.9,90,7,18,34.01,67.02,118,8099,2.21,Cash,Tier1
42,101789.85,78,13,23,51.57,,113,5183,3.63,Credit Card,Tier2
54,48777.64,29,6,75,62.82,25.84,68,8465,8.26,Credit Card,Tier2
45,,30,12,39,68.39,97.72,31,8894,4.56,UPI,Tier2
27,15146.85,3,6,52,21.44,98.36,96,9930,8.85,Credit Card,Tier2
56,57282.88,7,8,61,53.53,93.91,85,3425,7.59,Debit Card,Tier1
34,59990.17,11,9,74,43.52,12.98,85,4319,4.3,UPI,Tier2
56,80740.85,32,13,47,46.85,88.56,12,1219,2.46,Debit Card,Tier1
39,34220.27,59,9,57,65.7,33.0,56,7452,1.02,UPI,Tier1
43,31553.69,12,7,48,32.89,15.4,79,9832,4.82,Cash,Tier2
61,74921.18,79,6,72,52.93,58.2,15,8854,5.53,UPI,Tier3
42,87148.06,38,7,15,24.66,10.99,82,3284,5.03,Credit Card,Tier2
34,30434.65,24,7,28,51.23,37.96,20,4365,4.3,Debit Card,Tier3
30,88793.31,65,12,13,71.38,23.85,26,855,7.54,Debit Card,Tier3
37,65825.92,18,7,66,61.05,53.32,49,8556,1.85,Debit Card,Tier1
42,89019.72,46,14,74,35.12,57.9,108,4021,1.97,Credit Card,Tier2
21,63455.15,56,10,76,41.3,64.51,24,5529,5.92,UPI,Tier2
27,10000.0,63,8,77,39.65,44.89,115,1729,1.28,Debit Card,Tier1
20,61656.72,7,6,36,35.69,37.66,85,9318,4.58,Cash,Tier2
58,88323.16,66,11,46,,50.42,14,9471,2.77,UPI,Tier3
62,45337.59,40,9,60,28.68,39.85,116,5171,2.91,Credit Card,Tier3
35,56464.77,54,10,39,31.04,96.09,114,7807,5.36,Cash,Tier2
64,61125.06,31,15,25,50.16,93.62,66,5436,5.83,Cash,Tier2
53,10000.0,97,13,70,37.29,55.48,52,3530,4.72,Credit Card,Tier2
64,101769.65,52,9,21,50.4,42.23,85,7809,2.21,Credit Card,Tier1
39,,94,8,62,59.11,45.68,95,8911,5.23,Credit Card,Tier1
51,76126.18,31,8,14,63.62,98.89,3,7848,8.2,Cash,Tier1
64,63092.58,34,5,62,33.43,30.73,84,3031,7.1,UPI,Tier1
25,92667.62,7,11,56,61.9,45.72,22,7814,5.67,Cash,Tier1
57,73933.23,89,8,30,18.23,57.35,111,1456,2.28,Debit Card,Tier2
66,59831.67,16,8,41,33.21,8.44,11,9772,6.47,Credit Card,Tier1
61,45342.67,22,8,42,73.54,39.72,85,7749,5.54,Credit Card,Tier3
36,82552.72,53,4,18,49.6,25.43,63,6583,8.43,Cash,Tier1
59,23784.29,91,7,57,50.14,56.52,17,4251,2.37,UPI,Tier2
58,79209.59,17,4,32,58.93,27.78,8,469,4.5,Debit Card,Tier3
54,40821.02,4,9,23,56.34,46.43,34,3346,1.91,Cash,Tier2
23,92550.24,61,2,59,35.98,51.5,65,6773,5.72,Debit Card,Tier3
69,274194.36,99,40,52,52.92,29.99,14,9825,9.13,UPI,Tier2
43,79170.72,86,10,44,48.32,75.13,53,9155,9.5,UPI,Tier2
51,66803.75,52,9,51,23.37,10.14,4,5901,1.27,Credit Card,Tier1
62,26447.7,35,10,61,58.16,16.28,46,8992,4.32,Debit Card,Tier1
23,,44,4,59,,2.81,3,4916,3.93,Debit Card,Tier1
54,79792.57,15,7,39,18.7,10.22,41,4575,6.7,Debit Card,Tier2
50,68666.43,61,8,71,40.9,28.8,88,9611,7.38,Credit Card,Tier1
39,90981.78,44,7,72,38.37,11.35,45,4600,2.69,Debit Card,Tier1
38,73872.04,21,8,48,73.92,,53,7014,2.65,UPI,Tier2
23,43732.56,77,8,72,24.63,25.76,74,7610,3.56,UPI,Tier3
23,47486.59,47,4,73,39.35,52.63,26,4927,1.23,Cash,Tier3
65,67264.18,75,13,38,55.61,65.13,31,7885,6.16,Cash,Tier1
21,14091.03,49,8,26,,95.68,43,2780,7.28,Cash,Tier3
47,101815.72,53,3,28,34.78,95.48,42,8172,1.04,UPI,Tier1
28,74718.43,27,11,47,,71.59,40,4504,4.9,Debit Card,Tier1
47,91994.76,31,5,11,64.38,66.19,53,2888,5.11,Cash,Tier2
48,30226.71,44,6,15,72.76,47.96,115,8355,6.49,Debit Card,Tier1
41,92380.43,32,7,40,,67.97,105,6305,7.77,Cash,Tier1
26,114092.98,30,8,36,28.89,85.87,74,3704,8.8,Cash,Tier2
20,35940.68,18,8,8,18.24,94.15,77,8930,2.41,Debit Card,Tier1
68,81970.84,63,7,29,62.05,78.26,72,9756,4.56,Debit Card,Tier3
48,65024.42,16,11,42,60.67,80.21,92,2447,6.39,UPI,Tier3
57,31022.46,35,3,26,31.53,22.56,47,6345,5.4,UPI,Tier1
54,75843.45,62,10,50,58.07,87.58,111,325,6.98,UPI,Tier1
53,83339.27,9,6,5,61.81,75.64,28,2761,6.11,Credit Card,Tier3
41,51775.22,62,8,32,44.85,33.7,101,7372,3.95,Cash,Tier3
48,90650.16,39,9,25,62.41,14.59,14,4696,9.26,Debit Card,Tier2
23,28331.21,51,9,78,54.08,22.76,23,5870,8.4,Debit Card,Tier3
19,,10,8,42,38.15,11.98,21,4685,7.56,UPI,Tier1
37,68005.14,52,4,33,41.26,40.83,59,1976,4.49,Credit Card,Tier3
45,65558.48,12,6,24,23.55,99.21,44,2013,1.47,Cash,Tier1
28,49235.38,72,5,75,67.54,18.41,97,7754,9.77,UPI,Tier3
21,82811.08,62,5,37,36.96,50.06,51,6621,7.1,Credit Card,Tier1
32,76679.67,3,5,21,60.96,4.47,61,3758,3.58,Credit Card,Tier2
23,83879.06,83,7,77,56.13,87.99,93,1834,5.09,Cash,Tier2
66,,11,7,20,33.15,84.15,55,9901,3.23,Debit Card,Tier2
47,78256.77,8,9,11,46.37,1.72,63,4996,7.67,Debit Card,Tier1
55,55195.69,90,9,44,22.43,28.9,80,3013,6.8,Cash,Tier3
68,110184.01,23,4,65,53.75,49.31,10,1715,5.68,UPI,Tier3
19,47123.99,10,8,65,30.2,41.18,45,7282,4.38,Cash,Tier3
32,111316.54,18,12,73,42.47,65.22,82,2410,3.76,UPI,Tier2
28,65767.53,76,9,56,40.97,33.25,89,1710,8.32,Cash,Tier1
25,34738.76,39,7,16,23.95,8.71,20,7007,4.53,Debit Card,Tier1
43,95097.75,26,5,54,30.16,79.25,19,2629,5.29,UPI,Tier2
68,67769.83,11,12,18,65.27,75.49,4,5258,2.56,Cash,Tier2
62,83724.73,10,3,48,69.47,38.06,5,1786,8.79,Cash,Tier1
61,91924.83,3,9,31,26.85,11.14,102,8922,3.22,UPI,Tier1
22,72435.02,62,8,53,41.41,31.14,4,359,2.53,Debit Card,Tier1
23,,71,10,58,42.28,,119,9623,6.62,UPI,Tier2
43,86465.69,61,10,78,39.79,58.8,100,6008,2.21,Debit Card,Tier3
21,65016.62,4,12,74,55.86,27.45,64,1800,9.8,Cash,Tier2
36,80088.87,61,7,53,62.53,5.46,6,6843,6.04,Credit Card,Tier3
37,17617.93,8,2,28,37.12,86.71,11,8719,1.41,Debit Card,Tier3
50,74833.6,13,7,73,53.58,26.15,53,174,2.26,Debit Card,Tier1
37,50951.11,12,11,48,38.2,42.36,73,3735,9.4,Debit Card,Tier2
66,101372.81,35,9,55,63.11,38.36,66,2563,5.93,Credit Card,Tier3
29,78707.92,54,5,56,54.58,58.42,45,5273,4.19,UPI,Tier3
64,70276.87,51,10,77,33.7,41.65,9,5303,7.26,Cash,Tier2
18,75698.82,43,4,75,45.39,85.22,9,138,4.35,Debit Card,Tier3
43,43034.3,66,12,12,32.6,34.18,73,2911,2.29,Credit Card,Tier3
31,100711.65,15,6,48,61.31,71.06,27,6662,7.7,Credit Card,Tier3
55,108810.15,49,5,78,33.83,9.31,41,8873,4.28,Debit Card,Tier1
54,73644.1,34,11,29,48.83,18.14,113,5168,9.83,Credit Card,Tier2
28,99988.88,39,6,43,31.93,57.65,109,5822,3.41,Cash,Tier3
53,52478.74,26,6,37,51.97,10.06,24,6548,1.7,UPI,Tier3
30,47463.5,69,9,77,37.78,37.96,73,1001,6.23,UPI,Tier1
60,65900.34,48,10,47,29.09,90.32,118,5838,1.9,Credit Card,Tier2
20,74568.7,89,8,45,42.7,27.34,88,4094,8.16,Debit Card,Tier1
50,,51,9,59,52.55,37.05,103,9627,4.34,Cash,Tier1
23,76830.9,98,6,78,28.3,31.44,26,9518,9.76,UPI,Tier2
67,71740.57,4,12,12,30.74,40.7,45,6101,9.1,Cash,Tier2
27,43037.25,98,11,67,52.71,90.76,76,6843,5.64,UPI,Tier2
22,,27,6,59,48.59,11.99,48,6461,4.19,Debit Card,Tier1
40,83997.62,42,11,56,69.7,7.38,106,2982,9.91,Cash,Tier3
27,68772.32,56,12,75,17.83,6.44,65,4944,4.22,Credit Card,Tier1
61,90358.26,93,13,38,47.69,98.43,65,8274,2.04,Credit Card,Tier1
19,38217.12,69,3,30,65.45,77.41,45,4441,7.63,UPI,Tier3
30,75294.91,18,13,63,63.82,,25,5977,8.46,Debit Card,Tier1
57,39253.82,61,4,36,58.26,74.92,36,3448,3.92,Debit Card,Tier1
19,40490.21,4,5,35,40.54,12.62,23,5118,3.49,Cash,Tier3
37,51119.52,1,1,28,53.04,32.27,91,8695,4.86,Debit Card,Tier1
18,44274.68,50,8,26,42.07,38.51,40,9698,2.79,Credit Card,Tier2
54,52944.09,84,6,9,15.64,46.46,82,9429,9.04,Debit Card,Tier2
26,60288.69,70,3,52,35.05,6.64,72,9044,8.68,Cash,Tier2
34,83417.4,20,14,12,53.34,31.35,22,6382,7.35,Debit Card,Tier1
26,57934.5,20,9,55,56.46,31.83,82,4922,8.43,Credit Card,Tier2
28,30116.23,46,8,43,51.4,79.74,90,9919,3.26,UPI,Tier2
32,90081.49,27,8,37,29.83,31.69,47,9420,5.3,Cash,Tier2
41,46584.02,26,7,35,47.17,,93,9699,4.3,Debit Card,Tier2
55,63708.15,32,4,21,52.59,47.64,106,1240,8.42,Debit Card,Tier3
52,74823.8,10,8,18,23.15,55.15,86,8476,2.33,Cash,Tier1
47,69391.43,82,7,29,62.86,2.1,57,2019,2.7,Cash,Tier1
48,89071.95,12,6,78,55.6,77.65,15,6993,6.54,Credit Card,Tier2
66,75538.07,74,5,52,44.19,26.86,4,5967,4.47,Cash,Tier1
22,46051.19,88,10,21,40.65,50.82,32,1190,2.34,Credit Card,Tier2
61,112928.37,24,7,75,24.82,87.04,11,1445,1.98,UPI,Tier1
67,69275.34,51,6,53,53.36,0.87,7,3038,5.26,UPI,Tier1
31,61758.52,38,5,6,35.35,40.3,119,6091,7.65,Debit Card,Tier2
28,86206.36,46,6,31,39.69,87.04,6,1715,1.48,Credit Card,Tier2
26,70487.92,89,11,28,44.0,76.59,9,661,7.67,Cash,Tier2
51,73783.02,8,11,7,-2.75,51.9,16,5959,6.53,Debit Card,Tier2
29,119828.05,55,7,8,53.21,11.03,19,5911,3.97,Debit Card,Tier3
52,58947.33,78,7,33,74.65,27.89,70,1689,1.27,Debit Card,Tier1
52,58009.26,31,9,72,53.86,44.85,40,2607,9.73,Debit Card,Tier1
18,67564.73,88,9,23,39.6,23.63,7,3861,4.39,UPI,Tier1
57,88573.35,16,7,42,64.09,2.19,104,4392,9.4,Credit Card,Tier3
39,31856.25,20,5,60,,99.11,103,1117,5.72,Credit Card,Tier1
46,,38,10,37,35.92,47.02,53,7103,6.12,Cash,Tier1
25,52083.46,15,5,66,49.96,38.21,99,7485,3.97,UPI,Tier1
28,29053.69,78,6,64,8.46,64.08,56,7928,4.65,Debit Card,Tier1
58,55653.71,76,7,77,59.35,61.89,70,1209,6.94,Cash,Tier2
54,76054.99,34,4,66,41.05,6.06,31,7951,5.21,Cash,Tier3
31,45403.53,72,11,14,59.08,,36,1185,4.56,Credit Card,Tier3
47,33609.82,19,3,65,49.68,30.16,61,5994,1.26,Cash,Tier1
52,66525.42,69,7,46,53.14,55.12,104,5786,4.32,Credit Card,Tier1
38,83975.96,91,6,75,,95.62,58,3871,2.72,Debit Card,Tier1
54,27710.58,63,10,69,49.78,65.26,69,728,9.38,Cash,Tier2
22,83045.11,77,12,72,51.98,92.62,12,9473,3.31,Cash,Tier3
36,82980.74,32,14,22,31.55,98.2,107,6998,1.55,Credit Card,Tier3
31,85989.87,95,6,76,,6.82,71,8481,2.5,Credit Card,Tier3
43,91806.56,37,5,44,35.55,52.54,85,3266,2.15,Debit Card,Tier2
21,113444.31,66,3,76,51.26,33.51,82,1339,2.61,UPI,Tier1
42,57165.97,7,10,31,35.05,31.1,108,3443,3.18,Debit Card,Tier1
62,67410.57,48,10,54,48.76,27.06,14,469,9.58,Cash,Tier2
59,,11,8,7,40.04,25.64,4,9141,7.89,Cash,Tier2
42,65043.49,75,4,8,,52.3,40,3271,3.03,Debit Card,Tier1
35,98723.21,87,6,52,27.26,98.8,89,598,7.1,Debit Card,Tier2
57,35409.68,31,5,7,51.01,48.68,89,183,6.81,Credit Card,Tier3
25,46056.91,44,13,78,54.2,66.16,55,8428,3.94,Credit Card,Tier1
56,95297.98,45,7,78,50.92,52.98,33,3736,4.33,Debit Card,Tier2
57,87440.8,72,2,77,58.72,89.35,15,6666,9.12,UPI,Tier2
31,57011.1,56,10,45,21.82,21.55,31,1994,5.33,UPI,Tier2
49,83796.84,32,3,45,27.09,10.28,119,7739,9.49,UPI,Tier3
68,72506.75,21,3,36,42.18,44.1,110,9374,2.64,UPI,Tier2
55,98006.04,31,8,12,28.04,58.12,106,8774,1.33,Credit Card,Tier2
50,66639.21,1,15,38,48.2,15.54,102,9776,5.43,Credit Card,Tier2
40,87563.91,77,9,42,49.77,62.75,17,3180,6.31,Debit Card,Tier1
32,123124.26,11,10,22,28.05,25.66,84,3357,5.68,Cash,Tier3
50,,93,9,5,,9.06,47,581,6.86,Debit Card,Tier3
42,66085.22,68,9,61,56.16,91.62,69,5677,4.18,Debit Card,Tier3
34,80893.83,36,9,20,42.57,4.26,93,4877,2.21,UPI,Tier1
50,56963.82,79,12,6,42.8,4.96,38,6881,3.52,Debit Card,Tier2
64,,59,7,62,48.97,98.48,68,5050,1.65,Credit Card,Tier1
19,68961.56,67,9,29,70.22,35.02,102,1389,1.63,Debit Card,Tier2
31,58995.47,56,10,19,55.49,56.79,100,7008,4.38,UPI,Tier2
57,46614.84,51,7,16,43.82,19.09,67,7480,9.07,Cash,Tier3
57,89138.84,29,6,20,44.19,43.19,42,9058,5.45,UPI,Tier3
68,84078.12,85,7,71,49.11,7.41,7,149,2.53,Debit Card,Tier1
56,54058.2,2,8,60,43.45,2.65,63,9539,4.25,Debit Card,Tier2
68,77681.93,6,9,64,50.31,99.95,54,2192,9.8,Debit Card,Tier3
23,31811.77,31,9,9,57.33,20.47,34,2224,1.28,Credit Card,Tier1
23,69069.35,54,6,21,93.38,38.66,66,3518,6.41,Credit Card,Tier3
20,74960.64,88,11,62,36.47,59.3,23,8344,6.49,UPI,Tier3
24,102561.26,40,4,9,45.17,51.77,56,6965,8.93,UPI,Tier2
68,48041.99,17,4,21,70.74,36.11,82,5301,4.75,Debit Card,Tier1
25,36876.24,5,7,40,14.33,2.03,31,5230,4.79,UPI,Tier3
59,45300.58,2,7,70,49.45,50.26,12,1536,9.72,Cash,Tier3
69,35595.49,58,4,53,33.47,94.48,47,8722,1.22,UPI,Tier1
32,94406.46,12,6,23,,73.98,13,2575,6.47,Cash,Tier2
64,99070.06,5,13,35,49.81,71.69,107,9941,7.32,Credit Card,Tier3
46,72044.76,60,11,39,51.91,94.65,6,1637,1.82,UPI,Tier2
50,91868.49,41,10,41,84.82,19.22,6,9759,7.42,Debit Card,Tier2
69,67947.08,20,7,18,35.14,97.3,94,3994,6.94,Credit Card,Tier3
47,,72,3,68,44.94,98.26,96,2127,1.15,Cash,Tier3
56,57673.17,1,7,5,55.38,49.36,28,1449,8.65,Debit Card,Tier2
44,58171.4,56,10,28,35.39,77.7,52,1166,6.73,Cash,Tier2
53,30948.37,70,11,41,53.39,2.26,91,9078,9.34,UPI,Tier1
46,70813.6,56,12,28,34.29,96.97,40,8509,6.64,Cash,Tier3
55,64112.65,54,12,61,39.07,45.19,97,7697,4.82,UPI,Tier1
50,81397.94,11,7,48,54.81,99.01,42,1267,6.55,Credit Card,Tier2
54,67057.52,3,7,60,42.38,43.13,81,5846,8.77,UPI,Tier3
44,61420.52,95,12,5,46.27,65.85,77,4735,4.79,Credit Card,Tier2
50,45833.75,28,11,9,,11.79,80,1727,4.81,Debit Card,Tier2
21,66587.37,5,8,49,51.61,15.47,26,7739,1.93,UPI,Tier3
39,81241.22,90,8,7,48.47,44.77,91,7712,6.07,Cash,Tier2
19,39846.54,16,8,63,55.37,38.12,57,3626,4.99,Debit Card,Tier1
27,66924.42,31,5,60,48.21,12.27,28,1369,4.4,Credit Card,Tier3
22,70126.94,28,4,32,1.64,3.82,89,5374,1.35,Cash,Tier2
27,49202.57,7,8,70,23.6,76.14,46,3069,6.44,Cash,Tier3
50,52067.16,9,5,33,50.05,17.56,49,1309,1.5,UPI,Tier2
55,70073.44,39,8,16,50.59,87.14,87,723,1.8,Cash,Tier3
30,40064.74,99,4,13,69.81,41.32,51,7328,1.47,Credit Card,Tier2
48,72698.32,43,9,42,40.3,,22,8045,3.56,UPI,Tier1
64,45302.2,27,6,78,13.86,29.91,110,1604,5.65,UPI,Tier2
53,88382.78,76,7,54,46.66,25.04,79,2045,6.36,UPI,Tier2
62,116432.21,89,4,18,71.4,35.52,36,5034,4.11,Credit Card,Tier3
41,46063.35,93,10,21,34.8,80.87,71,683,7.26,Debit Card,Tier2
69,76752.57,95,11,49,34.21,68.21,61,5384,8.03,Cash,Tier2
32,49011.68,98,10,66,37.41,92.6,86,2640,6.43,UPI,Tier3
46,87900.99,33,11,13,51.71,49.38,94,7527,4.07,Debit Card,Tier1
25,37164.32,91,4,11,40.6,80.63,10,6828,1.41,Debit Card,Tier2
22,75572.91,56,7,74,21.51,19.95,25,4892,9.43,Debit Card,Tier2
46,45794.24,2,9,9,,6.56,45,7417,9.81,Credit Card,Tier1
64,60446.34,14,6,33,61.17,25.7,19,8080,1.88,Credit Card,Tier1
21,42317.44,13,8,8,,83.49,99,4590,4.76,Cash,Tier2
29,83091.71,24,9,16,26.49,96.72,1,7139,2.98,Debit Card,Tier2
62,46586.43,69,11,14,39.26,70.73,32,6855,5.91,Credit Card,Tier1
19,77143.21,34,9,54,57.74,41.14,113,3829,5.38,Credit Card,Tier1
44,,87,2,8,31.94,81.73,31,7023,2.93,Credit Card,Tier3
48,62481.61,19,12,5,33.51,64.35,33,5188,9.18,Debit Card,Tier3
68,68250.63,30,6,52,29.47,9.07,108,9525,9.04,Credit Card,Tier2
68,48239.86,49,12,42,47.91,93.38,49,1717,7.26,UPI,Tier3
53,69628.08,43,6,77,56.1,13.99,15,6539,7.48,UPI,Tier2
53,98667.36,16,9,25,47.92,45.64,104,2096,4.14,Credit Card,Tier2
43,47881.91,52,11,29,41.09,98.72,107,7489,4.49,UPI,Tier1
60,90779.82,98,12,17,43.22,30.71,103,5838,5.39,Cash,Tier1
44,97958.15,49,5,60,21.81,14.08,12,665,6.76,Credit Card,Tier2
22,47044.59,11,13,28,64.08,69.81,20,5017,4.91,Debit Card,Tier1
37,32988.8,78,10,40,54.91,35.12,117,3898,3.45,UPI,Tier3
28,71643.14,47,4,54,40.21,55.52,65,7702,8.82,Cash,Tier1
27,52957.03,79,5,40,32.16,87.98,7,7925,3.51,Credit Card,Tier1
57,106109.27,35,4,15,33.81,16.54,73,1344,6.62,UPI,Tier1
55,65765.77,71,14,33,40.46,50.51,119,6583,7.4,Cash,Tier2
23,47351.61,29,4,14,63.46,11.84,86,9697,6.61,Debit Card,Tier1
25,39762.49,54,5,42,24.76,53.87,62,8788,7.77,UPI,Tier2
40,88977.91,86,6,40,35.5,84.93,47,8297,2.81,Credit Card,Tier2
64,52433.95,23,10,24,31.78,68.66,46,2454,4.53,Credit Card,Tier2
43,65964.23,24,7,38,51.15,19.07,47,5165,6.02,Debit Card,Tier1
63,86027.66,99,8,64,42.58,66.67,34,7469,8.84,Credit Card,Tier3
60,54346.32,10,10,40,38.48,46.23,111,4322,9.71,Cash,Tier2
29,63989.57,61,8,48,50.0,36.58,95,5290,8.74,Credit Card,Tier3
43,64635.49,8,14,63,22.32,19.06,9,6549,2.12,UPI,Tier3
30,80033.14,48,5,51,37.44,29.29,68,4626,1.26,Cash,Tier3
57,77996.38,76,9,24,43.19,3.71,79,6089,3.54,UPI,Tier2
35,60157.5,93,11,42,13.88,89.4,13,2877,4.67,Debit Card,Tier1
42,66400.28,29,11,15,56.79,31.23,76,2916,2.12,Cash,Tier2
50,56820.86,87,5,72,50.29,89.93,98,4987,7.12,Credit Card,Tier3
64,32492.53,26,7,71,41.99,94.33,60,1560,9.11,UPI,Tier3
57,70667.22,37,6,44,34.51,70.09,41,4376,4.59,Debit Card,Tier1
60,106628.22,96,5,38,71.84,59.07,73,9251,9.9,Cash,Tier1
29,45558.18,52,10,28,59.71,86.72,95,5030,3.63,Cash,Tier2
61,47993.35,38,3,61,23.48,7.79,118,6457,4.64,UPI,Tier2
53,45843.99,6,5,70,29.43,61.67,40,5645,1.5,Credit Card,Tier1
65,80941.02,8,11,34,12.97,92.43,21,8336,7.4,Cash,Tier1
21,,17,9,57,37.53,89.59,100,1387,1.12,Cash,Tier1
22,61512.17,76,9,43,30.48,77.03,74,8758,4.87,Debit Card,Tier3
54,,62,12,43,50.68,24.33,65,3602,3.04,Debit Card,Tier3
25,67032.29,86,8,77,57.21,67.0,84,7386,6.67,UPI,Tier2
59,30578.31,78,6,57,30.08,89.59,19,4762,2.93,Debit Card,Tier1
66,68155.38,34,10,77,46.65,35.79,13,6033,6.03,Cash,Tier3
45,84173.54,19,5,60,35.89,64.28,81,5850,1.75,Cash,Tier3
48,,70,6,28,65.07,41.31,93,9582,1.7,UPI,Tier2
26,31284.6,82,7,52,39.14,90.33,5,7688,8.97,Debit Card,Tier1
68,99747.63,37,9,57,55.05,23.68,52,4509,8.06,Credit Card,Tier1
46,51541.29,38,5,41,43.61,28.11,15,826,9.71,Credit Card,Tier3
31,89990.85,15,8,48,,68.09,80,9657,3.05,Cash,Tier3
57,61612.05,40,7,41,37.25,1.65,28,8310,3.63,Debit Card,Tier1
58,61436.99,9,14,56,41.98,27.96,98,8231,9.98,Debit Card,Tier3
39,74645.08,53,5,15,38.06,28.85,14,5780,7.12,Debit Card,Tier3
28,45552.03,70,7,58,46.72,70.03,74,9918,3.72,UPI,Tier1
40,,66,12,59,56.99,,22,8126,3.32,Credit Card,Tier1
18,56607.23,80,9,79,48.17,6.11,83,5994,8.57,Cash,Tier2
63,35949.14,52,8,47,44.92,,5,7713,4.6,Credit Card,Tier2
54,72424.61,1,7,79,,99.13,7,9445,1.37,Debit Card,Tier2
38,59207.23,30,8,52,34.4,,12,8343,4.26,Cash,Tier2
43,61545.45,97,7,52,35.95,81.6,70,5855,2.6,Debit Card,Tier2
63,38376.46,1,6,54,57.53,61.96,87,6520,1.84,Credit Card,Tier2
53,100010.81,39,7,29,46.07,12.68,118,4682,8.98,UPI,Tier3
40,84287.71,16,8,64,,89.91,115,8639,7.25,Credit Card,Tier1
18,86211.43,17,5,23,41.62,35.98,71,9671,7.04,Debit Card,Tier3
68,58280.22,82,10,75,42.57,17.03,27,8252,6.41,Credit Card,Tier2
57,26957.98,22,5,20,31.85,13.78,10,5317,7.47,Debit Card,Tier1
32,107964.18,86,7,31,41.72,84.73,80,3897,9.53,Credit Card,Tier3
38,63655.85,99,11,37,43.57,63.47,113,1996,1.61,Debit Card,Tier2
64,48526.4,31,4,17,31.3,10.75,42,1300,1.32,Credit Card,Tier1
26,74169.63,40,11,22,46.46,84.84,115,1393,6.05,Debit Card,Tier2
26,90676.66,27,10,9,28.99,25.54,111,5671,4.66,UPI,Tier3
27,64492.89,36,13,55,29.75,59.83,108,6726,1.74,UPI,Tier3
69,93128.65,4,6,75,56.87,96.04,17,3807,9.6,Debit Card,Tier2
43,88826.0,69,5,54,33.13,79.02,65,6759,7.89,UPI,Tier1
58,41319.61,25,9,38,55.68,67.28,61,4987,5.38,Credit Card,Tier1
52,50176.62,95,6,18,39.74,76.98,62,6875,9.6,Cash,Tier1
69,,78,10,36,54.67,53.87,83,9163,7.93,Debit Card,Tier3
42,10000.0,30,12,24,25.75,40.73,90,9079,1.69,UPI,Tier3
43,61711.97,47,9,36,55.18,1.74,53,8157,6.98,Cash,Tier1
28,33521.71,12,12,44,31.62,0.01,40,1689,5.25,Cash,Tier3
55,54515.82,27,4,44,21.58,92.65,4,9477,6.33,Cash,Tier2
19,58425.96,45,9,25,32.99,10.21,76,9850,3.17,Debit Card,Tier3
24,57118.62,88,5,39,43.31,59.78,59,6834,5.2,Debit Card,Tier3
35,52850.25,63,15,16,27.81,56.72,33,9899,3.96,Cash,Tier3
44,40862.84,55,4,40,47.08,60.06,85,9127,4.99,Cash,Tier1
51,115422.05,30,7,17,36.94,50.53,104,2952,1.94,Credit Card,Tier1
44,106084.16,82,11,53,41.32,94.64,92,8577,2.16,UPI,Tier2
34,39434.55,14,5,55,39.76,34.98,54,5937,5.13,UPI,Tier3
60,,56,7,30,28.18,30.75,58,1276,3.18,Debit Card,Tier2
61,56211.76,19,8,16,73.72,36.38,94,8208,3.45,Debit Card,Tier3
68,67842.12,86,13,51,57.83,20.62,103,1781,6.82,Debit Card,Tier3
41,63607.97,26,8,47,28.26,72.28,3,6047,1.12,Credit Card,Tier1
42,50485.53,71,11,64,50.71,34.64,42,8829,5.13,UPI,Tier2
24,86644.75,92,7,38,65.84,6.2,65,3606,6.16,Cash,Tier3
69,67769.5,38,3,35,,11.68,66,8088,4.12,Cash,Tier1
23,54515.87,69,3,27,76.37,76.95,101,9030,5.78,Debit Card,Tier3
41,36299.03,36,6,32,32.92,9.65,118,5090,8.46,Credit Card,Tier3
50,45340.91,18,4,46,27.88,21.24,51,3051,4.98,Debit Card,Tier2
66,28889.64,57,6,67,62.44,37.54,53,9565,5.37,UPI,Tier1
46,65268.92,78,6,64,40.66,79.37,95,2745,8.73,Cash,Tier2
60,38673.36,23,8,58,19.68,7.58,75,191,5.12,UPI,Tier1
39,59157.67,14,7,31,57.85,19.48,76,7151,9.49,UPI,Tier3
43,95142.24,96,5,52,43.4,19.9,56,9422,9.11,UPI,Tier3
45,91384.59,69,6,72,42.18,46.52,119,7571,1.33,UPI,Tier3
67,,22,5,47,49.94,40.28,2,5737,2.64,Debit Card,Tier3
38,63084.14,28,7,6,,80.55,84,4716,5.46,UPI,Tier1
66,106357.24,43,13,78,38.72,27.66,102,146,2.2,UPI,Tier3
24,76456.63,76,9,24,,12.6,49,1075,8.87,UPI,Tier1
34,57788.26,18,7,58,37.83,23.83,12,4798,5.0,Debit Card,Tier1
37,33627.6,95,5,7,27.59,31.48,47,2607,2.45,Cash,Tier3
58,73665.21,77,8,24,51.49,58.78,44,9822,7.11,Cash,Tier2
66,83245.12,84,8,27,40.02,38.66,56,9094,7.3,UPI,Tier3
37,,36,7,63,40.25,22.13,59,1696,5.6,Cash,Tier2
39,71406.46,7,10,71,62.82,10.88,77,1224,2.31,UPI,Tier1
45,57001.39,23,10,6,37.78,58.75,48,817,8.32,Credit Card,Tier2
57,60951.29,34,5,37,68.17,93.76,55,4600,9.02,Cash,Tier3
66,10267.91,96,11,53,45.14,20.8,30,6391,9.3,Debit Card,Tier2
24,60120.81,21,9,25,50.85,12.58,5,6779,2.93,Cash,Tier3
18,86326.12,70,6,66,11.71,90.76,94,6253,6.39,Debit Card,Tier1
49,51109.14,80,14,29,65.08,59.55,22,291,7.31,Credit Card,Tier2
30,66155.58,99,7,62,44.86,36.09,54,6386,1.7,Cash,Tier2
47,48369.08,47,6,20,86.85,5.97,53,549,6.04,UPI,Tier1
40,72929.72,53,12,33,16.09,75.76,67,3995,1.43,UPI,Tier1
68,60236.49,84,8,27,63.32,71.8,100,1787,8.23,Cash,Tier2
36,44336.69,41,9,69,65.81,89.75,65,1862,8.95,Debit Card,Tier1
49,94316.13,75,9,19,53.75,56.82,66,1979,6.69,Cash,Tier2
47,85436.5,32,8,65,47.81,31.81,15,6579,9.35,Credit Card,Tier1
46,51692.05,14,8,38,46.0,16.8,16,4990,3.45,UPI,Tier2
66,,88,8,37,36.99,22.1,45,4113,7.37,Credit Card,Tier2
62,76823.06,95,5,25,50.81,51.27,95,2819,2.59,UPI,Tier3
46,79130.63,17,10,20,43.27,84.75,33,9044,1.59,UPI,Tier1
47,,25,5,22,31.97,90.16,44,1872,4.82,Debit Card,Tier2
33,87145.34,64,6,15,33.42,48.51,7,2278,9.55,UPI,Tier2
57,52466.62,73,7,17,27.26,3.91,78,5902,8.44,Cash,Tier2
36,57127.79,86,9,16,23.77,11.82,84,5618,7.31,UPI,Tier2
35,123033.4,48,15,35,58.1,,61,6776,7.0,UPI,Tier2
18,71641.21,35,7,19,25.24,22.92,74,5995,3.33,Cash,Tier2
31,56500.91,37,4,52,22.88,81.9,110,9741,1.28,Cash,Tier1
68,16483.52,55,9,55,20.49,92.9,1,4198,5.11,Debit Card,Tier2
64,95574.81,17,7,19,,93.8,107,6649,3.77,Credit Card,Tier1
67,35405.39,28,7,10,47.18,10.03,61,7115,4.24,UPI,Tier1
19,42924.34,1,9,21,45.29,16.84,63,8943,1.65,Debit Card,Tier2
45,57710.25,53,5,32,45.04,46.07,74,7639,3.36,Credit Card,Tier3
66,96161.06,73,6,64,76.77,31.92,36,1624,6.21,UPI,Tier3
67,328045.12,55,55,79,59.68,,33,7815,9.15,Debit Card,Tier1
47,61527.57,61,8,6,43.32,52.35,113,598,8.37,Credit Card,Tier3
55,71782.43,13,5,20,39.11,93.53,21,7429,3.68,UPI,Tier2
68,51791.51,47,12,76,40.11,48.85,61,6474,7.95,Debit Card,Tier2
21,68072.38,64,7,21,16.8,43.58,89,3001,7.19,Credit Card,Tier2
18,66613.41,32,11,12,29.14,65.68,56,1521,2.29,Cash,Tier1
25,86312.94,28,10,21,49.02,14.02,94,3164,6.29,Debit Card,Tier1
46,86277.92,53,4,78,40.36,,81,7091,8.13,Cash,Tier1
56,75867.5,31,5,75,31.37,72.32,43,5284,2.23,Debit Card,Tier1
20,57028.35,8,4,8,63.07,59.29,102,3540,1.57,Credit Card,Tier1
49,81320.09,72,9,17,16.29,75.19,15,6956,1.59,Credit Card,Tier1
27,62976.69,98,12,36,39.84,88.58,35,6120,5.69,Credit Card,Tier1
27,41197.88,87,9,70,,43.96,73,9510,1.3,Cash,Tier1
36,56127.67,74,14,25,66.01,72.19,56,4104,5.29,Credit Card,Tier2
63,66859.59,25,8,12,76.18,40.64,119,4589,5.76,Cash,Tier3
51,85024.75,33,9,28,32.6,86.9,44,3702,2.83,UPI,Tier2
50,60962.38,68,4,42,58.27,43.53,102,5214,9.73,Cash,Tier2
40,38397.63,7,10,77,59.43,67.8,15,4260,7.71,Credit Card,Tier3
45,66248.32,97,9,20,,0.74,36,2383,4.56,Cash,Tier3
49,67496.03,66,10,72,15.89,39.83,113,4578,8.8,Debit Card,Tier1
67,69088.43,46,11,48,29.07,55.06,12,4723,5.0,Cash,Tier2
24,85237.17,96,5,51,52.6,64.11,53,5237,7.48,Debit Card,Tier2
46,87416.31,5,12,62,53.82,17.7,75,3680,6.38,Cash,Tier1
25,,17,16,61,27.65,63.53,114,9892,5.16,Debit Card,Tier1
18,51444.84,76,6,76,31.74,74.8,111,8238,3.36,UPI,Tier3
20,42115.63,52,10,68,24.65,28.01,104,742,1.17,Cash,Tier3
41,80373.94,12,6,8,56.67,35.33,54,3910,1.29,Debit Card,Tier1
40,96874.04,62,12,66,40.1,91.02,46,4024,6.79,UPI,Tier1
25,58068.2,35,8,66,3.51,22.24,45,8757,8.83,UPI,Tier3
64,59688.53,62,6,46,80.51,36.73,110,8164,8.49,Debit Card,Tier2
54,97269.22,21,5,72,57.97,72.13,34,5554,5.93,Debit Card,Tier1
20,76122.27,85,9,68,24.63,19.48,11,736,1.35,Debit Card,Tier3
68,74597.19,66,13,17,20.05,50.55,15,9390,1.58,Debit Card,Tier1
50,38799.84,53,4,45,25.93,74.6,85,1594,2.63,Debit Card,Tier1
45,79932.02,21,6,33,18.3,,89,8398,2.95,UPI,Tier3
64,44559.0,15,6,62,51.84,24.27,3,8501,4.43,Debit Card,Tier1
25,40051.56,75,7,47,15.52,57.17,88,2262,2.81,Cash,Tier2
51,57371.03,74,9,70,71.48,,93,2986,3.72,Cash,Tier1
52,52112.56,82,9,71,58.75,81.56,97,876,1.57,Cash,Tier2
49,60124.81,23,10,52,65.16,67.12,27,5116,4.69,Credit Card,Tier1
41,33298.4,31,13,18,53.11,52.54,77,2937,5.76,Cash,Tier3
31,86093.96,54,8,38,47.63,14.52,65,1630,7.51,UPI,Tier2
49,,55,10,65,45.67,67.6,49,4342,1.61,Debit Card,Tier1
63,22158.47,26,2,73,60.95,16.66,118,6669,9.3,Credit Card,Tier2
60,86526.07,53,12,61,23.25,93.78,16,6765,5.0,Credit Card,Tier1
33,47168.37,66,9,49,,7.41,65,9604,4.73,UPI,Tier2
21,83853.46,39,6,8,31.68,40.33,76,9688,9.63,Credit Card,Tier2
69,63494.18,7,10,39,47.92,28.37,82,8108,5.72,Credit Card,Tier1
54,65633.06,88,7,52,29.83,66.84,85,2627,3.35,UPI,Tier3
38,,39,5,65,49.8,67.04,26,1350,1.24,UPI,Tier2
31,91666.84,32,6,76,55.22,75.24,20,5635,8.88,Debit Card,Tier3
48,37729.06,26,5,13,50.26,78.0,59,3676,7.87,Credit Card,Tier3
65,78372.49,87,8,55,53.9,22.79,54,4944,6.82,Debit Card,Tier2
35,89229.26,78,10,41,37.27,64.01,76,9502,5.0,UPI,Tier1
24,80759.48,29,13,30,24.11,22.42,4,6555,8.11,Cash,Tier1
27,116143.38,25,9,61,,56.97,65,3299,3.44,UPI,Tier3
24,,56,11,11,69.46,47.74,2,1147,2.98,Debit Card,Tier3
50,86060.71,31,11,39,,78.99,89,7259,9.37,Credit Card,Tier1
40,62666.01,66,10,25,49.05,32.22,5,5917,1.63,UPI,Tier1
38,92134.93,2,7,39,-10.66,3.65,64,5989,9.17,Credit Card,Tier1
36,64830.84,87,7,37,45.18,36.94,90,1473,3.06,Credit Card,Tier3
65,56466.73,47,10,22,,84.27,29,2583,9.49,Credit Card,Tier1
36,93733.59,75,6,61,24.98,44.8,95,4885,4.45,Cash,Tier1
53,54185.64,29,6,12,66.3,81.82,19,8594,4.46,Credit Card,Tier1
46,33920.03,99,6,32,45.58,25.16,2,2761,1.42,Credit Card,Tier3
35,53629.37,49,11,32,62.37,24.52,64,7867,8.43,UPI,Tier2
19,78618.72,73,8,55,87.85,26.52,58,8343,8.8,Debit Card,Tier2
18,95624.85,32,7,20,35.48,73.89,20,9417,7.41,Cash,Tier1
64,67444.85,30,5,66,31.52,54.54,69,7755,7.63,Credit Card,Tier1
22,94000.34,15,11,78,,70.96,18,181,3.77,Credit Card,Tier3
37,35120.15,62,10,49,43.38,37.76,76,8628,7.05,Cash,Tier3
28,55248.2,78,8,66,15.84,44.77,49,4946,1.12,UPI,Tier2
59,,17,8,23,29.91,47.46,71,6976,7.54,UPI,Tier3
19,,22,3,69,57.48,49.59,56,1940,9.26,Cash,Tier3
20,66850.08,30,4,61,58.25,29.06,16,6317,3.14,Debit Card,Tier3
40,80200.04,81,14,48,51.41,68.16,63,434,1.65,Cash,Tier3
29,55214.25,16,11,18,51.51,53.96,4,1017,7.35,Cash,Tier3
37,68058.63,52,6,73,25.25,63.01,1,5879,9.41,UPI,Tier3
22,64007.3,8,10,27,33.75,10.12,99,7197,9.02,Credit Card,Tier3
54,44630.42,64,8,56,50.26,12.39,15,5213,9.37,Cash,Tier3
55,62499.33,39,10,68,54.96,39.84,116,9143,7.0,Credit Card,Tier1
47,61839.49,31,10,40,57.12,,13,6835,4.56,Debit Card,Tier1
26,61368.23,12,7,76,47.3,28.79,64,8858,4.93,Cash,Tier2
51,65698.71,33,8,27,33.88,11.81,1,6924,9.26,UPI,Tier1
61,66664.82,58,6,45,34.37,72.72,88,4701,7.02,UPI,Tier2
52,55489.51,12,10,56,,79.06,9,4343,6.54,UPI,Tier2
69,92999.72,25,10,19,66.11,64.53,44,8316,6.96,Debit Card,Tier1
39,39271.43,38,4,62,20.03,33.37,80,7208,8.55,Cash,Tier1
61,49138.66,48,7,41,71.32,58.74,36,4568,1.49,Cash,Tier3
41,126159.2,82,10,12,40.79,31.07,109,5874,2.51,Debit Card,Tier1
34,42164.19,83,13,42,58.84,81.17,65,326,3.04,Credit Card,Tier2
27,35217.4,55,8,26,36.33,96.87,35,6311,2.91,Debit Card,Tier2
47,81158.49,3,8,32,45.33,,82,4565,5.73,Cash,Tier1
63,,99,9,31,48.6,75.91,37,9413,3.72,UPI,Tier3
40,59823.97,69,11,39,34.94,0.25,33,3335,4.32,Credit Card,Tier2
49,112208.15,35,7,63,69.27,43.63,15,6705,5.47,Credit Card,Tier1
34,31011.41,51,8,50,43.81,74.81,93,8385,5.8,Cash,Tier3
67,21396.78,27,12,7,55.85,72.01,68,102,5.07,Cash,Tier2
68,32018.01,37,8,48,35.97,93.45,10,8761,6.05,Credit Card,Tier3
34,84763.91,85,6,14,61.92,90.47,42,6772,3.58,Cash,Tier1
31,,16,6,44,43.88,49.36,15,9221,6.56,Credit Card,Tier1
26,53723.05,92,9,59,45.76,82.72,54,8431,4.33,Credit Card,Tier3
57,80030.67,25,12,10,,99.51,45,9140,9.64,Cash,Tier2
19,95585.62,33,10,33,34.38,58.18,91,8744,9.23,Credit Card,Tier3
62,104321.62,62,5,9,39.76,65.63,35,9077,7.95,UPI,Tier3
42,59580.62,17,7,30,30.35,8.07,117,7534,8.45,Cash,Tier2
56,14367.62,43,11,42,35.31,98.43,10,1066,9.75,Cash,Tier3
26,46940.66,30,4,67,69.5,91.55,14,840,2.69,UPI,Tier1
39,55610.31,41,9,31,30.83,47.0,84,6537,6.78,Credit Card,Tier1
60,59303.35,4,5,45,49.18,47.21,100,3444,2.35,Cash,Tier3
63,60867.09,66,6,12,45.54,58.06,92,1345,3.23,Cash,Tier2
21,89615.68,60,10,26,45.93,72.79,78,7879,4.84,Cash,Tier1
43,93037.43,9,6,49,51.89,72.34,36,5687,2.14,Cash,Tier1
46,61223.18,31,6,27,52.1,64.58,17,4564,4.08,Cash,Tier2
62,89166.67,89,10,39,16.03,28.76,113,2654,6.3,Cash,Tier3
51,72868.55,69,8,37,43.84,54.36,22,3858,2.09,UPI,Tier3
40,66419.13,24,10,65,48.46,55.37,82,2032,6.55,Credit Card,Tier3
54,84943.97,24,9,21,44.59,48.56,9,3909,4.42,Credit Card,Tier1
28,66589.55,93,5,68,,6.86,116,3296,4.34,Cash,Tier1
23,110271.85,45,10,19,50.07,88.51,49,5387,9.04,UPI,Tier2
35,33354.95,95,5,67,40.81,32.28,50,3476,4.52,UPI,Tier3
38,53666.24,37,5,66,64.12,63.04,106,5711,7.36,Cash,Tier2
59,62216.58,58,8,63,40.74,62.92,55,4275,9.25,Debit Card,Tier3
53,74667.96,83,13,33,77.65,12.5,10,2525,7.66,Cash,Tier2
58,92895.13,23,7,27,21.48,89.63,17,3060,6.94,Credit Card,Tier2
55,64463.23,35,8,48,49.32,36.18,67,1525,3.45,Cash,Tier3
51,33710.95,63,6,58,79.27,6.85,45,4081,7.55,Cash,Tier3
34,83535.31,6,8,61,54.63,91.04,26,3855,2.87,Debit Card,Tier3
54,,6,15,9,93.16,21.61,75,8175,1.67,UPI,Tier1
42,,30,8,55,58.4,73.57,14,6561,5.97,Debit Card,Tier1
55,64916.31,1,9,72,42.05,95.63,77,239,9.29,Debit Card,Tier3
29,30016.88,63,5,41,,22.85,77,9632,3.63,Cash,Tier3
40,50377.68,8,7,56,67.33,70.37,97,8823,3.79,UPI,Tier2
59,45138.2,28,6,18,33.48,28.09,18,8731,6.1,UPI,Tier1
39,82803.82,89,6,76,34.61,81.88,11,8562,2.4,Debit Card,Tier2
38,67570.26,33,15,72,40.08,85.04,45,3023,7.11,Credit Card,Tier2
44,36717.0,53,5,53,47.5,52.33,2,5302,5.29,Credit Card,Tier2
48,84361.45,38,8,39,20.76,53.51,94,6365,2.55,UPI,Tier3
23,33456.27,52,6,44,38.63,55.05,80,7104,5.22,Debit Card,Tier3
44,72262.5,78,18,25,26.76,82.68,25,5526,2.0,Debit Card,Tier3
57,47091.77,11,8,12,31.76,12.2,99,2342,6.63,Debit Card,Tier2
51,56955.1,2,10,48,35.96,38.84,7,492,1.92,Cash,Tier1
29,76093.96,53,6,23,19.06,23.07,14,1542,7.8,UPI,Tier2
62,76471.89,94,9,37,65.41,77.72,62,9776,7.15,Debit Card,Tier2
24,94413.32,94,5,14,74.2,60.72,57,243,1.57,Cash,Tier3
27,63190.42,68,4,16,64.15,48.69,116,4133,1.71,Cash,Tier3
62,71741.92,77,5,51,27.79,44.63,118,105,3.87,Credit Card,Tier1
34,55369.78,7,6,22,71.83,83.63,81,3395,2.16,Cash,Tier1
43,69003.78,67,5,52,20.9,19.09,32,5451,3.95,Credit Card,Tier2
38,74668.69,9,8,22,51.38,40.37,87,6245,2.85,Credit Card,Tier3
45,62837.18,78,9,29,60.1,59.12,75,696,7.1,Credit Card,Tier3
63,25317.49,63,12,31,50.91,17.89,116,2965,2.15,Credit Card,Tier1
19,72292.36,11,8,74,35.38,43.54,72,3599,1.32,UPI,Tier3
60,73020.35,37,9,50,35.94,67.56,100,2249,3.0,Debit Card,Tier1
18,50036.18,14,9,36,32.82,44.01,13,6148,4.36,Credit Card,Tier2
68,36743.49,19,10,34,24.41,10.45,102,2928,1.18,Credit Card,Tier1
53,97469.34,8,11,57,,59.58,67,1420,7.68,UPI,Tier2
68,75811.8,7,8,46,53.49,15.83,81,6976,7.7,Credit Card,Tier2
43,59960.22,59,8,71,31.8,30.96,91,9444,5.27,Credit Card,Tier2
46,39985.28,63,8,73,58.89,5.43,58,314,5.46,UPI,Tier1
38,46920.07,7,7,36,16.03,49.89,105,5698,7.51,Debit Card,Tier1
28,93656.99,55,5,19,67.13,42.59,83,609,7.71,Credit Card,Tier3
57,,3,9,22,54.88,77.04,28,413,6.89,Debit Card,Tier1
28,52887.08,67,6,49,54.91,80.6,30,6202,1.89,UPI,Tier3
53,76213.16,18,11,28,41.12,88.86,105,6872,6.3,Cash,Tier3
66,47083.24,45,5,45,60.3,12.88,66,5387,6.28,UPI,Tier3
56,98018.55,97,15,37,55.34,29.51,116,8255,4.52,UPI,Tier3
57,94761.61,92,8,30,44.26,63.11,13,7726,2.5,UPI,Tier1
52,54735.37,36,7,16,40.27,94.55,81,9698,9.41,UPI,Tier3
51,51169.25,16,5,59,32.67,,114,2776,8.07,UPI,Tier3
64,10000.0,79,16,75,34.14,50.51,82,7760,4.98,Debit Card,Tier3
41,32405.22,29,16,77,37.03,41.24,34,375,3.58,Cash,Tier3
39,35531.66,59,9,28,59.7,,75,5425,4.74,Cash,Tier2
22,67974.19,18,8,15,25.06,27.81,58,1539,5.31,Cash,Tier3
50,57822.86,49,7,76,51.97,29.83,114,2078,7.99,Debit Card,Tier2
53,35402.62,46,8,73,39.89,40.07,64,9871,1.42,Debit Card,Tier2
64,58814.39,83,7,20,26.89,46.97,49,2819,7.16,Cash,Tier3
37,76117.42,29,5,5,51.7,6.48,84,3283,6.72,UPI,Tier3
36,76612.47,70,8,31,37.49,75.38,31,2744,6.99,UPI,Tier3
52,,50,4,28,31.6,10.09,39,595,7.42,UPI,Tier2
69,62178.2,55,7,73,49.59,60.01,9,6117,9.61,UPI,Tier1
60,34566.5,27,12,53,33.11,63.66,119,857,8.2,UPI,Tier2
34,84838.03,7,8,46,52.56,4.44,29,9016,6.16,Cash,Tier1
62,82251.22,91,9,79,33.24,35.03,115,1948,4.9,Debit Card,Tier1
60,45243.4,83,11,77,32.91,74.88,20,6132,8.67,Debit Card,Tier3
51,48147.01,81,9,54,28.51,,53,6408,9.92,Credit Card,Tier2
26,54852.12,41,10,5,53.01,89.36,64,4207,9.76,Debit Card,Tier1
43,15438.55,11,5,72,18.39,95.18,60,1310,5.96,Debit Card,Tier2
19,72391.3,5,7,34,53.19,90.65,72,8508,6.87,Cash,Tier2
26,58997.42,66,8,18,54.77,60.02,98,2848,8.39,UPI,Tier2
26,86343.85,56,6,26,31.21,15.57,107,6915,4.69,Credit Card,Tier2
57,40835.0,12,9,70,20.7,49.28,65,1518,7.32,Debit Card,Tier3
34,51379.3,42,5,72,24.18,99.13,95,7517,4.39,Cash,Tier3
18,31856.44,75,3,10,49.24,6.92,54,5015,6.58,Debit Card,Tier2
42,42905.61,10,8,17,47.45,36.93,32,7474,2.33,Cash,Tier2
60,38996.4,28,7,16,42.23,25.53,53,4306,7.96,Credit Card,Tier2
57,86911.42,7,11,73,64.67,93.39,65,5879,1.83,Credit Card,Tier2
59,49638.24,14,11,55,29.16,44.94,42,9047,2.22,Credit Card,Tier2
42,67731.87,77,7,57,46.71,,98,8894,8.44,UPI,Tier1
56,56623.21,69,7,43,34.05,55.82,28,3958,6.02,Cash,Tier1
52,37071.76,61,7,5,39.83,33.96,30,3816,5.53,Cash,Tier1
20,61297.39,51,9,32,41.41,72.8,12,5194,8.93,Cash,Tier1
67,312721.08,42,40,68,15.33,13.95,27,5516,3.99,Debit Card,Tier2
54,153717.16,8,45,75,7.21,74.02,10,8253,3.99,Cash,Tier3
61,82800.48,50,12,32,53.12,37.49,65,6614,5.8,Cash,Tier1
61,46306.14,1,5,30,45.36,99.3,9,448,8.59,Credit Card,Tier2
68,54374.35,69,8,42,39.88,48.07,57,1161,2.86,Cash,Tier1
47,76675.03,11,11,28,37.36,,77,3114,3.64,Credit Card,Tier1
55,50404.4,48,4,72,11.91,33.87,100,1787,7.55,Debit Card,Tier1
51,65826.65,10,9,58,46.64,5.44,80,8836,9.9,Cash,Tier2
29,58076.8,15,8,36,32.94,99.37,88,4533,7.27,Credit Card,Tier1
36,67846.1,47,9,10,30.8,71.17,47,6608,6.07,Credit Card,Tier3
54,12623.74,93,11,68,27.4,83.2,24,534,8.88,Cash,Tier2
61,24747.0,25,13,6,44.04,54.13,50,1040,4.68,UPI,Tier1
66,78551.27,6,11,65,37.13,,6,8480,7.11,Credit Card,Tier3
34,87817.99,11,5,36,22.45,48.3,30,5113,3.16,Debit Card,Tier3
27,179877.16,17,45,41,70.93,28.57,15,6966,4.56,Cash,Tier2
66,59631.38,15,14,75,47.58,76.06,9,3137,7.47,Credit Card,Tier1
64,71483.82,16,13,60,60.16,71.22,18,3712,6.47,Debit Card,Tier1
29,80250.79,56,7,38,28.24,81.5,100,1341,9.14,UPI,Tier1
33,20391.1,66,6,76,64.45,91.04,53,6041,2.86,Debit Card,Tier3
41,45507.11,36,15,65,31.76,19.5,102,5103,5.41,Credit Card,Tier2
36,57683.25,83,8,63,21.56,33.07,50,1661,1.47,Credit Card,Tier2
25,80469.08,38,6,78,58.86,38.06,40,7036,9.72,Credit Card,Tier2
48,119965.47,85,7,76,56.08,24.77,34,4985,6.44,Debit Card,Tier1
38,59983.87,75,5,66,30.62,90.4,72,6151,2.64,Credit Card,Tier2
34,34046.5,3,6,51,48.78,47.91,78,7981,8.67,Cash,Tier1
40,73849.9,98,12,58,36.83,,78,6999,2.0,Cash,Tier2
54,94061.91,18,8,26,61.51,50.3,107,4843,8.96,Cash,Tier1
33,67376.31,79,10,43,41.63,47.44,84,6011,1.36,Debit Card,Tier3
23,45053.73,89,2,36,30.52,33.53,29,7944,9.46,Debit Card,Tier2
25,86075.87,54,8,61,60.77,48.62,109,6702,3.68,Cash,Tier2
42,79598.0,79,5,35,48.51,28.0,23,2829,4.31,Credit Card,Tier1
35,42426.22,94,15,68,62.51,56.86,101,5896,6.65,Credit Card,Tier3
42,73391.36,17,11,30,60.55,15.83,23,2724,9.48,Credit Card,Tier2
29,86939.84,82,7,75,24.51,81.38,66,6279,2.74,Cash,Tier3
32,91001.58,95,4,16,59.78,17.81,101,2287,4.22,Cash,Tier2
43,63538.12,82,8,11,,49.49,77,3454,7.1,UPI,Tier1
58,57122.25,99,6,66,44.76,24.17,116,3156,1.63,Debit Card,Tier3
62,92000.02,13,7,17,24.44,87.67,87,5918,4.07,Cash,Tier3
43,38376.47,63,9,20,39.01,25.26,59,7077,6.69,Cash,Tier2
64,,14,6,67,43.44,86.72,64,3732,4.94,Cash,Tier1
49,34859.41,59,3,71,51.63,5.72,48,9584,9.81,Debit Card,Tier3
27,353753.12,36,20,19,35.64,11.32,60,6340,9.78,Credit Card,Tier3
33,59323.0,18,5,7,52.97,4.09,102,5265,9.35,Debit Card,Tier1
24,92908.83,5,9,40,69.47,15.76,20,3643,9.6,UPI,Tier2
34,75811.08,14,8,64,21.57,53.32,108,9513,9.57,Cash,Tier3
40,38089.15,25,9,25,43.48,59.06,109,8450,8.57,UPI,Tier2
43,96341.81,44,5,30,,12.19,57,7659,9.54,Cash,Tier3
38,99127.4,39,6,70,43.42,18.54,2,9794,1.08,UPI,Tier1
39,,12,8,60,36.92,61.47,36,7099,8.05,Debit Card,Tier1
24,48245.07,61,6,61,53.31,19.13,81,6391,5.82,Debit Card,Tier1
31,58267.69,62,6,33,27.59,75.94,48,1495,5.22,Credit Card,Tier2
32,68199.4,53,9,38,49.9,91.67,57,5310,2.14,Credit Card,Tier3
24,49518.37,53,5,62,64.19,53.07,73,2197,4.2,UPI,Tier3
26,102231.62,28,12,43,47.23,84.94,49,7771,4.46,Debit Card,Tier2
68,68175.18,35,7,7,66.72,,106,6834,2.96,UPI,Tier2
65,10000.0,65,8,46,,90.56,38,2561,9.51,UPI,Tier2
25,72465.83,3,5,40,38.29,6.18,77,6125,6.49,Debit Card,Tier3
67,57340.54,43,13,39,38.2,1.16,37,4274,9.7,UPI,Tier3
40,63351.62,50,12,76,66.54,90.43,99,1587,6.28,Cash,Tier2
46,56890.37,71,10,34,32.73,16.86,113,2346,5.76,Credit Card,Tier1
35,82755.02,9,6,47,8.89,80.11,73,3544,4.49,Debit Card,Tier3
48,89633.13,36,9,55,49.66,46.46,30,4951,2.77,Debit Card,Tier2
47,71227.17,23,6,26,36.7,38.62,53,4685,2.63,Cash,Tier2
69,57535.15,88,14,76,25.57,,5,7568,7.55,Cash,Tier1
56,64090.58,74,3,45,27.84,74.67,20,3466,8.31,Cash,Tier3
52,65431.19,50,8,41,61.65,80.78,36,7123,1.32,Credit Card,Tier3
35,47346.54,55,11,13,57.7,27.67,29,6297,1.94,Cash,Tier1
59,77736.43,12,4,42,46.48,7.4,87,542,7.63,Debit Card,Tier1
56,75120.93,83,7,33,79.01,29.57,94,7410,2.54,Debit Card,Tier3
34,98889.71,32,1,44,28.78,86.75,9,9500,4.42,Cash,Tier1
31,92617.7,24,4,18,35.41,82.82,71,4224,8.13,Debit Card,Tier2
48,49915.15,86,14,50,,82.16,75,8046,8.85,UPI,Tier3
41,83046.56,67,5,50,,47.44,77,3625,9.23,Cash,Tier1
52,44079.03,27,8,72,62.54,28.0,113,381,4.06,Debit Card,Tier2
61,80310.51,61,5,43,14.85,15.15,90,7886,6.4,Cash,Tier2
62,53634.49,19,13,56,55.41,10.48,74,4020,5.33,Cash,Tier1
51,42488.43,73,6,38,47.2,40.69,85,6640,7.4,Cash,Tier2
20,71161.0,51,9,21,43.7,68.45,81,8008,7.66,Debit Card,Tier2
54,,64,4,66,26.56,91.86,61,7185,3.02,UPI,Tier2
60,26478.54,77,8,27,38.75,36.85,61,1018,9.48,Debit Card,Tier1
57,61095.18,2,9,72,55.34,86.79,70,5794,5.38,Cash,Tier3
43,66813.72,36,9,60,80.9,84.47,18,6585,3.03,Credit Card,Tier2
40,56874.99,93,8,66,,72.94,72,8805,3.52,Credit Card,Tier1
61,30252.4,11,8,21,60.92,60.56,56,4369,2.26,UPI,Tier3
56,47006.38,98,12,31,66.17,5.15,60,9195,2.54,Cash,Tier1
32,73606.61,68,8,5,21.65,48.27,91,9103,8.69,Cash,Tier1
66,77799.2,68,13,21,46.77,81.21,87,2197,8.55,UPI,Tier3
21,64643.09,64,4,57,27.55,88.36,36,2588,4.94,Credit Card,Tier1
46,90450.34,1,4,66,63.69,43.37,33,5197,5.47,Cash,Tier1
39,73742.73,89,12,23,45.02,57.18,110,5071,1.6,Cash,Tier1
42,48555.98,26,9,40,45.83,86.54,49,3173,3.16,UPI,Tier3
30,58828.95,11,9,30,,46.83,109,2244,3.14,Cash,Tier2
35,34136.94,87,11,22,60.27,60.2,68,2631,8.56,Debit Card,Tier1
50,62620.94,2,9,73,51.09,84.86,113,5048,4.92,Debit Card,Tier1
33,89466.21,83,15,41,33.72,79.11,114,7560,1.35,Debit Card,Tier1
62,80076.38,93,7,52,16.19,8.78,46,7676,3.41,Credit Card,Tier1
59,95844.21,40,5,47,39.79,7.78,115,1168,5.06,Credit Card,Tier3
61,233346.08,4,40,37,57.86,41.57,95,5670,2.53,Debit Card,Tier1
19,94614.2,80,7,64,59.48,85.26,119,228,1.61,Credit Card,Tier3
52,60747.31,37,5,24,34.14,92.25,55,3800,2.44,Credit Card,Tier2
59,97374.87,61,10,74,27.04,94.87,60,303,3.13,UPI,Tier3
51,64519.15,91,9,26,62.25,98.88,102,3094,5.43,Credit Card,Tier1
47,80559.09,5,7,68,41.09,50.55,74,8588,7.9,Cash,Tier3
30,97452.47,15,11,52,55.27,,75,9629,3.11,Debit Card,Tier3
30,60744.59,87,9,37,50.53,72.71,17,3953,8.37,Credit Card,Tier1
35,69804.56,67,11,24,33.79,44.48,81,4076,8.52,Cash,Tier3
49,93355.0,82,8,67,50.35,92.87,76,4345,7.01,Cash,Tier2
49,62073.93,26,13,37,75.46,40.68,2,8046,5.7,Cash,Tier2
52,35940.37,6,9,46,34.0,29.31,5,5054,2.23,Cash,Tier3
56,112146.16,44,13,68,29.4,68.66,11,9756,5.98,Cash,Tier2
63,54665.18,58,5,11,43.88,12.43,34,3243,4.9,Debit Card,Tier3
69,68492.63,81,3,78,42.63,94.3,91,8068,2.33,Cash,Tier1
46,90432.15,46,5,69,37.83,76.88,70,7373,2.03,Credit Card,Tier1
66,51613.13,42,6,18,52.88,56.38,23,3008,3.36,Debit Card,Tier3
46,42826.91,48,6,79,54.37,9.48,104,3707,7.57,Credit Card,Tier2
61,70582.22,27,4,14,46.57,,79,3160,6.58,Credit Card,Tier1
33,25552.32,20,4,69,56.5,50.38,61,9127,2.38,Credit Card,Tier2
61,58666.07,70,3,77,66.07,50.06,91,9169,5.04,Credit Card,Tier3
64,70390.85,35,9,27,41.04,47.23,91,1565,3.46,Debit Card,Tier1
27,,76,11,17,22.27,33.47,17,9425,9.12,Debit Card,Tier3
47,31044.08,48,4,76,45.09,71.17,71,9412,1.6,Debit Card,Tier3
42,100071.92,67,9,14,29.42,94.06,70,2023,3.71,UPI,Tier3
56,67277.84,68,7,18,65.01,54.37,99,256,3.14,UPI,Tier1
37,96485.35,52,8,41,51.41,82.77,36,8711,4.62,Cash,Tier3
22,59279.2,68,12,74,40.41,61.72,38,7954,1.85,Credit Card,Tier3
18,45639.74,4,13,8,,3.09,81,7605,3.1,Credit Card,Tier3
47,70921.98,39,8,16,52.87,14.01,92,1218,9.21,Cash,Tier2
66,60252.68,21,5,13,66.79,87.88,114,6403,2.72,Credit Card,Tier2
20,39089.25,66,3,17,43.05,47.59,60,8958,3.62,UPI,Tier2
62,97335.25,16,6,47,23.2,77.53,65,9592,4.57,Credit Card,Tier3
31,51310.06,7,7,67,35.78,83.51,85,1924,3.29,Cash,Tier2
47,24514.14,83,9,38,32.78,54.34,100,1110,6.72,Debit Card,Tier2
67,94219.65,97,6,31,55.25,0.2,31,1532,9.75,Debit Card,Tier3
21,53905.44,9,6,27,40.31,69.63,22,4585,5.79,Cash,Tier3
35,51627.87,17,9,17,42.27,96.3,40,4973,8.42,Cash,Tier1
54,26161.47,91,9,27,28.37,53.73,41,8692,1.74,UPI,Tier1
42,103300.71,97,14,71,75.26,83.58,74,7418,4.77,Debit Card,Tier1
65,36631.43,12,7,37,49.14,33.26,92,6783,3.4,Credit Card,Tier3
18,66285.89,57,11,44,35.49,,27,7399,3.81,Cash,Tier2
63,85077.65,45,8,5,41.82,27.85,77,228,8.62,Debit Card,Tier1
32,74277.77,11,7,38,23.79,43.71,65,6376,5.81,UPI,Tier3
26,63687.61,13,8,48,35.59,82.49,52,2095,4.3,Credit Card,Tier2
32,27563.35,31,7,27,43.44,62.54,107,483,3.88,UPI,Tier2
66,47186.05,77,7,49,48.88,19.15,86,9617,1.59,Debit Card,Tier2
41,69131.61,26,7,28,58.36,,87,6953,9.04,Cash,Tier2
21,,63,7,6,51.02,78.65,53,8925,4.12,Credit Card,Tier3
29,,31,12,5,44.15,66.46,115,5159,6.47,Credit Card,Tier3
54,79998.35,22,7,15,42.87,18.59,34,5953,6.25,Credit Card,Tier3
54,86175.06,6,10,37,42.47,62.61,75,1262,5.11,Credit Card,Tier1
60,38024.05,20,6,59,40.1,92.16,22,9780,8.23,Debit Card,Tier3
23,453304.84,85,45,18,49.75,56.64,49,7967,3.8,Credit Card,Tier3
56,81884.55,10,11,51,47.52,8.63,5,1869,5.66,Debit Card,Tier3
63,64962.29,83,8,12,27.39,73.5,10,7551,3.36,UPI,Tier1
41,88969.8,35,7,18,38.87,93.53,73,937,8.58,Credit Card,Tier2
28,117038.97,26,9,16,62.32,55.76,57,1861,6.58,UPI,Tier3
30,33348.16,71,7,38,53.55,56.47,81,6668,4.29,Debit Card,Tier2
51,60044.22,37,9,7,45.07,90.83,80,6678,1.11,UPI,Tier2
42,12674.5,8,5,22,33.22,28.17,74,2007,6.67,Credit Card,Tier1
24,69238.33,5,12,28,28.37,34.58,55,787,7.48,Credit Card,Tier3
69,73038.67,44,7,13,43.75,34.85,21,2045,6.43,Credit Card,Tier2
21,64138.43,92,7,25,20.5,30.0,66,9892,9.88,UPI,Tier3
25,50600.26,67,7,50,34.37,13.66,47,7465,2.05,Debit Card,Tier3
37,19910.68,72,4,39,31.68,61.67,36,4128,3.66,Cash,Tier1
46,,79,7,32,40.36,46.4,33,237,4.79,Cash,Tier3
68,97019.56,91,8,63,66.9,35.1,73,3619,4.51,Debit Card,Tier2
62,,49,5,64,31.47,79.37,17,6798,7.68,Credit Card,Tier3
63,74681.32,36,7,64,31.82,89.23,97,8055,2.16,Cash,Tier2
27,30500.83,80,6,67,40.64,29.3,12,9510,1.64,Credit Card,Tier3
60,75058.69,26,7,68,24.68,21.66,13,1136,1.28,Cash,Tier2
51,56345.59,45,5,49,38.61,34.79,46,1972,7.2,Debit Card,Tier1
43,48226.81,61,8,45,14.73,64.03,109,4320,8.12,Cash,Tier2
58,48272.0,44,10,21,41.04,12.85,65,3213,5.3,Credit Card,Tier2
66,56340.55,4,5,8,45.26,23.36,40,6056,4.42,Credit Card,Tier1
20,73413.53,76,5,23,54.54,9.43,108,8848,2.6,Cash,Tier1
23,36132.41,81,9,72,56.75,86.23,86,6338,5.29,Debit Card,Tier2
22,56263.46,58,7,34,30.06,78.62,74,3183,1.96,UPI,Tier1
22,64087.62,26,9,24,22.74,33.93,48,7484,2.02,Credit Card,Tier1
64,40821.14,95,10,51,42.85,84.05,57,3628,4.99,Debit Card,Tier1
40,104526.63,79,8,49,58.01,,38,2096,1.18,Credit Card,Tier2
66,46223.1,98,16,24,45.95,50.39,49,2280,7.44,Debit Card,Tier1
26,50272.39,29,13,15,,47.87,40,6089,9.33,Debit Card,Tier2
52,43477.23,9,5,68,37.4,24.42,108,9659,3.95,Credit Card,Tier3
37,104566.56,78,14,24,41.25,47.68,115,1159,6.8,Cash,Tier2
66,77163.92,36,13,35,64.86,33.08,52,424,9.22,UPI,Tier2
59,44394.98,4,6,25,77.57,48.97,117,2862,3.05,Cash,Tier2
52,89337.09,59,9,51,45.97,12.46,32,2261,5.89,Debit Card,Tier3
67,69415.37,37,7,56,44.99,44.56,13,111,6.24,Debit Card,Tier2
35,70659.58,88,6,79,48.63,,65,5887,8.45,Debit Card,Tier2
34,57421.5,81,8,75,56.89,91.28,110,5352,6.49,Credit Card,Tier3
41,48512.85,13,7,48,32.43,68.31,88,8447,8.06,Credit Card,Tier2
20,72430.85,20,10,12,38.35,86.06,36,7309,3.49,Debit Card,Tier2
49,53008.08,17,7,14,41.39,7.9,86,731,7.28,UPI,Tier3
52,104968.62,51,5,59,48.63,61.98,118,2705,5.54,UPI,Tier1
55,37075.6,91,8,6,46.84,8.19,42,8340,6.02,Credit Card,Tier1
30,98795.45,55,6,42,41.19,37.03,12,736,7.28,Credit Card,Tier2
64,62550.99,33,8,47,51.48,88.43,82,6579,8.34,UPI,Tier1
42,71579.89,21,6,44,40.99,55.18,85,3271,3.07,UPI,Tier3
26,83329.47,81,15,31,,54.58,94,5686,3.26,Debit Card,Tier2
21,51134.52,22,12,48,59.17,26.92,68,3441,9.99,Cash,Tier3
31,84013.46,25,12,11,36.8,31.29,67,479,1.52,Cash,Tier3
54,10000.0,67,6,32,50.14,89.25,2,7860,1.99,Debit Card,Tier2
51,49160.23,91,7,79,45.08,29.18,68,7557,5.61,UPI,Tier1
28,44670.62,91,8,34,81.96,19.91,68,7628,5.92,Debit Card,Tier3
58,37422.87,12,6,17,51.66,27.38,8,9927,7.44,Debit Card,Tier1
20,60270.99,15,9,54,40.83,34.5,74,8614,9.23,Cash,Tier3
45,73486.5,84,14,33,47.39,70.98,55,7710,9.25,UPI,Tier1
46,80458.52,86,13,18,47.81,90.27,93,4708,6.74,Debit Card,Tier3
26,70299.29,2,7,68,57.73,34.31,33,6694,7.8,UPI,Tier2
20,50354.74,4,7,68,86.5,5.71,94,1157,6.89,Credit Card,Tier2
42,73118.36,45,5,59,29.75,48.67,22,1375,2.48,Debit Card,Tier2
51,67734.29,13,10,57,48.61,97.25,56,8132,9.5,UPI,Tier3
29,85593.24,55,11,51,34.99,2.58,58,7114,8.6,Cash,Tier2
59,82092.61,32,7,7,52.96,49.52,28,3539,1.88,UPI,Tier1
26,65670.48,22,8,69,51.56,84.99,116,9413,9.87,UPI,Tier2
32,45260.43,89,10,20,56.79,89.17,29,4545,8.59,Credit Card,Tier1
57,50635.1,91,14,14,54.33,63.67,48,480,9.05,Cash,Tier1
42,52904.63,55,11,79,45.82,1.61,64,8929,5.7,Cash,Tier1
22,58064.14,17,5,61,27.77,29.81,37,6665,9.15,Debit Card,Tier1
28,70897.11,70,11,78,55.59,25.82,108,6349,4.01,Cash,Tier1
51,80733.84,51,12,63,33.52,65.23,13,9838,2.41,Debit Card,Tier3
41,63875.39,80,7,68,36.79,96.54,70,5801,1.38,UPI,Tier3
32,65354.75,8,7,48,39.88,62.2,93,437,3.36,Credit Card,Tier2
55,68152.74,61,8,37,,17.23,79,7952,8.84,Credit Card,Tier3
25,53650.08,97,6,14,44.15,47.48,67,3064,6.8,Debit Card,Tier1
22,44641.37,10,2,56,53.98,8.49,3,7390,4.14,Cash,Tier1
65,26380.37,98,5,14,42.37,19.18,74,8575,3.04,UPI,Tier3
43,49706.71,19,4,21,61.41,38.06,64,2418,3.3,Debit Card,Tier1
35,75409.2,14,7,57,55.65,53.37,59,4968,7.08,Cash,Tier3
23,49535.95,67,5,26,49.58,11.22,47,8157,2.46,UPI,Tier3
54,59768.25,55,6,76,42.43,17.62,96,9524,2.21,Debit Card,Tier3
65,75261.49,61,5,15,31.71,51.94,115,5203,6.71,Cash,Tier2
30,76455.17,56,5,71,62.12,83.42,2,9263,8.92,Debit Card,Tier2
45,41250.28,63,8,17,42.64,78.33,61,2023,8.0,Debit Card,Tier2
22,86935.31,87,6,62,69.24,38.51,55,2451,1.77,UPI,Tier1
30,89801.7,11,10,49,82.29,9.27,17,7245,8.04,Debit Card,Tier2
34,40143.3,47,5,49,50.48,79.71,86,6748,9.13,UPI,Tier2
67,46875.59,6,9,47,18.7,47.57,118,8204,7.26,Debit Card,Tier3
57,91204.0,34,9,68,57.88,28.69,58,2628,7.91,UPI,Tier1
62,61769.22,65,13,43,61.26,52.24,43,3606,8.91,Debit Card,Tier3
49,16164.89,99,9,12,64.7,57.99,64,7593,5.76,Debit Card,Tier2
46,34207.01,89,8,78,38.81,,107,2274,5.88,Debit Card,Tier2
68,59513.87,64,6,44,58.5,61.99,46,1546,6.45,Credit Card,Tier1
20,39413.06,93,9,55,37.92,1.29,106,8353,2.86,UPI,Tier3
57,55904.68,87,9,24,43.92,30.46,102,8488,4.88,Cash,Tier3
51,65712.72,82,6,70,47.89,95.01,86,1022,5.77,Credit Card,Tier1
57,97169.6,78,8,62,53.28,81.33,69,4671,1.39,Credit Card,Tier1
44,58610.01,81,6,69,49.92,1.18,61,9747,5.31,UPI,Tier1
30,88595.92,66,9,49,,57.74,40,7865,6.71,Cash,Tier2
62,96432.72,31,8,78,47.46,79.91,91,8413,7.75,Credit Card,Tier1
50,96554.81,83,13,78,60.2,28.15,5,7583,1.42,UPI,Tier3
23,71264.6,96,12,38,49.43,,97,8770,5.93,Debit Card,Tier2
41,21807.64,62,4,16,49.82,76.96,33,6151,7.85,Cash,Tier2
36,75138.15,54,6,27,57.57,24.23,62,9345,2.67,Credit Card,Tier3
33,88064.8,92,14,72,55.04,77.55,26,2449,4.07,Debit Card,Tier2
57,63216.52,8,10,57,23.43,72.43,86,4009,1.72,Cash,Tier1
45,103380.85,42,4,57,44.68,18.15,81,5674,4.58,Credit Card,Tier2
50,83916.34,41,9,44,47.76,38.13,27,2765,3.37,Debit Card,Tier3
65,77502.01,59,9,57,78.22,77.94,63,283,4.2,Debit Card,Tier1
58,88900.38,40,7,40,17.21,63.52,2,1305,2.62,Debit Card,Tier1
30,72334.14,22,8,69,57.0,51.12,46,7127,3.48,Cash,Tier3
60,10158.17,24,3,18,56.96,38.97,20,6658,4.55,Debit Card,Tier3
62,54018.94,38,6,38,64.93,33.35,37,8242,1.13,Credit Card,Tier1
42,91337.7,2,7,30,48.37,46.06,39,1399,3.89,UPI,Tier1
59,47232.99,41,10,59,52.32,41.64,44,1879,2.39,Credit Card,Tier1
53,60083.6,19,7,67,38.96,22.12,111,1024,9.41,Cash,Tier3
44,42013.6,2,8,74,,80.21,15,4479,4.32,Cash,Tier1
55,,92,8,50,32.81,97.65,31,7759,4.55,UPI,Tier3
24,101992.83,96,7,41,54.88,49.56,119,9589,8.99,Debit Card,Tier2
22,45554.88,62,4,27,48.41,97.67,50,411,8.32,Cash,Tier1
60,68240.56,83,6,20,46.36,36.54,92,8003,1.64,UPI,Tier3
62,50029.13,16,10,36,45.18,34.07,105,6547,1.53,Debit Card,Tier1
68,78528.78,94,7,11,9.13,90.24,7,5110,8.62,UPI,Tier1
48,76213.03,22,6,48,61.49,96.31,39,7223,2.04,Debit Card,Tier3
40,82857.52,14,2,51,38.92,27.2,109,1168,5.13,Credit Card,Tier1
59,72302.21,56,12,9,48.94,92.72,110,3707,2.32,Cash,Tier2
27,129578.94,65,10,67,51.39,13.08,1,2899,4.94,Credit Card,Tier2
49,42385.68,45,8,16,20.68,67.17,7,9220,2.86,Credit Card,Tier1
60,27366.73,54,7,76,40.81,,71,9908,6.73,Cash,Tier1
47,,66,7,13,6.64,40.85,9,678,1.76,Debit Card,Tier3
56,30504.26,86,11,48,39.83,15.17,59,9461,7.05,Cash,Tier3
48,32165.83,46,7,26,51.01,89.69,75,923,5.75,Credit Card,Tier3
35,42971.08,33,6,50,43.76,77.33,108,2098,6.46,Debit Card,Tier3
53,44711.84,79,7,12,30.05,6.19,117,3825,4.16,Cash,Tier1
19,43998.4,50,7,60,36.65,43.22,23,2324,9.4,Credit Card,Tier3
31,305603.28,22,65,32,70.27,72.5,52,8897,1.91,Debit Card,Tier1
30,53863.84,40,12,77,31.43,48.4,38,956,9.06,UPI,Tier1
46,61050.68,39,9,51,54.96,91.66,18,4459,5.94,UPI,Tier2
29,84673.12,41,13,39,60.3,3.82,113,2493,8.62,UPI,Tier1
56,48140.9,75,8,25,25.21,71.47,16,8301,8.24,Credit Card,Tier3
19,59179.99,68,10,37,62.48,93.57,46,5009,3.21,Cash,Tier2
49,73046.72,7,6,74,57.16,24.75,5,7134,2.94,Cash,Tier1
30,22285.51,85,6,52,30.49,74.63,46,7409,5.46,UPI,Tier1
63,12532.08,71,15,78,48.39,36.74,89,1447,7.4,UPI,Tier3
44,72614.58,4,8,58,14.47,33.58,116,4563,4.06,Credit Card,Tier1
66,75824.31,76,10,6,29.56,52.24,69,7391,9.03,Cash,Tier2
58,110412.84,91,12,37,47.03,62.77,94,3187,4.06,Credit Card,Tier2
34,68478.09,59,10,20,,68.3,114,1359,1.37,Debit Card,Tier3
57,83034.27,81,7,54,19.18,48.07,43,9546,7.64,Debit Card,Tier1
48,60699.6,84,10,24,78.35,92.7,56,7661,2.47,Cash,Tier1
51,71539.0,95,8,71,50.52,22.08,89,7335,9.26,Cash,Tier1
41,101679.65,26,3,49,27.7,84.53,115,5691,6.91,Debit Card,Tier1
62,18272.16,31,11,39,46.19,83.85,68,610,3.71,UPI,Tier3
52,74099.56,99,12,33,29.2,12.89,83,862,4.88,Cash,Tier2
65,111982.91,73,7,49,56.31,36.83,96,5052,4.75,Debit Card,Tier3
23,71204.75,69,11,19,18.51,55.76,76,7680,5.93,Debit Card,Tier2
36,101312.61,52,6,7,50.27,73.67,71,9497,3.01,Cash,Tier1
47,51157.33,72,6,73,47.13,89.76,100,6332,1.98,UPI,Tier1
24,64294.96,21,5,38,21.15,96.95,70,9545,6.46,Credit Card,Tier3
27,65737.54,16,9,75,61.44,28.37,44,4793,6.25,Debit Card,Tier2
58,16213.0,51,8,8,52.3,69.43,17,7030,4.33,UPI,Tier3
49,,16,5,79,58.66,76.84,14,3535,8.89,UPI,Tier3
51,163475.0,18,20,23,35.65,,66,4089,7.88,Cash,Tier3
45,83085.45,47,6,25,43.26,24.12,76,1031,2.92,Debit Card,Tier1
32,84187.37,56,11,19,53.51,74.37,119,1342,5.9,Cash,Tier3
47,72128.8,28,12,21,,40.54,75,7714,2.0,Cash,Tier1
54,83130.26,82,9,58,81.43,19.01,112,9235,3.58,Debit Card,Tier1
46,61388.71,78,10,41,25.0,1.9,97,8064,9.23,Debit Card,Tier2
39,91442.5,56,9,58,42.73,37.86,60,1635,9.03,Debit Card,Tier3
21,65193.35,37,4,26,68.08,19.72,66,4019,3.49,UPI,Tier3
37,66273.01,16,4,12,40.64,64.89,88,6499,3.56,Cash,Tier1
49,59156.96,85,13,15,77.39,76.52,80,8990,9.59,Debit Card,Tier2
53,80057.91,65,10,77,47.97,19.53,119,7556,5.7,Cash,Tier1
67,55733.63,60,8,74,80.22,96.5,3,4194,9.48,Cash,Tier1
21,86481.49,61,11,13,56.35,19.22,40,8120,4.48,Credit Card,Tier1
44,40092.72,11,8,6,24.34,30.93,40,4688,6.8,Credit Card,Tier3
34,40823.84,75,10,36,18.77,39.63,109,5209,8.21,UPI,Tier2
29,80123.39,66,9,55,,71.75,73,928,3.41,Credit Card,Tier3
39,63052.03,32,8,41,39.68,84.13,5,9819,7.24,Debit Card,Tier3
34,55014.39,19,6,10,58.2,56.93,43,4414,1.28,UPI,Tier3
27,84581.27,56,4,16,40.53,8.25,1,2709,1.64,Credit Card,Tier1
18,,5,10,58,43.16,90.47,16,7392,3.33,Cash,Tier2
39,60595.57,3,6,50,41.03,26.9,25,9545,4.71,Credit Card,Tier2
43,95783.01,28,10,37,29.03,65.17,89,6502,4.37,Cash,Tier3
35,98861.13,90,9,22,34.17,82.63,83,3961,5.32,Debit Card,Tier3
67,99592.76,87,10,42,46.74,86.36,61,875,8.15,Debit Card,Tier1
31,58793.23,94,8,63,67.04,18.39,110,9051,7.92,UPI,Tier3
64,92075.46,72,7,11,73.26,0.32,82,967,5.94,Cash,Tier1
46,44123.04,29,10,19,47.23,94.45,91,6437,2.26,Debit Card,Tier1
29,45048.14,77,5,5,38.64,34.68,117,7247,6.82,Credit Card,Tier1
53,13289.97,59,10,50,,,9,3511,8.96,Debit Card,Tier2
52,,25,1,36,59.36,80.34,102,1226,5.24,Cash,Tier2
69,45992.44,22,6,53,39.55,30.32,85,6833,2.55,Credit Card,Tier1
29,62216.28,97,14,14,42.91,,69,1704,3.47,Debit Card,Tier3
24,44972.86,71,3,21,72.15,7.12,112,2089,6.65,Debit Card,Tier1
46,80293.64,23,4,24,55.58,37.73,30,3908,6.85,Cash,Tier2
28,56736.06,70,11,55,23.51,23.1,8,1557,2.09,Debit Card,Tier2
50,36294.03,79,7,26,37.36,14.77,28,2591,7.38,Credit Card,Tier1
23,74716.58,79,8,24,46.04,34.89,81,8832,9.72,Debit Card,Tier1
64,33457.94,40,4,69,43.27,39.03,101,7230,3.26,Debit Card,Tier2
32,46577.07,98,8,8,30.48,84.88,52,6044,1.11,Cash,Tier2
49,18648.44,14,6,58,73.12,,21,7914,5.38,Debit Card,Tier2
68,33672.92,29,14,69,47.73,75.1,18,9217,9.78,Cash,Tier3
28,68927.64,16,8,55,26.51,64.9,117,9051,1.4,Credit Card,Tier1
40,21780.21,93,6,15,34.49,67.89,10,9249,5.8,Cash,Tier1
43,32414.79,87,4,31,34.97,24.24,70,3400,3.99,Credit Card,Tier1
51,64947.88,10,4,30,21.2,72.98,108,4737,5.24,Cash,Tier3
63,53040.65,47,10,21,42.12,,101,4507,8.93,Cash,Tier1
51,108824.81,4,8,46,36.74,77.23,87,434,5.09,Cash,Tier1
46,105345.72,12,6,52,45.7,37.57,82,8101,7.58,Credit Card,Tier1
21,45905.71,42,8,37,57.49,32.96,109,5408,8.1,Credit Card,Tier3
34,77257.03,98,5,65,,15.67,58,6104,6.99,Cash,Tier2
52,81484.22,4,4,33,50.96,,14,3679,2.3,Cash,Tier2
30,51855.47,84,20,67,28.63,32.51,96,5823,9.62,Cash,Tier3
58,32098.09,92,9,41,25.65,71.68,53,8076,2.65,UPI,Tier2
56,64729.43,92,12,60,59.21,82.19,84,2810,6.42,Credit Card,Tier2
32,61197.4,6,10,20,32.54,78.89,54,2743,2.22,Cash,Tier1
46,55413.18,14,8,60,53.88,61.42,101,3301,1.19,Credit Card,Tier2
46,74730.97,35,11,46,57.22,14.36,57,505,1.36,Credit Card,Tier1
28,48483.95,47,8,28,41.88,44.96,5,9639,4.48,Credit Card,Tier3
69,39656.05,58,11,73,53.01,83.0,89,4321,4.91,Cash,Tier3
49,67399.83,65,7,35,51.23,64.03,35,3818,6.21,Debit Card,Tier1
19,73491.34,19,8,15,48.59,63.62,63,3845,4.11,UPI,Tier3
64,39113.81,57,7,6,44.09,74.35,86,2841,4.71,Debit Card,Tier1
31,85417.99,65,11,75,48.14,12.89,8,9576,9.11,Credit Card,Tier3
37,26049.41,13,12,39,38.24,,35,2837,4.11,Debit Card,Tier2
39,52281.5,8,6,66,23.65,27.0,75,4772,3.83,UPI,Tier3
28,59323.81,18,9,58,46.5,59.18,65,7457,7.48,UPI,Tier3
44,51003.08,35,8,73,49.92,59.96,96,6429,9.8,UPI,Tier3
20,52568.67,87,8,55,65.1,18.11,26,7761,1.22,UPI,Tier2
34,106163.64,26,11,13,37.79,67.22,32,9607,1.62,Credit Card,Tier1
61,46280.55,38,11,18,36.52,70.95,96,5315,7.9,UPI,Tier1
45,118706.88,84,9,60,21.45,41.57,34,463,1.53,Credit Card,Tier2
46,74616.79,66,9,38,26.29,57.72,101,4213,7.73,Cash,Tier3
38,,26,11,5,19.76,36.78,13,8275,4.39,UPI,Tier3
64,75477.29,57,7,42,22.62,85.28,79,4248,5.59,UPI,Tier3
33,120658.41,25,5,21,35.77,64.7,38,2454,1.25,UPI,Tier2
54,43140.95,30,9,20,,54.33,67,6480,3.72,Cash,Tier1
37,40350.81,82,9,52,49.97,94.33,80,3594,8.53,Cash,Tier2
23,48392.94,7,8,54,67.78,76.39,100,6360,9.58,UPI,Tier2
36,65707.15,27,8,75,52.14,30.41,66,1820,5.95,Cash,Tier2
22,27033.04,11,7,45,16.09,14.9,79,1512,9.86,Cash,Tier1
20,,8,14,48,47.37,3.32,43,3821,1.88,UPI,Tier1
18,102258.04,11,11,19,69.7,55.88,68,6284,8.83,UPI,Tier2
55,,88,8,65,26.77,23.64,13,6312,7.79,Credit Card,Tier3
32,58560.92,30,6,54,50.34,85.58,39,7614,2.03,Debit Card,Tier3
51,51400.47,94,13,56,39.21,0.59,16,3090,7.28,Debit Card,Tier1
52,84767.26,15,7,56,42.3,15.9,42,2029,6.83,Debit Card,Tier1
66,46831.68,56,10,40,60.19,36.96,113,8808,9.52,Debit Card,Tier3
42,105620.71,35,7,37,45.78,68.63,73,7833,3.05,Cash,Tier2
41,107533.91,39,5,49,45.57,54.55,99,7933,3.97,Cash,Tier2
29,70648.52,24,6,77,40.73,33.22,118,6868,2.72,Cash,Tier3
35,64746.67,8,7,6,65.78,23.81,48,2625,9.38,Cash,Tier3
32,87674.52,43,12,5,40.19,22.96,26,7411,8.74,Debit Card,Tier3
61,89085.57,42,9,74,45.23,82.61,91,6776,3.5,Cash,Tier1
33,47268.18,84,9,51,38.15,30.62,103,6904,8.74,Debit Card,Tier3
44,53415.79,41,9,68,30.64,90.58,80,2146,9.65,Debit Card,Tier2
25,35908.36,47,8,22,58.65,2.59,54,3847,2.15,Credit Card,Tier2
63,73999.43,26,8,58,59.79,,74,3952,9.57,UPI,Tier3
42,79665.81,52,7,39,47.41,99.69,21,6963,8.98,Cash,Tier1
34,35301.64,88,8,63,,61.57,58,4532,9.12,Cash,Tier2
46,,22,8,40,60.81,95.94,91,461,1.52,Credit Card,Tier3
25,35360.41,5,8,30,39.44,18.14,16,6826,9.45,Debit Card,Tier2
32,45226.4,15,7,49,41.24,87.86,95,1971,9.95,UPI,Tier1
44,77122.38,36,6,73,31.5,66.24,89,7433,7.41,Credit Card,Tier3
63,48863.39,63,3,34,55.49,20.66,51,1742,8.53,Credit Card,Tier3
67,58381.83,93,7,37,40.75,77.75,13,6897,5.38,UPI,Tier2
69,29199.14,79,6,27,45.81,39.39,106,6835,1.87,Debit Card,Tier2
24,69113.78,91,9,25,51.98,51.48,55,9710,5.26,Cash,Tier2
20,64025.99,49,7,67,52.67,91.38,36,1713,9.1,Debit Card,Tier3
46,48962.9,55,12,74,28.02,37.05,94,3105,5.01,UPI,Tier3
61,60841.69,72,5,72,54.22,53.39,6,7332,4.05,Debit Card,Tier1
41,68966.49,60,7,40,75.27,28.47,39,1674,6.71,UPI,Tier1
20,47072.9,57,5,41,45.07,45.76,97,1473,9.72,Debit Card,Tier1
37,32522.22,29,11,5,64.84,22.95,6,1403,6.11,Credit Card,Tier2
63,104722.64,19,10,30,20.33,66.03,5,3250,5.79,Credit Card,Tier3
32,51068.0,95,7,46,46.49,46.72,42,7436,5.22,UPI,Tier1
42,62871.28,73,8,44,14.84,75.41,93,578,4.73,Credit Card,Tier1
47,87238.47,10,9,57,59.71,86.84,82,2903,4.77,Credit Card,Tier1
31,142639.21,10,6,66,29.72,61.78,110,5261,9.74,Debit Card,Tier2
24,37621.3,97,9,48,39.07,14.28,14,458,3.52,Credit Card,Tier1
34,74896.2,89,4,77,30.62,40.33,74,7592,5.3,Credit Card,Tier2
61,49433.85,57,13,40,60.52,22.78,42,9415,2.08,Credit Card,Tier2
37,53146.61,54,7,8,61.43,90.59,80,6567,5.25,Credit Card,Tier2
53,49155.34,56,5,25,31.8,,111,417,4.03,Credit Card,Tier1
26,40235.59,68,4,21,,35.54,43,5563,5.36,Cash,Tier1
55,64091.59,69,8,20,29.67,,72,9283,4.9,Cash,Tier1
65,32560.94,87,9,45,44.41,46.68,8,4029,9.01,UPI,Tier1
39,343319.08,55,45,59,24.95,32.08,55,1592,6.47,Credit Card,Tier3
19,66210.06,69,6,61,33.39,98.63,83,255,4.67,Debit Card,Tier1
41,,72,9,70,43.88,23.21,112,1403,4.53,UPI,Tier3
25,54743.85,81,8,42,,,103,4021,1.48,Debit Card,Tier2
28,56921.51,1,12,60,40.33,70.33,38,4906,3.09,Debit Card,Tier1
30,71326.41,12,6,41,67.25,33.12,87,1165,8.99,Cash,Tier1
34,39390.89,35,10,54,35.92,50.67,106,8530,4.34,Credit Card,Tier1
25,,78,3,59,18.28,2.19,87,5487,9.62,Cash,Tier1
38,46088.5,82,9,5,24.45,22.21,93,3297,2.48,Cash,Tier2
35,45407.49,74,13,69,35.28,82.36,11,9048,2.29,UPI,Tier2
47,18583.56,79,9,69,83.66,10.14,70,6126,8.89,Credit Card,Tier1
35,94465.18,33,5,48,39.55,57.46,113,1561,5.66,Debit Card,Tier1
63,49896.15,83,4,16,34.41,21.51,34,3328,8.67,Cash,Tier1
64,90594.27,98,8,57,51.11,43.23,94,5817,3.77,Debit Card,Tier1
48,88513.43,25,3,65,66.06,72.59,43,2406,3.15,Credit Card,Tier1
55,36708.01,16,6,17,51.97,44.83,16,1915,6.67,Cash,Tier2
49,41054.95,8,8,46,41.78,49.66,4,9536,3.84,Debit Card,Tier2
28,121331.07,35,9,50,74.84,97.42,82,201,1.3,Debit Card,Tier2
62,103520.37,85,12,46,57.92,17.96,53,1470,9.11,Credit Card,Tier3
42,64306.59,83,8,20,48.07,62.62,102,4130,8.38,Cash,Tier3
50,70662.21,46,11,48,64.98,20.58,40,6605,5.73,Cash,Tier1
55,51121.38,11,11,74,,85.14,109,8587,3.32,UPI,Tier2
58,74511.76,61,9,20,43.22,69.96,38,8419,3.94,Debit Card,Tier2
25,49222.0,44,13,26,34.38,78.46,61,4256,1.31,UPI,Tier1
28,20288.22,11,11,39,32.01,74.87,29,1221,2.13,Credit Card,Tier2
39,35925.77,11,6,77,44.73,27.31,38,6322,4.02,Credit Card,Tier3
68,65464.04,22,14,53,29.82,72.02,73,5429,8.44,Cash,Tier3
41,40116.52,85,13,75,64.87,45.6,51,7099,8.01,Cash,Tier3
58,63519.9,91,5,68,48.57,38.65,56,9586,4.7,Credit Card,Tier1
34,41357.46,82,7,35,40.73,36.14,91,3918,8.79,Debit Card,Tier3
29,47788.21,62,9,5,46.56,69.22,17,8890,6.05,Credit Card,Tier1
63,83769.64,48,8,29,63.61,55.74,11,7600,9.32,Debit Card,Tier3
49,70444.57,94,8,24,45.59,42.88,97,4199,1.2,Cash,Tier1
32,64787.38,63,11,77,44.24,83.1,63,582,8.78,Credit Card,Tier3
33,84337.21,51,11,12,82.12,,114,9566,7.37,Cash,Tier1
39,75573.39,45,8,68,33.21,11.14,8,4448,4.05,Debit Card,Tier3
45,96824.39,33,13,20,41.74,32.71,76,4028,7.28,UPI,Tier3
37,54883.1,85,3,59,23.13,77.67,117,6900,7.32,Debit Card,Tier1
50,55548.03,60,13,30,61.56,65.13,3,2689,6.43,Cash,Tier1
27,36375.6,2,6,69,45.47,42.72,44,5001,9.2,Debit Card,Tier1
57,55562.42,13,5,32,66.34,46.12,75,6335,9.08,Debit Card,Tier2
49,86224.94,66,7,50,56.18,57.69,74,3835,3.07,Cash,Tier1
67,374398.88,57,25,58,23.94,12.72,87,9190,3.12,Cash,Tier3
50,86126.71,43,8,58,35.1,19.04,15,1003,5.13,Credit Card,Tier3
19,25527.78,45,9,76,21.74,13.03,34,1679,7.1,Debit Card,Tier2
50,88829.19,31,8,53,31.5,9.51,26,9876,7.81,UPI,Tier2
50,24552.59,10,9,77,7.39,68.21,62,5101,9.9,Debit Card,Tier3
58,84758.58,23,3,50,44.55,20.29,98,4134,3.36,Credit Card,Tier3
30,56908.74,86,6,5,51.23,14.3,17,4175,5.84,UPI,Tier2
47,80455.73,29,9,48,40.41,74.9,49,5556,2.87,Cash,Tier3
50,35686.14,97,9,8,53.63,51.71,7,3767,8.68,UPI,Tier2
30,90765.69,31,18,35,34.13,44.41,26,9270,4.36,Debit Card,Tier3
69,32770.56,78,7,19,47.74,35.54,42,3409,9.61,Debit Card,Tier3
43,50293.99,74,4,5,25.93,59.4,91,7456,7.49,Debit Card,Tier1
39,43041.92,18,8,76,47.34,83.17,15,1595,7.7,Cash,Tier3
56,26405.73,11,15,10,51.59,39.59,96,3104,1.59,Cash,Tier2
19,67079.61,47,9,31,46.76,0.81,35,6541,6.25,Debit Card,Tier3
55,104733.96,3,5,30,40.2,88.68,88,9169,1.4,Credit Card,Tier2
56,123671.91,2,7,70,61.27,53.73,85,4536,1.68,UPI,Tier3
43,67137.43,54,7,17,,12.96,18,4809,9.55,Debit Card,Tier1
63,89566.99,72,5,75,50.4,5.03,62,833,1.59,Cash,Tier1
67,70106.08,31,7,38,56.95,,38,8572,9.42,Debit Card,Tier1
32,75975.43,8,5,37,58.74,49.24,55,9928,3.29,Debit Card,Tier1
51,57472.73,43,5,44,37.44,10.63,83,7792,1.18,Cash,Tier3
59,,48,6,47,62.17,59.22,23,5190,9.74,Debit Card,Tier1
61,76824.53,2,12,11,44.61,66.75,54,9019,5.17,UPI,Tier1
66,52273.89,22,8,43,62.28,63.94,23,3288,3.86,Cash,Tier1
57,63295.13,5,4,70,51.79,39.73,34,5718,4.6,Cash,Tier2
28,63714.54,7,9,40,43.01,36.11,1,1902,9.34,Credit Card,Tier3
20,83180.87,20,6,68,39.92,,112,6736,3.27,Cash,Tier3
23,41547.29,92,2,8,26.85,,8,932,9.36,UPI,Tier2
26,63866.07,77,7,26,45.18,59.64,8,690,1.73,Cash,Tier3
23,107064.12,2,12,75,21.78,91.1,89,8375,1.84,Cash,Tier2
26,90609.32,32,3,8,37.63,,104,3889,5.45,Cash,Tier1
56,94681.94,90,7,68,42.18,71.53,7,2146,4.01,UPI,Tier3
48,65537.5,3,6,26,,,80,6764,1.18,UPI,Tier2
49,72061.95,41,6,66,21.91,99.66,115,1055,5.89,Credit Card,Tier1
58,87049.2,42,8,44,43.82,62.53,35,9489,3.47,UPI,Tier1
67,99325.62,77,9,24,23.11,,63,3136,5.8,UPI,Tier1
29,22064.74,85,2,13,13.74,44.11,17,8313,6.31,Credit Card,Tier3
25,36060.29,45,12,69,52.31,75.23,112,9731,2.84,Debit Card,Tier1
25,93807.77,87,7,27,48.53,97.07,86,9100,8.37,Credit Card,Tier3
67,58908.43,71,11,39,47.89,13.03,91,6925,5.39,Debit Card,Tier2
45,50222.14,17,7,63,44.73,68.06,37,9496,7.56,Credit Card,Tier2
37,37408.46,92,16,18,51.44,,75,7474,6.36,Debit Card,Tier2
64,,47,9,48,35.34,58.07,3,6526,6.02,UPI,Tier2
24,34147.88,94,7,26,32.44,41.46,78,2632,8.24,Credit Card,Tier2
28,111004.07,69,11,32,77.62,14.45,118,2158,3.94,UPI,Tier3
37,64506.41,24,11,63,52.06,45.24,18,6125,7.26,UPI,Tier1
33,63725.09,71,7,51,33.89,95.04,61,7991,2.83,Cash,Tier1
21,77937.69,34,8,72,57.14,8.21,57,5654,7.07,UPI,Tier1
23,86171.59,50,9,74,47.51,99.29,119,7725,4.31,Credit Card,Tier2
39,85809.54,42,9,21,39.61,5.02,9,8310,1.14,Debit Card,Tier2
43,88619.68,33,7,35,41.55,39.61,8,2199,8.93,Credit Card,Tier3
20,51121.4,27,7,18,,71.96,68,9888,1.83,UPI,Tier3
58,58446.93,78,4,53,39.26,63.16,50,9122,5.48,Debit Card,Tier1
59,81918.7,59,7,71,47.62,21.46,1,7481,7.71,Debit Card,Tier2
31,53397.44,19,4,25,58.38,,14,9506,1.84,UPI,Tier3
28,64887.65,76,5,17,32.37,54.45,111,4903,5.19,UPI,Tier1
35,73772.8,3,10,79,53.82,99.05,90,1561,2.3,Credit Card,Tier1
29,82274.07,71,7,54,49.18,20.11,99,9789,9.2,UPI,Tier1
40,25891.02,99,10,72,67.1,53.5,55,345,5.49,Credit Card,Tier3
29,80724.4,25,13,16,45.27,55.41,109,3425,5.17,Credit Card,Tier2
30,59858.07,15,14,52,54.5,57.35,39,4933,6.36,Credit Card,Tier1
42,80564.07,83,8,68,55.69,,9,6677,5.02,Credit Card,Tier2
62,82092.5,60,10,19,34.35,,72,4430,9.63,UPI,Tier3
68,100374.13,83,15,20,36.12,19.59,110,5091,7.5,Cash,Tier1
36,94775.98,23,10,76,29.32,91.62,21,3228,8.62,UPI,Tier1
63,94624.58,11,9,54,31.17,52.95,43,1924,2.02,Debit Card,Tier2
53,96760.75,59,5,45,41.66,23.69,59,8415,8.92,Debit Card,Tier1
62,71410.34,85,9,8,48.13,19.83,96,714,5.43,Cash,Tier2
25,65708.07,34,4,24,67.06,10.08,71,1188,6.8,Cash,Tier3
46,84201.98,7,14,12,41.82,17.88,16,2443,6.54,Cash,Tier1
49,81105.78,44,10,72,20.27,94.65,32,2146,6.67,UPI,Tier3
68,58200.54,91,5,51,60.6,45.79,96,9677,7.22,Cash,Tier1
61,73906.11,64,6,37,60.72,52.59,50,2790,2.86,Credit Card,Tier1
35,64227.88,23,11,9,39.04,13.7,119,8237,5.63,Credit Card,Tier1
23,46213.48,58,6,72,22.43,55.05,35,2921,3.07,UPI,Tier2
35,93390.14,20,4,45,43.97,70.44,117,7207,1.95,Debit Card,Tier3
36,,27,5,65,38.62,35.82,74,2528,7.37,Debit Card,Tier3
39,110071.58,60,8,28,62.03,95.63,96,9205,5.8,Debit Card,Tier2
54,29239.17,8,9,31,78.85,65.63,23,7125,1.55,UPI,Tier3
49,52750.87,67,11,33,,75.43,84,9012,7.47,Cash,Tier3
58,65718.05,2,4,71,51.56,71.31,1,4623,2.91,Debit Card,Tier1
20,90022.38,22,8,41,50.95,79.87,100,8002,5.78,Cash,Tier1
45,73788.33,70,14,79,49.05,48.56,31,5246,2.67,Debit Card,Tier3
27,71830.4,36,7,57,23.89,89.42,71,432,7.11,Cash,Tier3
68,40200.2,24,17,6,,85.23,119,2011,1.89,Credit Card,Tier2
52,39547.29,12,10,41,42.99,57.85,48,2665,6.15,Cash,Tier3
46,72095.1,81,11,77,42.25,25.14,27,4314,9.36,UPI,Tier1
32,34989.67,22,11,76,,64.71,2,6280,7.65,Credit Card,Tier1
50,53298.69,83,9,69,39.12,6.66,92,6790,7.77,UPI,Tier1
24,76020.18,73,9,52,21.35,72.31,116,5777,8.22,Cash,Tier3
29,43388.87,76,8,53,47.18,53.39,98,4841,9.87,Cash,Tier1
66,100317.83,96,5,51,68.46,68.13,22,8014,1.02,Debit Card,Tier3
47,91926.6,95,8,79,37.07,54.78,74,4406,5.92,Cash,Tier1
38,30428.76,81,9,8,51.29,83.13,23,4121,9.12,Credit Card,Tier3
48,,23,8,7,69.32,73.13,50,2041,8.52,UPI,Tier2
41,14712.9,74,8,40,76.94,89.73,83,2895,1.82,Credit Card,Tier3
37,47782.99,63,5,10,36.68,30.87,104,5873,3.74,Debit Card,Tier3
54,81860.55,30,10,38,52.95,90.66,108,5993,2.41,Cash,Tier3
21,55894.31,19,9,56,33.36,42.06,58,8037,8.76,UPI,Tier1
45,75137.54,26,4,35,48.64,93.59,110,1595,6.3,UPI,Tier2
61,31508.64,90,9,38,31.59,37.68,44,2836,8.39,Cash,Tier1
37,82555.46,11,9,46,41.47,75.23,116,6466,7.01,UPI,Tier3
41,52787.6,20,9,52,71.47,83.73,118,2005,5.26,Cash,Tier1
67,65267.73,56,9,60,69.2,41.72,10,5262,9.7,Cash,Tier3
66,62956.76,45,4,22,63.84,54.65,23,3838,8.51,Cash,Tier2
68,37025.93,68,7,18,44.8,60.67,63,9636,8.62,Debit Card,Tier1
49,39632.14,47,9,73,58.37,5.28,55,4474,9.78,UPI,Tier2
58,86291.48,76,5,62,62.82,45.82,92,7484,2.34,UPI,Tier1
53,73777.83,89,4,74,49.86,18.93,58,3624,8.78,Debit Card,Tier3
51,88101.08,58,8,60,,63.24,113,3831,7.66,Credit Card,Tier1
53,72142.48,10,12,57,39.6,93.66,78,6828,1.43,Cash,Tier2
19,68145.79,22,8,73,31.48,32.2,109,7955,1.89,Cash,Tier3
32,27027.77,71,9,77,37.37,38.96,13,9008,9.49,Credit Card,Tier1
51,59051.93,24,5,64,19.5,84.29,90,1820,3.79,Credit Card,Tier2
53,64397.54,66,12,36,26.82,75.55,89,7092,2.37,UPI,Tier2
23,107968.36,96,5,51,19.14,87.18,13,7379,9.21,UPI,Tier2
56,80113.05,85,8,26,53.23,69.88,29,7119,8.13,Cash,Tier3
59,98793.35,61,15,8,80.62,49.72,2,5251,5.61,Debit Card,Tier1
68,78145.83,7,14,29,22.64,31.54,99,4756,7.26,Cash,Tier2
68,49351.33,72,9,65,49.96,94.89,104,9814,9.99,Debit Card,Tier2
29,67576.73,38,12,16,34.77,64.3,108,3749,3.08,Cash,Tier1
20,70196.92,21,9,35,53.01,41.95,52,6730,3.5,Credit Card,Tier1
62,44338.58,8,8,5,46.82,,54,1144,2.74,Credit Card,Tier2
35,56543.48,89,8,65,40.13,85.91,105,7369,3.49,Debit Card,Tier3
57,60473.13,28,6,10,45.63,25.36,92,8187,1.97,Cash,Tier3
38,100323.64,92,7,26,32.61,77.57,9,8747,8.58,UPI,Tier3
32,19223.71,54,9,16,53.29,55.31,102,9808,2.47,Credit Card,Tier3
50,91528.01,31,6,27,70.01,66.27,28,7545,4.44,UPI,Tier2
52,44390.5,89,5,39,68.7,74.46,64,5553,6.15,Cash,Tier2
43,34814.26,41,9,18,45.33,21.88,36,8150,8.72,Cash,Tier3
25,90958.73,37,10,34,57.72,,3,4695,2.16,Credit Card,Tier3
53,81101.76,38,11,26,38.5,37.6,69,6112,6.82,Debit Card,Tier2
65,92599.41,51,8,20,49.09,61.06,36,2690,8.4,Credit Card,Tier3
47,82615.44,76,13,75,44.75,65.51,69,704,8.85,Credit Card,Tier1
40,110316.59,37,7,19,46.32,49.92,26,7253,9.28,Debit Card,Tier1
59,77291.92,31,4,6,50.77,7.77,14,5237,1.67,UPI,Tier3
61,61557.5,62,6,26,52.69,69.65,89,843,5.19,UPI,Tier3
31,,18,11,67,55.12,16.33,111,8352,4.93,UPI,Tier1
31,92356.32,90,6,19,37.81,78.98,67,7530,1.03,Debit Card,Tier2
19,47853.74,6,7,23,50.57,72.58,19,7921,7.54,Cash,Tier2
54,,9,8,25,42.06,87.63,113,3607,7.87,UPI,Tier3
22,,11,8,31,47.49,49.3,110,4819,2.97,Debit Card,Tier1
55,18699.18,95,4,23,37.4,24.67,29,4021,8.73,Debit Card,Tier2
62,68037.72,2,12,30,42.13,43.66,84,2403,3.85,Credit Card,Tier2
58,23505.17,29,6,53,10.21,34.39,75,5113,3.8,Debit Card,Tier3
64,66167.3,51,11,62,65.71,62.65,111,8716,6.03,UPI,Tier2
31,84036.37,69,8,71,39.99,10.73,76,4442,2.96,UPI,Tier1
56,54508.72,23,9,29,66.12,53.76,36,3830,7.78,Cash,Tier1
42,101896.55,7,5,78,45.97,62.11,108,8334,3.34,Credit Card,Tier2
37,32868.98,56,5,26,47.05,,73,8235,6.22,Cash,Tier1
19,91207.73,77,4,18,71.65,4.02,118,6362,3.2,UPI,Tier3
56,79853.02,62,5,13,62.49,35.25,46,2824,4.09,Cash,Tier3
23,27247.27,74,11,26,16.74,53.33,56,7041,9.4,Debit Card,Tier2
34,124637.47,80,11,19,68.39,5.3,118,9763,5.19,Credit Card,Tier3
42,63597.6,15,9,44,27.69,60.46,93,4199,7.12,Debit Card,Tier3
45,,53,8,69,50.53,74.09,10,7845,2.98,UPI,Tier2
19,34044.08,43,9,57,60.56,38.55,67,3885,7.3,Debit Card,Tier3
52,60159.6,83,9,35,48.37,52.56,64,8547,9.8,Debit Card,Tier2
54,62197.05,85,5,14,29.97,54.23,82,2900,7.36,Debit Card,Tier3
22,67258.2,35,6,38,56.18,72.88,65,3152,5.4,Credit Card,Tier2
18,58448.48,79,11,41,43.95,90.76,108,1530,2.07,Credit Card,Tier3
57,78930.96,14,7,17,68.06,88.17,32,8988,5.83,Cash,Tier3
29,56472.14,93,9,42,53.44,18.14,14,3346,3.17,UPI,Tier2
53,22430.79,69,6,49,53.44,5.64,100,365,7.69,UPI,Tier1
62,61714.05,49,5,14,53.99,35.36,4,2375,3.95,UPI,Tier1
40,12915.49,18,8,26,59.17,90.63,119,2614,2.39,Credit Card,Tier1
64,291131.8,51,20,65,,82.57,106,5303,2.27,Cash,Tier3
48,43455.39,1,12,42,60.01,67.75,119,7654,2.33,Credit Card,Tier3
28,68593.93,27,10,62,80.16,5.55,68,8292,7.25,Credit Card,Tier2
27,93909.65,64,12,30,67.04,17.56,56,1126,1.45,Credit Card,Tier2
20,44127.53,60,5,79,53.3,93.03,119,1742,9.67,Credit Card,Tier2
31,88347.64,91,6,53,45.6,3.38,1,2630,2.78,UPI,Tier2
33,55465.43,89,6,78,,80.03,99,7235,3.97,UPI,Tier3
27,103570.29,41,9,66,39.54,46.34,79,5889,2.53,Cash,Tier3
46,56966.64,21,5,13,59.7,74.75,99,818,8.95,Credit Card,Tier2
27,46509.15,14,9,64,41.44,5.76,107,8865,1.33,Credit Card,Tier2
29,80119.25,20,14,34,42.18,34.11,4,9476,7.45,Cash,Tier2
47,55412.63,92,7,25,16.91,62.15,15,4729,2.01,Credit Card,Tier1
58,46488.11,85,6,54,60.36,21.23,87,5800,10.0,Credit Card,Tier2
18,54487.52,87,9,33,55.18,13.95,97,3168,4.49,Cash,Tier1
22,64018.66,11,8,44,53.13,2.52,55,9996,3.9,Cash,Tier3
37,94527.96,66,11,21,51.84,95.9,40,7349,4.52,Debit Card,Tier1
25,22450.07,84,9,72,62.58,72.91,57,1363,4.29,Cash,Tier2
60,65507.77,24,10,68,27.71,26.22,104,8393,2.57,Cash,Tier3
29,78747.88,89,6,27,26.3,55.93,112,7151,8.84,Cash,Tier3
18,,37,8,11,43.67,65.11,7,8275,6.7,Debit Card,Tier2
37,93817.03,86,10,38,45.17,43.2,68,8263,4.13,Debit Card,Tier2
45,63364.4,24,6,28,55.54,7.02,69,2360,4.37,Credit Card,Tier3
60,60939.87,15,8,11,40.55,39.04,10,2122,1.67,UPI,Tier2
54,78031.25,12,7,12,30.28,11.76,51,3635,4.5,Debit Card,Tier1
64,67184.9,95,8,7,51.42,14.61,76,2260,7.9,Credit Card,Tier1
54,56411.01,64,8,8,52.86,64.73,97,4051,4.67,Debit Card,Tier1
29,76355.17,31,13,67,56.45,33.79,34,8073,5.06,Credit Card,Tier3
54,50644.38,53,8,70,40.67,31.92,98,8867,2.67,Credit Card,Tier3
66,51554.1,94,9,73,48.91,87.96,56,3715,2.38,Cash,Tier3
66,53384.13,84,9,14,17.14,43.87,118,6894,7.35,UPI,Tier3
61,94767.52,72,7,67,46.24,83.34,55,8699,7.13,UPI,Tier1
45,10000.0,44,4,41,72.06,90.41,25,8710,6.61,Credit Card,Tier2
64,73703.17,30,5,77,53.97,93.97,19,2865,7.95,Debit Card,Tier3
32,65753.98,35,7,76,32.08,78.81,4,233,5.21,Credit Card,Tier2
23,28020.85,21,4,7,30.52,43.28,88,307,2.12,UPI,Tier2
61,71813.99,63,10,33,55.7,,32,1872,5.91,Debit Card,Tier2
37,75466.54,92,10,66,62.03,53.11,32,8215,3.28,Debit Card,Tier2
67,77972.06,17,5,37,25.69,39.34,104,8363,7.31,Credit Card,Tier1
31,10000.0,12,11,64,23.23,,111,6868,6.9,Credit Card,Tier1
19,95060.57,18,9,46,32.28,95.9,80,7317,3.27,Credit Card,Tier3
26,48769.79,92,5,66,64.03,87.61,22,1610,8.79,UPI,Tier2
54,80104.49,60,7,79,60.81,79.26,79,4633,9.05,UPI,Tier2
37,81303.62,67,3,10,33.67,20.79,84,1957,7.18,Debit Card,Tier1
43,45712.66,15,10,53,65.43,92.21,58,8479,4.78,Credit Card,Tier3
46,79530.12,16,14,76,39.18,22.9,115,2002,6.38,Credit Card,Tier1
18,56519.15,22,9,47,65.87,93.72,47,447,4.0,Cash,Tier1
52,19429.7,95,7,13,59.02,79.72,28,584,4.09,Credit Card,Tier3
23,90690.32,63,9,55,73.93,74.97,74,951,5.41,Credit Card,Tier1
54,47949.01,31,8,18,25.97,99.88,80,8096,3.81,UPI,Tier3
22,46201.14,1,5,28,54.04,50.52,118,2834,7.49,UPI,Tier3
50,56132.55,75,9,76,28.13,39.87,47,5466,2.27,Credit Card,Tier2
66,70989.21,6,9,37,21.7,85.05,55,9476,1.79,Cash,Tier2
68,63740.05,87,7,33,47.53,72.46,81,8426,5.77,Credit Card,Tier2
31,77057.47,9,7,6,35.19,65.85,100,4438,5.13,Cash,Tier2
29,35531.23,52,5,56,27.63,34.2,93,8238,4.18,Cash,Tier2
59,48667.5,80,11,49,55.04,70.48,17,2258,8.99,Debit Card,Tier2
37,62448.06,62,7,42,35.28,31.29,42,6672,5.69,Cash,Tier3
67,106753.52,58,10,49,36.72,53.17,94,7243,8.5,Credit Card,Tier3
41,62496.12,19,6,20,35.21,35.63,94,8259,7.86,Debit Card,Tier1
60,88874.89,13,11,51,,24.61,118,5756,5.74,Cash,Tier3
51,65848.21,32,6,29,51.93,15.22,42,8009,8.58,Credit Card,Tier3
42,54359.51,9,6,61,75.83,13.63,20,1087,6.42,Credit Card,Tier2
67,59572.06,49,4,23,31.67,89.76,40,4658,2.94,UPI,Tier3
46,61294.77,37,5,42,48.98,67.81,28,8464,4.5,Cash,Tier1
56,78280.21,31,12,70,68.77,12.58,106,3324,9.04,UPI,Tier2
48,95241.45,31,8,11,40.74,90.17,74,4152,3.9,Cash,Tier1
64,72912.98,59,7,24,59.85,67.01,27,9174,1.46,Debit Card,Tier1
60,91115.71,55,15,8,46.59,65.85,2,6031,9.26,Cash,Tier3
67,43774.63,19,8,79,42.87,75.66,55,2649,5.68,Debit Card,Tier1
40,55878.13,63,10,19,39.49,67.98,4,9054,7.96,Debit Card,Tier1
61,49065.34,2,8,68,35.36,47.88,100,6249,5.13,Credit Card,Tier1
55,71917.78,45,10,61,41.54,18.12,42,8363,6.69,UPI,Tier2
37,57102.92,96,11,54,64.55,25.88,96,2703,6.28,Cash,Tier2
40,81055.0,43,5,21,43.47,,38,8715,1.87,UPI,Tier2
62,44517.96,98,4,20,23.06,74.11,66,5636,2.39,Debit Card,Tier1
69,65946.68,1,5,7,49.23,21.15,78,843,8.5,UPI,Tier1
33,80110.87,85,11,49,30.79,29.53,109,4253,2.13,Debit Card,Tier2
67,,61,4,48,66.33,62.73,38,4623,3.68,Debit Card,Tier1
59,111675.89,3,10,66,32.76,7.1,43,7516,6.42,Cash,Tier1
25,58770.66,91,8,13,34.04,68.57,51,2731,9.25,Cash,Tier3
67,20449.12,44,10,64,40.44,58.63,91,6499,4.5,Credit Card,Tier2
38,68478.07,7,10,79,48.05,41.7,14,6251,5.68,Debit Card,Tier1
18,65735.76,33,6,78,33.34,4.58,49,9869,9.7,Cash,Tier2
25,63198.32,9,7,61,61.52,23.09,1,6768,7.77,Cash,Tier2
46,86806.2,30,8,65,58.43,28.19,23,8017,3.94,Debit Card,Tier2
49,81443.79,18,8,68,41.94,2.19,38,7504,7.71,Credit Card,Tier2
55,71553.28,56,15,21,50.13,16.0,14,1639,4.09,UPI,Tier3
22,74903.42,90,10,62,51.16,0.97,110,5138,7.01,Debit Card,Tier2
64,62704.11,84,7,51,30.58,4.76,9,2240,2.63,Debit Card,Tier3
39,104060.8,31,7,56,72.3,11.98,22,9662,1.85,Debit Card,Tier3
64,32457.69,72,9,22,43.27,33.86,34,7526,4.54,Cash,Tier2
51,68072.34,63,7,41,67.12,34.43,42,8888,2.79,UPI,Tier2
18,66430.54,87,6,74,58.09,81.83,54,665,8.43,Credit Card,Tier3
43,82892.17,50,9,21,54.78,54.77,45,9521,6.51,Cash,Tier2
60,46435.21,89,6,7,45.67,,14,2715,1.62,Cash,Tier1
27,26639.2,1,4,37,62.97,4.54,13,4711,4.44,Credit Card,Tier1
47,68450.11,82,7,11,60.23,34.59,99,396,4.88,Credit Card,Tier2
67,71187.07,19,11,6,48.92,66.32,51,1964,8.45,Credit Card,Tier3
35,97771.19,64,7,38,,55.36,81,4760,9.0,Cash,Tier1
34,37052.03,53,12,8,39.02,17.68,97,8000,4.7,Cash,Tier2
43,90403.26,6,10,53,23.08,51.02,90,6391,8.23,Debit Card,Tier3
25,117083.12,17,6,21,50.07,82.97,18,4595,7.89,Credit Card,Tier3
64,56689.17,46,7,75,,20.33,92,5890,1.68,Debit Card,Tier1
57,36599.27,72,5,16,22.0,62.18,81,8209,2.08,UPI,Tier3
66,56046.56,73,11,78,,92.19,49,6119,3.54,Cash,Tier3
29,65308.11,55,5,48,34.41,57.04,3,1772,7.27,Debit Card,Tier1
44,77403.33,91,8,53,18.26,89.25,105,6770,1.91,UPI,Tier3
25,51989.32,6,7,73,37.21,20.84,86,2367,6.67,UPI,Tier3
42,99214.37,70,11,21,49.55,41.89,64,9100,1.0,Credit Card,Tier1
63,40480.29,68,7,42,25.88,57.21,113,5197,7.01,Credit Card,Tier3
21,26737.49,86,9,60,33.37,10.45,16,5580,9.61,UPI,Tier1
50,89347.63,40,6,65,54.31,57.25,28,3807,8.86,Cash,Tier1
18,14958.34,91,13,79,47.78,49.31,77,3820,7.97,Debit Card,Tier3
36,60509.15,66,7,36,64.91,55.67,113,1620,3.56,Credit Card,Tier1
48,133588.98,9,9,60,41.14,76.8,68,8582,1.45,Debit Card,Tier2
33,64735.04,11,11,27,49.1,24.71,86,7086,8.97,Debit Card,Tier2
31,40343.11,20,5,70,18.7,46.66,116,6822,2.11,Debit Card,Tier2
65,63737.26,43,4,71,21.82,48.77,108,4744,1.37,Credit Card,Tier1
22,63882.38,58,8,9,49.39,73.54,67,1316,6.18,Cash,Tier3
58,68534.3,78,4,27,72.2,60.99,55,3830,5.81,Cash,Tier1
43,79569.79,26,9,55,70.76,88.06,16,4836,2.62,UPI,Tier3
45,42139.55,38,5,29,17.51,6.15,62,3464,5.69,Cash,Tier3
19,102126.06,94,8,28,66.99,25.9,95,4850,3.29,UPI,Tier1
67,70392.51,36,9,34,23.64,28.17,62,4507,7.91,UPI,Tier3
23,80989.47,99,8,55,63.12,,70,3432,8.53,UPI,Tier2
26,51180.71,55,8,34,37.92,9.04,106,1482,3.91,Debit Card,Tier2
50,93300.41,6,5,76,43.32,83.63,49,2058,9.59,Credit Card,Tier2
58,59344.85,3,7,50,57.44,72.13,47,1877,4.53,Cash,Tier3
42,71106.16,65,7,61,55.39,19.7,22,8726,9.37,Cash,Tier1
65,44471.67,64,10,33,55.21,67.03,24,8924,6.14,UPI,Tier2
30,43067.5,58,7,66,51.05,19.39,9,1508,2.45,Debit Card,Tier2
26,80140.52,58,3,33,,28.09,76,6535,4.86,Cash,Tier3
30,55240.65,18,13,41,41.44,67.19,103,9304,4.06,Debit Card,Tier1
48,46215.89,23,12,44,59.99,28.86,55,6473,8.16,Cash,Tier2
58,,96,11,59,32.23,5.23,14,8423,8.18,Credit Card,Tier3
28,80376.97,29,7,30,42.93,35.38,110,605,8.54,Debit Card,Tier2
21,51161.17,23,5,31,63.28,,41,9417,1.8,Debit Card,Tier2
51,62411.59,36,10,79,48.68,19.05,100,5394,1.44,UPI,Tier1
55,65330.61,70,7,55,58.57,79.86,88,4667,9.21,Credit Card,Tier3
63,22818.32,81,9,26,50.5,12.59,41,7144,3.0,Credit Card,Tier3
21,32635.22,82,13,69,32.16,69.15,16,7239,4.37,Cash,Tier3
55,72398.11,95,7,42,23.45,32.43,94,5738,5.53,Debit Card,Tier2
36,48785.35,6,13,5,46.19,55.81,55,1515,9.55,Cash,Tier3
23,88247.95,34,10,19,,93.74,90,3577,7.04,Cash,Tier3
51,345079.04,44,45,15,40.97,98.09,22,9589,3.87,UPI,Tier3
35,80821.71,44,10,60,36.49,53.07,49,3239,6.79,Credit Card,Tier3
30,105034.98,27,11,42,54.96,14.16,77,3572,9.71,UPI,Tier1
58,63172.03,52,8,58,17.58,85.44,105,4279,1.2,UPI,Tier3
40,79275.4,42,12,27,29.41,73.9,26,3265,2.83,Debit Card,Tier3
36,52143.18,25,9,41,40.65,51.74,111,1809,6.6,Credit Card,Tier1
62,118952.14,74,6,55,72.76,30.7,78,7146,1.19,Cash,Tier2
28,108639.94,39,5,65,51.95,46.69,34,4006,8.8,Debit Card,Tier2
18,65261.37,39,7,26,43.31,,40,9779,4.62,UPI,Tier1
41,73504.9,12,4,70,61.17,74.65,47,1221,8.06,Debit Card,Tier2
24,94904.55,11,9,59,23.26,74.3,112,5575,7.6,UPI,Tier2
42,61762.93,3,14,71,39.82,0.8,93,2387,6.57,UPI,Tier1
38,50554.27,22,7,30,42.63,12.26,26,319,6.39,Debit Card,Tier1
32,84227.77,4,6,42,41.63,51.82,110,4609,9.94,Cash,Tier1
18,66725.66,8,11,54,62.5,82.56,33,2425,1.53,Cash,Tier2
29,69025.88,14,6,27,42.57,,82,8158,4.76,Cash,Tier1
24,46646.03,84,11,57,60.59,62.76,80,9471,8.47,UPI,Tier2
32,27211.21,88,8,43,61.29,32.73,118,9297,4.91,Credit Card,Tier3
38,70195.13,14,13,27,58.89,,19,8922,7.7,Cash,Tier1
36,84909.16,92,6,70,44.38,84.56,15,6457,7.87,Credit Card,Tier2
46,60032.25,16,9,32,49.17,85.93,20,8177,2.15,UPI,Tier2
42,96601.45,32,3,64,,49.89,84,2095,9.3,UPI,Tier3
50,49513.84,64,8,71,58.57,51.22,5,9760,5.41,UPI,Tier2
66,41796.5,76,12,14,21.08,21.77,45,2519,7.72,Cash,Tier1
49,63520.93,16,5,38,47.96,45.95,81,878,9.57,UPI,Tier3
66,,52,13,5,20.12,,64,793,6.24,Cash,Tier2
52,81939.31,19,5,41,59.27,37.87,83,1900,6.78,Cash,Tier2
61,47950.82,69,12,72,57.96,88.89,112,3739,3.92,Debit Card,Tier2
55,95098.07,12,5,75,64.82,87.77,86,1506,6.95,UPI,Tier3
43,108272.17,93,9,71,44.56,92.49,89,2229,1.88,Cash,Tier3
28,64138.83,5,8,62,55.71,2.64,24,9258,3.29,Cash,Tier3
52,92493.63,42,10,20,38.6,9.95,118,7763,8.41,Cash,Tier1
25,41757.06,17,10,68,20.85,11.0,35,1322,5.37,Debit Card,Tier2
63,88654.87,72,6,32,46.79,58.92,97,7246,1.82,Debit Card,Tier1
31,88040.08,94,9,74,53.01,16.17,102,8574,8.16,Cash,Tier1
27,83995.62,10,12,32,52.55,50.4,92,1092,7.96,Credit Card,Tier3
19,64657.61,84,6,22,46.96,81.57,100,8220,2.15,UPI,Tier3
63,10000.0,16,5,47,72.22,69.52,31,4852,6.14,UPI,Tier2
26,,16,6,18,47.5,,14,5553,7.16,Debit Card,Tier3
20,51229.85,42,12,26,55.06,55.39,39,100,3.24,Credit Card,Tier1
38,43478.39,3,9,18,41.9,61.87,50,9899,9.15,Debit Card,Tier1
43,67689.35,23,9,23,50.3,41.59,104,2992,5.87,Cash,Tier3
25,55782.8,86,6,23,55.21,14.62,46,6467,9.81,Credit Card,Tier2
65,46858.54,28,11,43,39.13,87.07,8,2337,9.38,UPI,Tier2
19,41706.4,45,7,37,30.43,88.66,3,3816,9.38,Cash,Tier1
23,49258.71,68,7,42,58.5,81.59,102,7936,2.69,UPI,Tier3
45,89672.98,24,9,36,44.0,86.38,42,8520,4.52,Credit Card,Tier3
46,50457.45,19,7,18,,67.22,9,5109,1.16,Debit Card,Tier2
43,53671.35,75,7,27,66.92,41.12,63,7395,8.45,Cash,Tier2
42,54952.65,40,10,30,44.72,11.54,113,1075,6.03,Cash,Tier3
29,72457.86,46,7,79,44.41,81.12,99,6098,3.2,Cash,Tier2
22,75037.49,40,11,54,36.91,26.9,64,3641,7.81,Cash,Tier1
51,10000.0,62,8,73,45.48,17.19,11,5549,9.36,Cash,Tier2
65,87475.97,18,10,59,39.13,39.54,7,8482,6.18,Credit Card,Tier2
54,96600.1,12,7,71,60.34,66.18,20,7515,5.96,Cash,Tier2
32,41895.9,14,11,24,58.91,56.71,105,7347,5.7,UPI,Tier2
61,43609.44,82,8,60,58.11,54.04,101,5951,9.9,Credit Card,Tier3
53,55094.43,61,6,19,46.88,12.27,83,7903,7.52,Cash,Tier1
32,48367.91,12,12,63,47.86,15.27,47,1444,7.53,Debit Card,Tier2
60,69926.39,27,9,61,56.02,1.91,111,3094,2.94,Debit Card,Tier2
65,22176.44,6,8,35,40.7,24.86,12,3741,7.23,Cash,Tier3
40,161622.36,88,45,73,59.25,54.89,85,510,8.35,Credit Card,Tier1
23,98862.34,33,8,18,25.05,12.37,49,5967,2.02,Credit Card,Tier2
63,44579.16,80,6,26,29.95,15.75,76,7314,8.22,Cash,Tier1
67,92355.42,50,3,51,47.3,75.39,36,4849,9.76,Credit Card,Tier1
61,72817.44,12,4,46,49.89,28.3,105,150,6.47,Debit Card,Tier3
60,25196.11,95,7,75,66.21,64.18,78,2096,8.54,Cash,Tier1
62,78977.24,57,4,65,62.93,96.03,21,6882,6.41,UPI,Tier3
38,62411.32,53,7,9,79.68,,19,4937,1.02,UPI,Tier2
40,54979.72,13,6,28,33.47,91.97,54,8307,6.06,Cash,Tier3
60,70389.06,72,8,18,39.87,88.98,46,8879,9.52,Credit Card,Tier1
33,75441.94,3,8,52,58.47,8.18,27,6540,6.69,Cash,Tier2
64,80567.02,64,4,19,35.34,64.83,21,6561,6.65,Cash,Tier1
32,90921.56,84,11,32,48.17,80.42,54,4924,7.98,Debit Card,Tier3
42,73978.99,58,5,37,36.47,36.77,111,3418,5.42,Cash,Tier1
53,34736.05,4,9,51,27.76,8.41,82,528,8.75,Debit Card,Tier3
28,54579.8,45,7,55,27.4,5.05,102,1091,4.2,Credit Card,Tier2
68,129747.06,66,14,60,8.67,33.73,14,2709,5.49,Debit Card,Tier2
32,80938.8,36,9,70,52.91,79.95,72,9615,9.32,UPI,Tier3
21,117124.32,23,11,58,45.18,70.53,112,8974,8.71,Credit Card,Tier2
38,95699.55,19,8,5,45.16,74.57,102,4861,2.46,Credit Card,Tier2
30,70319.65,40,5,17,13.49,9.03,58,4445,6.61,Credit Card,Tier2
39,71630.96,72,8,59,49.44,18.32,5,1231,8.78,Credit Card,Tier2
36,64195.24,16,6,48,56.02,70.79,7,5770,9.93,Credit Card,Tier1
51,26768.3,58,8,58,36.71,97.99,22,4534,9.97,UPI,Tier3
31,65397.04,18,9,71,58.91,17.01,99,6815,4.59,Cash,Tier2
21,91634.84,36,10,53,28.73,38.88,42,2302,8.06,Debit Card,Tier1
65,51807.92,24,8,74,51.17,42.33,68,8470,9.86,Debit Card,Tier2
69,74062.97,1,5,13,12.98,87.39,28,8785,7.84,Credit Card,Tier3
63,83735.0,1,5,47,41.4,14.78,13,1065,4.39,Debit Card,Tier3
44,44987.03,64,8,69,48.76,36.52,41,6550,6.23,UPI,Tier3
46,55071.34,62,16,68,37.9,,76,7963,8.56,Cash,Tier1
64,42605.95,36,9,43,41.76,7.14,117,7486,8.59,UPI,Tier2
45,46912.36,75,6,41,65.85,70.01,33,6625,7.15,Cash,Tier2
52,36672.68,18,6,30,30.25,92.36,101,4514,3.93,Credit Card,Tier2
25,45190.13,16,13,38,,,81,1009,8.54,Credit Card,Tier2
33,96228.02,17,8,40,55.6,14.33,3,1492,2.59,UPI,Tier3
59,44859.51,24,5,50,22.59,25.79,91,8439,7.58,UPI,Tier1
53,67782.1,98,14,68,39.83,50.31,6,4883,9.95,Debit Card,Tier1
47,53936.89,68,13,78,29.28,11.56,64,7591,9.83,Debit Card,Tier3
35,90935.05,99,8,30,51.36,56.28,76,8374,3.19,UPI,Tier2
19,93845.57,79,8,14,59.49,,109,447,8.76,Cash,Tier2
66,336038.16,2,40,79,30.17,89.61,119,6307,1.5,UPI,Tier3
30,71734.96,95,12,35,61.71,43.24,81,9458,5.81,UPI,Tier3
21,59916.69,73,7,62,32.38,15.58,116,2217,2.11,Debit Card,Tier3
43,38778.76,10,9,32,51.16,26.6,54,3434,7.81,Cash,Tier3
42,107757.64,53,5,39,34.11,2.69,52,1762,3.66,UPI,Tier3
47,48287.19,89,5,61,65.13,37.69,40,4727,1.32,Credit Card,Tier1
28,79600.22,51,7,24,,40.14,63,6202,5.29,Cash,Tier2
24,,69,8,40,19.63,61.17,117,5050,6.15,UPI,Tier3
48,52783.83,14,4,67,41.51,,64,8497,9.16,Credit Card,Tier3
61,87836.28,66,12,74,24.29,88.62,118,3375,8.69,UPI,Tier2
27,81812.69,82,7,48,61.09,9.34,83,2425,7.87,Cash,Tier3
56,103015.2,93,10,17,18.98,81.26,4,5393,1.37,Credit Card,Tier1
30,54674.38,53,8,37,38.65,35.9,38,1261,5.67,Debit Card,Tier3
48,36710.99,84,7,54,102.58,13.96,82,8441,7.97,Cash,Tier2
24,53879.23,64,17,49,57.47,39.92,38,131,9.11,Credit Card,Tier1
66,69594.78,72,9,59,15.96,73.23,7,1313,6.38,UPI,Tier2
59,66280.68,49,5,54,86.09,15.74,24,6602,7.66,Credit Card,Tier2
59,56344.37,90,13,56,72.61,3.46,36,7892,4.08,Debit Card,Tier3
53,22997.66,62,10,51,32.62,19.17,45,710,4.0,Debit Card,Tier2
37,75350.63,37,8,47,50.07,69.87,109,9757,5.63,Debit Card,Tier3
21,108391.58,49,5,14,24.72,31.64,24,7973,6.47,UPI,Tier1
24,75213.53,68,8,52,47.61,97.07,54,4915,9.75,Cash,Tier2
18,78400.98,33,12,72,48.94,5.85,116,6682,1.84,Credit Card,Tier3
61,77593.8,22,12,59,42.05,83.72,83,2833,8.9,Cash,Tier3
62,73735.03,70,11,46,50.48,93.77,36,5333,5.73,Credit Card,Tier3
59,85496.65,33,9,35,61.7,27.95,19,1642,1.07,Credit Card,Tier2
64,73698.22,28,2,34,41.86,44.15,23,1740,6.26,Debit Card,Tier1
30,58121.1,88,7,74,19.26,55.69,79,1133,7.06,Credit Card,Tier2
39,47488.24,4,4,11,33.04,40.1,21,9436,4.13,Debit Card,Tier1
38,59522.58,66,8,36,41.76,22.75,108,698,4.36,UPI,Tier1
39,71910.85,77,7,46,38.52,36.06,82,4755,7.87,Credit Card,Tier2
45,58046.17,49,7,30,52.05,68.37,22,1684,4.95,Cash,Tier1
26,,11,8,16,54.32,38.14,47,9780,1.48,Credit Card,Tier3
43,74661.3,35,6,18,31.21,35.01,88,1256,1.33,Debit Card,Tier2
26,83329.95,39,15,45,31.81,,75,8221,1.51,Debit Card,Tier3
32,93221.49,10,8,47,88.03,97.73,11,5076,2.68,UPI,Tier1
27,66716.16,74,14,34,43.25,92.6,108,6659,8.28,Cash,Tier2
41,36228.92,72,13,13,64.27,77.88,93,246,9.19,UPI,Tier3
59,57407.71,69,7,24,13.98,92.68,53,2478,3.94,Credit Card,Tier3
25,65969.38,23,11,72,80.4,47.05,70,4866,7.78,UPI,Tier3
41,24613.09,34,10,29,38.67,33.96,92,7335,9.93,Credit Card,Tier1
33,95550.62,32,6,7,22.53,74.9,22,8379,8.62,Debit Card,Tier3
66,68132.31,16,9,41,47.13,67.49,2,4776,6.59,UPI,Tier1
43,293559.04,68,35,32,79.11,,115,2977,1.85,Credit Card,Tier2
44,95041.58,54,7,78,78.32,11.93,33,262,8.68,Debit Card,Tier3
54,51136.86,28,8,64,44.14,76.76,87,833,1.88,Debit Card,Tier1
21,77628.92,60,11,78,43.43,43.3,26,2362,3.01,Debit Card,Tier1
67,62582.99,78,10,64,23.02,78.18,57,8958,5.43,UPI,Tier1
41,60950.09,76,14,24,72.28,47.58,6,6462,1.92,Credit Card,Tier2
36,48011.77,60,8,73,64.98,66.3,69,6871,4.91,UPI,Tier1
53,101643.27,85,9,12,69.28,68.45,58,5326,4.07,Credit Card,Tier2
56,56739.0,80,4,76,33.93,71.59,81,3898,3.15,UPI,Tier1
27,80388.21,44,5,36,61.68,46.49,18,351,5.28,UPI,Tier1
42,23749.84,2,6,28,36.21,61.11,47,2880,2.52,Debit Card,Tier1
35,90959.75,23,5,29,75.47,79.03,55,7090,1.66,Credit Card,Tier3
36,88148.65,93,9,79,28.97,46.25,69,9229,7.93,Credit Card,Tier3
53,,46,9,24,38.27,9.27,54,2432,4.8,Cash,Tier2
27,60007.27,73,12,57,56.82,36.98,93,4898,2.26,Credit Card,Tier2
50,73800.0,54,8,25,23.68,37.82,32,6012,8.92,Cash,Tier3
67,115353.39,71,5,33,42.5,97.21,99,9821,9.12,Cash,Tier1
22,26208.79,93,8,77,27.23,64.88,73,9491,2.44,Credit Card,Tier2
64,82204.6,81,11,66,39.24,60.38,11,1161,1.37,UPI,Tier3
66,44944.42,9,10,76,30.28,44.96,82,8177,9.16,Cash,Tier3
52,64561.8,70,7,38,51.0,5.59,95,8274,6.81,Cash,Tier2
61,59546.64,44,9,51,56.7,86.12,36,8854,9.01,Credit Card,Tier3
51,55577.0,84,8,46,42.44,78.29,50,9264,1.7,Debit Card,Tier1
50,64769.77,74,9,13,70.57,6.46,1,1576,1.81,UPI,Tier1
38,40048.23,73,5,40,,39.96,94,7957,8.91,Debit Card,Tier2
34,87641.97,12,2,11,33.83,,72,5492,7.79,Cash,Tier1
39,25528.84,97,9,71,40.58,,90,6891,5.12,UPI,Tier3
65,76874.82,32,10,38,36.06,29.26,102,4585,7.98,UPI,Tier1
54,57816.21,34,9,60,15.34,23.14,16,5253,6.93,Credit Card,Tier1
32,39239.65,83,6,41,65.75,23.84,2,9261,7.82,UPI,Tier2
52,69452.43,33,8,74,26.98,,32,9463,1.12,Cash,Tier3
45,30747.08,64,2,59,41.64,11.77,62,8639,4.59,Credit Card,Tier3
24,65873.7,48,6,40,57.03,31.44,47,2417,9.26,Credit Card,Tier2
49,33696.71,16,4,14,43.44,80.76,93,2109,7.1,Cash,Tier2
28,75147.99,50,3,45,47.7,85.82,65,5205,1.41,Debit Card,Tier2
27,44664.14,23,9,55,38.53,5.43,68,8257,9.97,Cash,Tier2
26,55078.13,26,3,9,62.47,54.95,93,345,9.94,UPI,Tier3
31,71466.89,54,5,41,52.68,83.0,96,1931,5.15,Debit Card,Tier3
30,48004.07,44,9,61,,27.69,29,5639,9.03,Credit Card,Tier3
42,63724.79,37,10,33,,29.03,54,982,4.76,UPI,Tier1
19,31695.73,9,7,60,36.42,61.74,50,5361,3.51,Cash,Tier2
52,78879.26,94,3,78,62.8,53.85,101,1048,9.79,Debit Card,Tier2
24,103828.1,13,6,35,49.09,64.14,115,679,8.05,Debit Card,Tier1
38,126428.6,60,4,56,20.41,24.09,105,6918,5.42,Credit Card,Tier2
35,67005.7,80,9,17,46.09,6.57,4,4551,4.99,Debit Card,Tier1
20,82340.49,2,11,33,54.82,17.84,69,2303,1.75,Debit Card,Tier3
59,25826.24,95,9,62,51.4,11.1,80,7561,8.49,Cash,Tier2
56,,60,11,32,55.65,0.91,92,646,3.23,Cash,Tier3
58,82077.03,57,8,35,41.32,39.08,19,6697,2.02,Cash,Tier3
66,54353.46,43,8,51,11.8,33.91,42,4012,7.37,Credit Card,Tier2
28,92217.98,19,15,69,29.85,94.65,12,1882,6.05,Debit Card,Tier2
56,59401.53,11,9,64,60.85,41.75,77,5676,7.1,Credit Card,Tier2
41,54923.45,78,6,34,44.42,90.74,48,8929,2.23,Credit Card,Tier3
63,75457.37,47,7,72,,70.87,59,8068,2.1,Credit Card,Tier2
36,41606.2,89,6,76,44.31,93.51,60,9330,2.48,Cash,Tier2
21,87475.74,63,9,58,75.43,29.51,117,2950,6.08,Debit Card,Tier2
43,41768.22,7,7,68,44.01,82.57,53,1105,3.34,Credit Card,Tier1
55,41898.79,79,7,16,52.42,30.14,53,7097,6.45,Cash,Tier3
59,44986.82,94,8,16,73.02,19.2,119,7825,5.55,Cash,Tier2
49,81709.0,31,6,60,28.38,42.03,100,2588,4.56,Credit Card,Tier2
56,51430.94,88,9,23,50.41,11.38,85,6011,1.26,Debit Card,Tier3
62,35344.09,55,8,40,35.31,96.63,20,7572,8.34,UPI,Tier2
63,51675.04,25,5,18,17.4,47.93,37,6384,1.6,UPI,Tier2
53,64295.07,72,8,8,49.53,13.45,84,1924,6.87,Debit Card,Tier2
57,,30,6,9,58.15,6.92,83,1427,4.25,Cash,Tier2
54,39663.02,36,11,46,31.24,99.87,94,9144,7.55,Debit Card,Tier2
50,111448.52,50,11,64,75.01,63.02,80,6800,3.48,Debit Card,Tier1
53,46067.56,14,6,41,46.03,41.23,4,1002,4.19,Credit Card,Tier2
20,,29,5,35,43.61,19.17,11,9968,9.83,Credit Card,Tier1
26,56920.79,27,6,61,42.69,33.43,77,3094,4.49,Cash,Tier2
25,55730.15,50,5,56,44.05,90.08,22,7569,6.51,Credit Card,Tier2
50,78669.63,36,5,47,89.82,52.18,83,7190,9.55,Cash,Tier3
23,85859.14,34,2,78,54.25,28.34,93,3861,7.38,Cash,Tier3
58,58269.0,21,9,59,63.24,91.4,11,6372,4.46,Debit Card,Tier1
56,37797.48,38,15,13,30.73,84.84,114,2695,4.5,Debit Card,Tier2
21,93037.69,75,8,56,57.37,21.22,57,5084,4.84,UPI,Tier3
30,62902.5,97,7,57,57.76,46.64,52,2380,4.76,UPI,Tier3
66,103067.08,79,9,37,45.34,75.32,73,2449,4.17,Credit Card,Tier1
19,15597.11,76,8,6,22.24,,35,7430,6.06,Debit Card,Tier3
22,69298.87,88,15,27,44.19,50.7,30,5859,8.2,Cash,Tier1
61,107209.34,50,6,20,28.47,36.16,85,1634,6.29,UPI,Tier3
44,57228.19,37,5,52,49.19,54.5,1,3644,3.24,Debit Card,Tier1
49,60039.14,75,2,8,37.17,,4,4066,7.32,Cash,Tier2
38,71501.26,19,8,29,74.63,21.38,27,5946,5.64,Debit Card,Tier1
25,52706.49,1,8,72,28.07,66.29,113,9011,6.58,Debit Card,Tier1
55,58134.42,81,12,71,33.59,8.36,47,3188,7.36,Credit Card,Tier2
25,57568.07,40,9,43,26.07,29.0,17,6131,5.16,Debit Card,Tier3
67,51196.74,55,6,26,70.6,27.76,54,3923,4.6,Cash,Tier1
20,92034.84,80,10,64,33.14,87.38,43,5062,8.8,Credit Card,Tier3
61,75143.72,26,6,40,41.33,99.27,47,4033,8.75,Debit Card,Tier1
20,70513.82,43,10,53,38.26,20.23,13,1292,7.39,Credit Card,Tier2
39,82788.56,59,10,37,58.68,58.47,105,8466,3.99,Cash,Tier1
23,59184.17,51,3,23,71.92,84.05,116,8121,7.5,Debit Card,Tier3
19,,15,12,75,65.42,21.8,40,7709,4.89,Debit Card,Tier1
40,51742.27,8,6,10,40.05,93.47,27,5271,7.26,UPI,Tier2
61,65039.23,94,11,32,,51.83,42,4121,2.89,Debit Card,Tier3
19,166789.36,14,45,69,22.12,,32,267,1.05,Credit Card,Tier1
55,53994.26,97,14,18,48.7,79.34,43,5491,2.12,Debit Card,Tier1
34,53645.43,7,8,16,28.04,53.53,10,4729,6.41,Credit Card,Tier2
52,111740.24,18,12,63,43.75,37.89,119,7422,4.85,Cash,Tier2
51,10000.0,12,9,75,26.73,79.67,37,2026,4.18,Debit Card,Tier3
40,61048.37,2,9,12,64.27,60.81,7,4489,8.96,UPI,Tier2
47,102965.26,50,6,14,21.95,50.71,11,6336,2.56,Debit Card,Tier1
69,67680.58,93,6,74,35.61,13.84,105,3211,8.82,Debit Card,Tier2
25,81575.18,21,3,52,18.24,62.07,112,6988,5.47,Credit Card,Tier2
39,67196.18,7,12,58,27.96,60.52,57,6673,9.78,Debit Card,Tier1
61,50318.67,91,3,54,,47.57,79,3654,3.8,UPI,Tier1
53,15677.85,12,3,51,51.54,21.98,1,2109,8.38,UPI,Tier2
22,,84,7,33,48.21,29.14,17,8094,5.65,UPI,Tier1
30,47936.65,57,8,13,31.05,25.98,66,4883,3.17,Cash,Tier1
46,47392.62,78,8,70,26.97,37.2,116,6642,8.73,Credit Card,Tier2
48,54022.28,74,7,73,24.91,41.2,104,7867,6.02,Debit Card,Tier2
64,103386.95,23,5,58,54.35,18.18,29,4192,8.21,Credit Card,Tier2
33,117906.43,30,7,20,,53.77,62,8678,6.63,UPI,Tier1
59,69778.57,58,9,12,46.02,74.81,58,8609,1.64,Credit Card,Tier3
47,54775.12,95,7,26,81.5,20.65,48,4216,6.45,UPI,Tier2
33,39101.02,52,8,19,28.16,97.39,63,1917,1.15,Debit Card,Tier2
29,75307.88,56,6,32,54.86,18.23,1,2720,7.68,Credit Card,Tier2
34,104223.92,10,10,33,24.92,73.39,60,2279,3.56,Debit Card,Tier1
33,59558.51,19,11,36,51.82,67.81,39,5622,5.06,Debit Card,Tier2
29,12662.09,19,12,20,81.38,11.39,41,1320,2.18,Debit Card,Tier2
25,79741.09,87,5,37,45.33,89.21,69,8041,2.16,Debit Card,Tier1
37,86678.79,59,10,40,72.76,50.44,43,1566,7.24,Debit Card,Tier3
20,30111.4,44,7,43,,12.18,47,3614,1.76,Cash,Tier3
33,68882.65,59,10,54,47.97,27.34,113,9202,5.41,Credit Card,Tier1
47,74926.97,96,9,72,61.95,30.78,17,8425,6.69,UPI,Tier1
62,63391.64,84,5,18,58.62,22.4,114,3728,4.6,Cash,Tier3
40,47603.04,4,6,43,54.83,57.14,17,8185,5.59,UPI,Tier1
45,87350.62,97,4,75,,45.71,30,6247,9.21,Cash,Tier2
68,56125.65,65,8,24,62.59,22.43,103,3650,7.66,Cash,Tier2
57,32325.9,13,5,54,65.12,59.96,117,3008,7.85,UPI,Tier2
22,19911.56,67,10,43,49.29,81.43,11,378,8.68,UPI,Tier1
37,92738.69,12,8,12,70.21,86.33,54,485,4.45,Credit Card,Tier1
57,78566.61,93,14,34,32.29,45.19,107,4840,2.89,Debit Card,Tier2
61,66935.42,55,5,24,68.1,95.05,99,5145,1.71,Cash,Tier2
18,55313.96,61,7,32,37.93,18.41,20,4245,7.74,Cash,Tier1
47,53362.03,95,7,74,44.48,42.0,76,7245,3.38,Cash,Tier1
38,41333.79,41,11,58,33.74,49.08,40,1491,5.01,Cash,Tier2
37,55507.98,36,13,77,22.61,42.65,6,8146,3.15,UPI,Tier1
23,18358.08,2,7,24,38.8,24.21,3,5811,6.31,UPI,Tier1
39,48806.6,22,9,27,38.47,71.01,6,1004,2.91,Debit Card,Tier2
35,58159.37,22,9,77,47.68,8.72,41,2015,6.76,Debit Card,Tier1
25,78417.36,41,4,43,34.19,59.4,49,7424,7.51,UPI,Tier2
56,64121.62,95,7,38,48.0,59.41,106,1535,1.94,Debit Card,Tier2
49,82488.31,14,5,26,47.52,20.38,101,2545,9.17,Debit Card,Tier1
50,94680.97,93,9,61,58.92,20.55,22,7833,8.77,Debit Card,Tier1
33,353118.96,35,35,51,67.16,82.35,2,4765,9.64,Cash,Tier3
29,75351.22,50,8,22,49.93,73.34,21,5924,2.59,Credit Card,Tier3
55,65260.98,9,9,12,47.73,47.31,9,1225,9.48,Credit Card,Tier3
69,43422.66,96,11,65,58.96,40.54,102,3930,9.93,UPI,Tier1
51,81278.77,59,7,34,52.67,79.3,62,9736,4.51,UPI,Tier1
31,101954.44,56,10,53,56.24,84.93,102,5657,1.86,Cash,Tier1
53,72526.33,91,9,76,37.47,69.52,17,7607,9.05,Cash,Tier3
50,107179.7,10,6,67,28.97,13.69,52,2128,2.61,Credit Card,Tier3
40,31437.42,25,5,53,,35.07,3,6260,4.44,UPI,Tier1
67,39608.41,45,6,47,37.06,9.75,35,8307,5.55,Debit Card,Tier1
62,83814.43,97,8,21,61.39,74.8,60,4129,5.55,UPI,Tier1
19,70814.38,11,11,76,38.57,39.05,19,2318,6.74,Cash,Tier1
58,93903.21,9,7,47,12.55,10.85,92,4013,3.06,Debit Card,Tier1
38,64659.62,7,10,59,41.72,76.13,84,9489,3.98,UPI,Tier2
19,,71,9,66,39.51,48.8,69,8360,4.16,UPI,Tier1
44,60300.95,34,9,26,49.84,57.51,24,7895,3.53,Cash,Tier2
26,31280.95,83,11,21,39.34,6.29,74,8300,9.94,UPI,Tier3
18,40171.01,20,10,72,46.09,43.35,31,781,8.74,Debit Card,Tier2
28,86393.77,89,4,24,54.72,19.99,46,7577,8.62,UPI,Tier1
20,84201.32,5,11,33,66.57,54.67,48,1836,4.46,Credit Card,Tier2
69,72986.09,93,3,50,36.52,60.0,86,9529,5.96,UPI,Tier3
40,27136.29,55,8,18,56.7,48.47,23,5257,1.59,Credit Card,Tier3
43,57115.12,91,10,35,34.5,16.72,115,914,2.66,Debit Card,Tier1
21,38050.0,89,7,35,59.72,90.83,105,5912,9.84,Cash,Tier3
35,90883.73,15,4,7,52.74,62.7,23,4653,4.81,Debit Card,Tier3
23,52158.11,48,10,26,42.5,28.21,96,9966,5.34,Cash,Tier3
52,41113.55,4,6,57,66.68,,9,1008,6.02,Credit Card,Tier3
39,65655.52,78,6,58,4.47,77.0,25,3855,9.01,UPI,Tier1
60,50916.6,81,14,31,37.19,58.81,29,306,9.02,Credit Card,Tier3
32,97642.37,21,8,36,14.13,28.59,47,6965,7.82,Debit Card,Tier3
39,48834.16,80,8,35,16.19,83.09,89,9667,6.12,Debit Card,Tier2
54,34216.98,90,11,43,49.64,,14,9707,5.91,UPI,Tier1
69,17635.9,9,9,66,27.88,85.38,68,1347,6.01,Credit Card,Tier2
59,64322.7,66,8,61,57.77,3.99,42,9730,8.28,Debit Card,Tier1
29,52637.54,79,5,71,61.09,65.56,5,2198,9.94,Debit Card,Tier3
64,33564.1,35,5,66,57.63,88.73,78,677,2.65,Credit Card,Tier2
66,91162.98,88,12,37,20.18,50.94,1,6427,8.91,Debit Card,Tier1
59,79679.39,51,12,64,46.35,76.39,30,2398,7.49,Cash,Tier2
55,64379.21,78,10,34,43.61,66.67,118,9671,4.41,Debit Card,Tier1
35,95015.18,37,12,17,48.4,23.52,27,601,3.46,Debit Card,Tier2
62,79575.79,6,9,24,62.5,57.62,54,5580,1.93,Debit Card,Tier1
52,46897.17,82,12,76,,28.44,21,3841,2.43,Credit Card,Tier1
47,42137.16,86,6,12,19.96,98.32,27,250,6.11,Debit Card,Tier3
41,82995.59,82,8,25,44.07,82.89,39,9450,1.98,UPI,Tier3
59,73720.07,51,8,17,50.49,87.13,11,2570,7.07,Debit Card,Tier1
47,68734.45,66,7,34,49.35,97.56,60,5662,5.99,Cash,Tier3
31,46377.05,96,7,53,41.44,9.12,52,4569,5.64,Cash,Tier3
23,78374.85,17,6,62,60.02,24.83,42,1531,3.96,Debit Card,Tier2
20,48379.02,65,5,50,51.92,60.33,45,6513,6.56,Debit Card,Tier1
33,62756.29,9,11,6,36.88,0.22,65,8459,1.91,Credit Card,Tier2
24,96832.77,13,9,23,11.98,14.64,37,9956,7.31,Cash,Tier3
69,50461.65,58,9,31,46.62,42.22,114,2445,9.06,UPI,Tier1
31,30394.24,30,10,11,47.78,73.55,38,2359,7.12,Credit Card,Tier2
26,41843.96,31,8,54,60.32,85.13,27,9554,8.37,Debit Card,Tier3
32,86874.57,23,8,57,23.75,62.07,68,8983,2.86,Cash,Tier3
38,70604.09,63,11,78,25.53,12.27,66,8903,4.28,Credit Card,Tier1
52,62164.7,28,5,45,60.59,10.82,66,7535,8.83,UPI,Tier1
19,53799.94,59,10,16,50.27,48.68,114,8131,3.42,Credit Card,Tier2
44,75677.92,10,14,21,45.63,75.72,77,4190,6.47,UPI,Tier1
19,46319.69,89,5,76,31.15,9.11,45,7233,6.25,Credit Card,Tier2
52,71724.64,90,15,60,49.52,22.76,30,643,5.76,Credit Card,Tier2
35,48912.4,26,6,25,68.05,39.31,60,3436,7.4,Cash,Tier3
31,45251.49,77,8,77,29.73,61.23,96,9388,7.12,UPI,Tier2
37,50975.28,17,4,18,27.88,73.63,33,3815,5.38,Cash,Tier2
35,56741.04,40,6,26,3.73,53.32,21,2956,7.41,Credit Card,Tier1
27,63925.74,68,7,13,50.81,41.25,52,4669,6.26,Cash,Tier2
42,280720.12,23,45,10,41.51,3.58,5,8571,9.18,Debit Card,Tier1
19,10000.0,35,6,33,34.53,30.34,118,8290,7.26,Credit Card,Tier2
42,47231.69,75,5,48,61.96,38.02,110,9329,5.75,Credit Card,Tier2
50,56385.46,76,7,20,48.45,9.37,85,3155,3.95,UPI,Tier2
53,98111.36,9,6,48,,,14,1492,6.28,Cash,Tier3
48,41239.94,79,9,33,33.98,61.8,2,625,9.47,Credit Card,Tier2
31,68581.53,45,14,25,33.91,69.91,89,2345,9.8,Debit Card,Tier1
18,97890.67,37,11,70,18.89,46.66,55,4973,3.26,Cash,Tier3
63,36114.69,69,7,76,,12.25,71,3177,2.72,Debit Card,Tier1
33,,19,6,40,49.39,55.72,19,4463,7.66,Debit Card,Tier2
63,47350.02,75,10,7,52.07,15.5,61,8987,8.95,Credit Card,Tier1
69,53898.06,73,7,61,,26.76,11,7879,9.2,UPI,Tier1
20,47331.56,99,3,53,55.24,13.33,3,7362,5.68,UPI,Tier3
52,48899.14,27,6,45,61.99,8.76,18,8958,5.01,UPI,Tier1
58,124882.07,13,13,54,47.72,16.75,46,820,6.42,UPI,Tier3
23,83578.03,57,8,18,,40.64,100,2354,4.93,Credit Card,Tier1
42,89238.23,60,11,27,30.1,44.23,105,9126,6.71,Credit Card,Tier3
30,75823.86,12,11,70,76.81,62.92,84,9087,5.66,Debit Card,Tier2
51,29662.35,9,7,44,54.96,10.91,49,2696,4.96,Credit Card,Tier3
25,73689.08,92,6,25,70.21,31.79,5,2199,2.23,Credit Card,Tier2
38,88604.45,77,5,47,53.86,76.42,66,216,7.73,Credit Card,Tier1
51,46225.21,84,12,50,40.42,88.19,29,1781,5.11,Cash,Tier2
21,,77,5,52,39.93,60.38,110,5714,5.71,UPI,Tier3
42,80495.4,27,5,73,39.58,,109,1228,1.23,Credit Card,Tier2
32,422979.52,90,35,34,44.53,39.36,104,8632,8.27,Cash,Tier1
21,55808.77,63,11,44,49.01,10.1,27,7344,3.49,UPI,Tier3
62,40852.56,93,8,46,53.9,67.93,74,8557,6.96,Credit Card,Tier2
29,57044.18,29,3,28,46.21,74.48,116,2941,3.9,Credit Card,Tier1
49,96582.56,22,4,63,21.21,11.04,105,9988,7.15,UPI,Tier1
49,24775.07,73,8,69,23.79,12.52,53,2159,9.8,Credit Card,Tier1
45,19495.73,88,8,58,46.52,0.18,73,4383,9.32,Debit Card,Tier1
30,66966.7,19,16,63,34.75,62.88,97,3765,4.2,Credit Card,Tier3
48,55263.04,38,9,64,74.01,35.27,63,1739,1.18,Cash,Tier2
31,65170.01,95,6,42,58.45,,18,7578,3.04,Debit Card,Tier2
37,85796.86,39,6,6,48.55,6.32,39,224,3.76,Credit Card,Tier3
35,52843.47,15,8,69,28.99,0.63,113,2853,2.77,UPI,Tier1
46,23793.87,54,2,12,44.57,37.06,57,9185,8.98,Debit Card,Tier1
23,109978.59,32,4,15,39.67,68.18,67,6221,3.78,Credit Card,Tier1
49,43060.98,46,7,46,23.46,1.8,14,1335,4.38,UPI,Tier3
46,41701.18,61,7,59,65.26,1.56,11,3126,3.37,UPI,Tier1
60,89281.84,93,7,45,39.0,10.74,55,8054,5.67,Cash,Tier1
19,56541.24,52,6,7,50.38,94.22,109,5119,6.29,Debit Card,Tier1
40,63605.42,34,6,15,32.09,78.29,20,7937,8.99,UPI,Tier2
36,75621.38,73,8,64,55.66,26.74,49,5664,7.25,Cash,Tier2
48,88838.83,35,6,14,41.21,10.27,116,4793,5.27,Credit Card,Tier2
68,57663.86,70,5,16,39.54,,107,6214,4.01,Debit Card,Tier1
22,98438.94,37,3,72,34.2,34.52,40,8057,1.0,Credit Card,Tier1
36,18012.4,78,3,5,42.01,14.36,25,5653,6.37,Cash,Tier2
51,81715.32,61,2,44,33.22,22.96,110,2269,2.11,Debit Card,Tier3
27,,49,7,43,46.9,35.88,32,595,7.03,UPI,Tier1
42,95189.97,9,6,20,53.01,44.75,60,2300,9.05,Debit Card,Tier2
19,68124.98,19,8,29,49.8,6.18,113,8408,4.69,UPI,Tier3
28,50196.08,87,9,32,27.6,87.69,88,9889,3.77,Cash,Tier1
67,79582.5,28,8,47,32.33,5.1,78,9780,5.73,Debit Card,Tier2
48,84650.14,80,16,11,52.22,92.6,70,913,3.56,Debit Card,Tier2
32,79121.67,26,6,33,56.06,25.05,90,8748,2.0,Credit Card,Tier3
26,42346.68,38,4,79,37.66,25.17,87,6616,8.06,Credit Card,Tier2
40,54351.62,40,5,67,41.66,90.17,98,3882,3.36,Debit Card,Tier2
36,64910.4,25,9,15,40.45,52.47,50,5456,1.78,UPI,Tier2
26,64092.29,99,10,5,51.65,27.93,38,7715,2.87,Cash,Tier1
52,81494.4,69,5,32,33.4,52.34,91,2194,4.01,UPI,Tier2
38,20672.17,71,12,50,52.17,98.21,104,6882,7.73,Cash,Tier1
26,72355.2,23,7,7,48.48,85.6,21,5718,9.66,Cash,Tier3
45,58620.41,89,8,18,,22.57,108,1885,3.59,Credit Card,Tier3
63,46552.99,65,5,43,48.51,4.97,65,5593,7.98,Credit Card,Tier3
68,48665.29,22,4,29,46.12,77.24,106,9205,2.32,UPI,Tier2
24,60280.17,64,10,39,36.48,11.93,1,1236,9.8,Debit Card,Tier2
33,10000.0,68,5,34,35.32,58.73,4,2300,2.76,Credit Card,Tier2
33,49571.63,58,12,44,49.12,63.86,74,6201,6.93,Debit Card,Tier3
50,45732.07,28,5,15,44.21,25.43,42,3491,1.04,Credit Card,Tier2
21,76721.23,78,8,70,48.28,56.76,75,1427,8.26,Debit Card,Tier3
21,47278.41,97,12,43,37.46,53.91,4,2523,7.74,Credit Card,Tier3
56,60267.5,68,7,32,48.53,69.89,113,5928,3.56,Cash,Tier1
57,98930.09,75,2,68,47.78,,26,1356,1.72,Cash,Tier3
34,86875.73,96,6,7,66.0,13.34,72,867,4.93,Debit Card,Tier2
54,84849.97,4,9,78,28.12,57.23,110,6070,1.42,Debit Card,Tier1
56,54002.81,1,10,10,47.96,54.57,62,2598,1.45,Debit Card,Tier3
69,76946.71,26,12,40,50.1,50.18,47,6130,8.49,Credit Card,Tier2
46,59854.25,33,9,7,65.07,39.11,63,6470,5.87,UPI,Tier2
69,60685.95,81,10,24,56.1,98.95,49,8554,1.88,Credit Card,Tier1
53,74013.08,27,10,74,63.59,73.84,6,7389,9.51,UPI,Tier2
55,51866.14,42,7,61,31.5,73.25,23,4644,6.54,Debit Card,Tier1
56,97846.07,69,10,56,54.46,73.29,4,2928,8.42,Cash,Tier1
67,61477.14,71,7,13,64.3,9.86,115,7804,6.87,Cash,Tier2
54,78603.93,64,9,79,33.68,13.67,61,4967,8.63,Cash,Tier2
69,97023.21,25,8,72,42.79,16.58,26,3014,3.36,Credit Card,Tier3
52,87696.38,72,9,74,59.13,34.4,115,4008,3.78,Credit Card,Tier3
24,34003.78,98,12,54,38.39,36.7,108,3665,4.94,UPI,Tier2
44,74787.71,4,8,10,52.38,25.79,110,8800,6.17,Debit Card,Tier2
45,83715.83,12,11,47,43.21,47.65,90,6043,2.5,UPI,Tier3
39,84620.99,58,12,60,60.46,74.31,27,2012,6.79,UPI,Tier3
31,40507.51,95,6,21,45.87,23.13,72,3269,9.59,Debit Card,Tier2
24,50545.22,11,11,36,38.27,16.98,22,7000,8.84,Credit Card,Tier2
54,86880.28,59,7,15,54.13,94.11,38,6947,3.44,Credit Card,Tier1
39,48241.27,36,14,30,30.42,14.58,8,9585,5.31,UPI,Tier1
22,58406.69,22,7,22,35.49,95.15,63,5785,5.95,Debit Card,Tier3
19,99669.27,65,5,34,38.24,69.0,23,7371,6.69,Debit Card,Tier3
44,63948.42,50,13,68,36.7,63.36,12,5720,7.24,Credit Card,Tier3
38,49010.97,4,8,36,31.87,81.18,19,5797,7.73,Cash,Tier3
55,45692.42,72,7,61,57.38,6.97,20,8299,8.33,Cash,Tier3
32,72319.83,89,7,66,36.34,15.58,33,1598,1.86,Cash,Tier1
38,35670.74,92,12,11,45.02,,10,419,8.69,Debit Card,Tier3
27,59558.61,52,5,9,33.21,71.38,75,8127,3.42,UPI,Tier2
40,72331.07,43,12,74,51.99,6.6,98,8777,3.93,UPI,Tier3
56,93581.3,46,4,18,43.67,0.13,71,1496,3.2,Credit Card,Tier1
22,79686.06,4,8,50,45.99,10.2,20,2342,5.33,Cash,Tier1
18,49290.57,13,9,16,,10.28,6,1001,3.35,Cash,Tier3
30,90925.22,38,9,54,49.16,4.27,21,9354,6.91,UPI,Tier1
38,58410.67,45,10,77,55.82,39.97,50,5189,4.09,Cash,Tier3
43,37814.53,25,8,45,27.98,86.43,34,1312,7.37,Cash,Tier3
67,61215.09,67,5,12,62.2,74.21,28,5191,8.3,Credit Card,Tier2
62,96639.72,55,2,7,35.96,75.83,53,3190,5.45,Cash,Tier3
38,68635.28,96,11,56,21.23,,119,8857,7.09,UPI,Tier3
35,65275.48,39,8,15,55.45,63.12,12,5951,9.24,Cash,Tier3
54,101018.66,65,13,52,,36.54,58,560,8.82,Credit Card,Tier1
62,,75,10,16,19.06,98.22,86,3058,4.38,Cash,Tier1
49,36716.82,2,11,55,43.42,20.67,54,1860,8.28,Credit Card,Tier3
53,29451.38,69,9,8,42.99,21.75,65,8655,5.65,Debit Card,Tier1
34,73198.26,86,3,21,30.66,12.08,51,2053,3.51,Credit Card,Tier2
52,68662.85,62,8,33,46.18,60.42,14,3565,4.46,Debit Card,Tier2
66,98940.2,46,6,27,56.04,51.02,37,3201,6.19,Cash,Tier3
28,70356.45,77,9,66,41.68,27.9,28,4884,6.57,Debit Card,Tier2
38,56108.54,87,6,16,81.25,60.75,102,3650,9.05,Cash,Tier2
69,65039.49,31,6,52,35.73,48.06,70,3891,1.65,Cash,Tier3
43,67589.56,99,6,37,51.98,53.43,7,4171,4.12,UPI,Tier1
21,28221.25,35,5,17,38.93,29.35,31,513,3.12,UPI,Tier2
51,,45,10,78,51.72,62.12,4,8280,1.92,UPI,Tier1
69,76437.16,77,8,42,46.53,90.62,115,8897,2.52,Debit Card,Tier1
65,69620.18,54,11,54,54.23,15.31,90,8352,4.0,UPI,Tier2
35,78533.61,71,8,16,22.64,2.12,27,4931,6.52,Credit Card,Tier2
57,80607.04,69,10,30,59.04,85.2,39,264,7.59,Cash,Tier2
52,61907.82,29,7,69,48.18,79.79,24,1595,5.47,Credit Card,Tier3
58,51112.7,72,10,7,34.35,24.47,34,5565,1.81,Cash,Tier2
46,78187.92,8,9,12,52.66,82.71,86,2729,7.95,Cash,Tier2
69,73485.64,54,9,77,30.11,67.89,1,9220,5.64,Credit Card,Tier1
46,47182.42,7,10,34,91.5,79.82,108,613,7.95,Debit Card,Tier3
55,96218.78,83,5,47,35.67,91.34,87,8493,3.28,Debit Card,Tier2
59,71453.74,23,4,18,46.19,37.72,91,8818,3.45,Debit Card,Tier3
38,81056.03,32,12,21,34.21,80.37,56,1063,2.88,Cash,Tier3
59,95622.26,62,2,75,48.73,71.28,116,6291,2.8,Credit Card,Tier2
30,,45,11,44,51.67,57.98,78,6706,5.41,Credit Card,Tier1
66,71972.94,68,6,70,47.61,93.93,40,8283,5.85,Cash,Tier3
58,82820.6,30,9,12,40.71,66.32,75,8705,2.43,Cash,Tier2
34,49053.06,39,12,10,75.02,58.66,60,1926,9.96,Credit Card,Tier3
26,66189.14,5,6,22,62.17,58.21,61,2912,5.34,Credit Card,Tier1
58,67762.07,67,11,70,63.68,60.17,24,4295,4.18,UPI,Tier2
18,43966.71,22,7,6,66.58,89.67,24,9330,8.65,UPI,Tier2
19,115988.01,28,6,64,46.86,28.5,101,6401,8.33,Cash,Tier3
65,34039.54,22,9,7,42.02,,57,433,3.11,Cash,Tier3
46,36441.71,86,11,11,56.2,20.59,116,8892,8.59,Credit Card,Tier2
50,93912.98,98,4,51,48.04,26.66,51,3180,3.55,Debit Card,Tier3
27,80691.86,29,8,34,47.51,65.49,80,5191,1.61,Credit Card,Tier1
67,42428.77,43,9,39,46.9,51.74,72,3368,1.3,Credit Card,Tier3
57,78360.36,42,7,63,52.17,90.53,7,9881,5.69,UPI,Tier2
38,97292.71,60,9,66,42.89,66.08,74,9848,4.06,Cash,Tier1
45,64334.21,77,13,51,35.42,40.48,64,8894,7.88,Credit Card,Tier1
28,122174.1,71,6,21,53.05,13.49,55,9166,5.82,Cash,Tier1
51,27070.64,74,5,57,35.2,8.35,118,5661,8.01,Credit Card,Tier1
25,80264.12,92,11,37,48.44,49.7,18,6523,7.18,Debit Card,Tier1
39,90663.62,68,10,67,18.14,57.64,102,1855,9.87,UPI,Tier1
25,84609.57,59,12,46,46.35,,48,8529,5.33,Debit Card,Tier1
66,60504.17,96,5,52,58.47,43.35,116,1786,4.05,UPI,Tier2
32,234441.16,86,50,66,42.31,54.48,69,9259,2.64,UPI,Tier2
34,74771.19,84,11,11,43.23,,106,3657,6.92,Credit Card,Tier2
40,82946.6,84,8,59,,6.33,101,9694,5.85,UPI,Tier1
41,78254.42,6,7,42,,14.53,8,4247,7.37,Credit Card,Tier2
62,87881.27,73,3,73,76.34,11.65,101,7083,8.04,Credit Card,Tier1
36,42584.86,28,5,43,28.26,34.57,72,8290,6.86,Credit Card,Tier2
22,59989.04,77,9,33,38.52,7.18,9,9979,8.37,Debit Card,Tier2
49,,31,13,33,35.46,30.76,11,1991,2.91,Credit Card,Tier3
61,56505.52,39,12,59,48.03,8.97,8,2446,9.11,UPI,Tier3
18,87334.86,50,11,64,42.96,53.07,30,4325,3.15,Cash,Tier2
40,67375.65,78,2,70,70.13,91.99,44,5828,3.99,Credit Card,Tier3
54,122350.9,86,8,8,53.69,66.51,96,9486,2.13,Cash,Tier1
25,69254.94,37,6,24,51.18,8.38,27,8654,2.59,Cash,Tier1
30,66313.22,88,7,55,48.36,5.2,2,3411,7.34,Cash,Tier3
25,67336.02,72,10,74,30.63,78.39,76,8072,2.32,Cash,Tier3
40,50968.21,15,8,59,16.17,7.44,100,2696,9.89,UPI,Tier1
60,63727.59,51,11,50,34.4,92.41,24,654,9.49,Credit Card,Tier2
18,89811.34,70,5,51,28.79,21.74,107,5384,1.62,Credit Card,Tier3
62,67507.35,23,9,74,48.61,48.72,31,5474,8.1,Cash,Tier1
68,47543.89,25,2,18,30.31,45.26,53,3383,4.4,Debit Card,Tier3
41,44648.14,95,5,9,5.29,79.94,74,7739,8.26,Cash,Tier3
52,55095.56,46,11,36,30.76,35.18,59,7753,1.6,Debit Card,Tier1
41,66625.0,93,8,46,76.53,29.63,18,9620,6.62,Debit Card,Tier3
34,91258.9,23,10,44,65.21,51.99,108,5968,7.45,Cash,Tier2
22,35509.25,10,7,24,36.87,47.04,71,6814,8.62,Debit Card,Tier3
37,57963.82,73,10,49,68.17,80.17,107,1293,9.0,Debit Card,Tier3
38,,77,7,16,36.69,79.57,86,8817,1.1,Cash,Tier3
57,24658.47,32,5,45,37.73,58.07,96,5016,7.72,Cash,Tier1
48,46660.84,51,8,14,49.42,98.07,17,9457,2.32,Debit Card,Tier1
63,50042.45,41,7,6,20.34,83.79,73,4058,5.81,UPI,Tier2
53,47488.65,65,8,60,81.25,25.87,106,7009,4.34,Debit Card,Tier3
28,69221.57,65,11,20,48.98,5.92,83,6475,3.02,Debit Card,Tier1
69,61467.69,40,10,49,40.18,,51,9769,3.73,Cash,Tier2
32,52783.71,18,10,51,,,112,6922,3.35,UPI,Tier3
36,74415.18,36,6,45,56.55,65.02,45,5560,3.04,UPI,Tier1
24,102907.64,31,8,48,45.54,15.94,105,9321,6.86,UPI,Tier1
68,101063.64,54,1,75,51.13,83.84,61,2074,4.11,Credit Card,Tier2
45,22699.02,63,6,62,37.19,30.98,104,688,9.05,UPI,Tier2
68,77695.59,1,9,59,38.0,23.92,1,204,5.86,UPI,Tier2
60,61083.49,52,10,29,42.73,33.88,30,9202,5.66,UPI,Tier1
22,68413.42,57,10,16,,74.35,28,9418,9.32,UPI,Tier1
22,56237.77,9,7,22,54.3,59.98,30,1902,8.9,UPI,Tier1
47,67586.95,86,12,69,36.88,6.11,91,7401,1.26,Credit Card,Tier1
49,68330.96,92,8,58,40.95,10.92,36,7193,6.48,Cash,Tier3
25,52263.06,90,8,68,57.87,82.93,98,8191,6.46,UPI,Tier3
27,45279.91,74,9,67,32.02,58.44,23,6139,9.32,Debit Card,Tier2
55,55128.69,56,4,19,23.33,29.42,106,7303,7.42,Cash,Tier1
64,70153.7,47,7,73,36.43,34.22,48,8427,5.03,UPI,Tier3
49,78177.92,3,5,10,21.21,37.55,78,3879,1.49,Debit Card,Tier3
65,83773.68,2,8,33,,7.55,110,342,1.77,Debit Card,Tier2
45,54127.82,54,7,30,39.1,27.56,48,7116,5.2,Credit Card,Tier1
34,71244.58,37,7,79,40.86,30.0,52,816,9.85,Credit Card,Tier1
48,86175.06,56,10,5,53.29,95.75,34,5862,9.92,Debit Card,Tier3
25,90643.09,31,9,33,60.68,15.78,32,1427,5.3,Debit Card,Tier3
57,63705.68,97,7,19,41.37,,76,144,8.96,Credit Card,Tier3
42,,96,12,50,43.08,87.14,64,1196,2.91,Debit Card,Tier3
26,,12,9,68,30.98,91.73,78,1032,3.82,UPI,Tier3
19,39706.44,58,7,41,55.17,74.39,37,4596,4.44,Credit Card,Tier2
32,60740.59,67,8,59,31.66,13.41,83,7435,7.29,UPI,Tier3
67,81380.9,26,5,60,73.58,45.09,79,7822,8.42,Debit Card,Tier3
20,79122.84,78,3,78,29.29,55.99,55,3768,4.53,Cash,Tier3
66,59054.11,12,10,21,33.68,54.94,87,1060,5.19,Debit Card,Tier1
53,69789.8,90,6,76,40.13,73.37,5,4381,1.67,Debit Card,Tier1
21,46857.69,16,10,61,41.69,50.79,4,6306,3.51,UPI,Tier3
31,80476.83,53,8,26,42.46,66.13,46,8352,8.24,Debit Card,Tier3
58,63287.93,72,8,11,51.22,,30,106,1.37,Debit Card,Tier2
58,58929.07,49,9,77,43.98,24.26,108,2446,7.8,UPI,Tier2
42,57042.08,49,13,7,48.2,32.35,10,5965,5.57,Credit Card,Tier2
67,63616.33,92,7,58,44.95,21.46,58,2878,3.44,Credit Card,Tier3
27,55146.69,7,6,60,48.64,25.67,9,400,5.21,Cash,Tier1
38,79479.15,15,5,68,42.78,18.38,95,1319,5.06,Debit Card,Tier3
53,56303.76,36,8,13,38.02,22.76,115,879,9.78,Debit Card,Tier2
29,,72,8,79,,83.9,7,198,7.33,UPI,Tier2
44,97234.63,74,9,54,50.95,29.57,91,7511,4.72,Credit Card,Tier2
57,45386.04,15,11,75,62.64,93.28,61,3314,9.41,Cash,Tier1
19,66533.49,62,8,61,45.36,86.36,58,4432,9.27,Cash,Tier1
30,50685.55,18,2,12,39.57,11.45,115,9119,5.6,Debit Card,Tier2
49,57813.75,46,8,57,55.21,70.14,21,4913,9.45,UPI,Tier2
48,109053.4,61,6,79,44.94,31.43,63,1628,6.53,Cash,Tier1
33,58233.43,43,14,39,42.49,34.17,16,5145,7.55,UPI,Tier1
49,72924.97,44,8,53,35.35,48.82,18,7186,5.2,UPI,Tier2
49,76909.07,99,12,28,55.04,13.61,100,1921,6.62,UPI,Tier1
51,42986.15,66,6,11,40.11,92.88,50,2836,4.54,UPI,Tier3
28,46187.9,55,4,44,28.42,96.41,109,8413,2.4,Credit Card,Tier2
27,,86,10,55,29.87,14.36,14,152,4.2,UPI,Tier2
32,45508.64,79,9,40,32.62,20.48,62,449,4.54,UPI,Tier2
34,10000.0,39,7,38,44.31,2.11,22,5419,7.97,UPI,Tier1
57,76980.81,5,8,78,45.67,25.16,12,2072,4.61,Cash,Tier1
35,110192.26,57,9,57,56.29,67.76,48,5193,5.26,Credit Card,Tier1
26,68252.06,15,5,71,44.85,59.26,85,7914,7.84,UPI,Tier2
42,33842.09,91,10,37,42.53,60.76,57,5280,5.82,Cash,Tier1
57,50858.92,16,7,70,59.59,19.87,86,7519,4.1,Credit Card,Tier3
31,54904.71,57,14,58,43.24,41.15,60,4163,1.07,Cash,Tier2
42,42613.13,82,5,69,54.59,81.3,119,9638,7.72,Cash,Tier3
67,83924.02,99,8,73,54.17,26.29,19,2966,9.29,Debit Card,Tier2
39,82825.72,25,6,44,36.77,59.26,96,2651,1.05,Debit Card,Tier2
69,,22,15,68,78.97,26.24,25,7658,7.0,Credit Card,Tier3
47,80951.78,31,12,14,76.13,48.37,67,5930,5.62,Debit Card,Tier2
37,98589.88,34,11,18,40.64,77.18,29,1894,8.47,Debit Card,Tier2
38,,87,9,79,45.85,41.95,46,4777,2.51,UPI,Tier1
61,128034.66,16,7,55,7.15,76.83,66,3057,4.18,Debit Card,Tier2
49,45156.16,70,13,5,39.94,27.68,90,5336,1.85,Debit Card,Tier1
68,127132.85,59,6,29,31.79,43.08,100,278,3.44,Debit Card,Tier2
63,57207.46,15,10,26,59.67,,35,1022,5.32,Debit Card,Tier2
66,51965.76,82,8,40,31.52,,28,7184,9.26,Credit Card,Tier3
38,72195.59,13,2,31,50.2,,64,6392,2.88,Cash,Tier1
52,52194.65,24,13,25,72.06,,106,4381,7.21,Cash,Tier1
49,73778.97,13,13,35,42.38,18.51,78,7302,7.37,Credit Card,Tier2
47,35958.3,65,2,10,52.29,62.3,86,7512,2.08,UPI,Tier2
56,59747.44,36,10,56,52.97,19.96,107,4518,9.78,Cash,Tier2
66,93282.81,49,8,12,40.17,15.33,23,2091,2.54,Debit Card,Tier1
29,63744.65,82,6,66,30.69,6.48,47,1757,1.51,Credit Card,Tier2
58,68115.11,48,8,14,52.11,33.9,32,3225,9.71,UPI,Tier3
64,75455.69,97,3,75,14.38,28.35,98,243,4.39,Debit Card,Tier2
35,,43,13,44,,15.57,69,7280,3.59,Credit Card,Tier1
38,28585.06,6,6,39,14.28,78.46,83,9354,3.63,UPI,Tier3
30,77859.53,81,6,30,28.5,4.24,99,9166,1.13,Cash,Tier3
38,59100.94,68,7,78,31.57,91.28,45,4483,7.05,Debit Card,Tier3
25,68666.03,14,4,76,38.53,70.41,95,9934,7.85,Cash,Tier1
63,88318.9,30,11,68,,36.28,11,5380,5.0,UPI,Tier2
57,38727.89,84,6,8,32.39,76.12,110,8254,2.93,Debit Card,Tier2
63,42721.82,8,5,75,29.18,39.2,93,3672,5.06,UPI,Tier1
24,22420.54,54,9,8,34.59,85.63,95,3437,9.48,Cash,Tier1
40,52918.5,66,9,20,40.86,26.35,59,5615,2.45,Credit Card,Tier3
61,94269.51,4,10,17,39.7,35.19,74,3243,1.61,Credit Card,Tier3
49,62347.08,74,13,54,38.66,54.77,116,2308,4.22,UPI,Tier3
28,35517.25,84,8,71,17.05,88.9,57,3465,9.16,Credit Card,Tier2
39,54315.07,60,11,36,70.51,71.65,42,9824,4.34,Debit Card,Tier2
39,32267.04,53,8,7,33.74,76.08,113,5041,7.51,UPI,Tier1
60,40245.91,99,8,42,12.69,19.21,62,5141,1.34,Cash,Tier1
42,73554.02,74,14,71,36.8,38.21,22,8047,4.05,Debit Card,Tier2
39,,92,3,43,24.93,74.1,111,9379,6.27,Cash,Tier2
45,89477.95,15,7,61,19.63,98.12,17,6175,5.66,Cash,Tier2
46,63435.35,1,7,59,22.33,38.45,11,4371,5.98,UPI,Tier3
30,66883.08,22,6,31,30.96,94.47,3,9032,4.81,Debit Card,Tier2
35,58875.79,91,7,20,27.35,53.72,58,6604,6.53,Debit Card,Tier2
19,82002.65,93,6,8,,75.26,69,596,8.44,Debit Card,Tier2
46,82229.52,15,6,54,63.87,5.08,76,9178,1.73,UPI,Tier2
38,72371.2,74,11,50,26.43,1.38,84,5312,4.5,Cash,Tier3
32,77425.36,84,8,46,47.54,94.74,97,5191,7.49,UPI,Tier2
69,60334.03,22,6,53,23.94,10.77,65,5321,8.12,UPI,Tier3
44,76928.47,50,12,48,37.23,83.13,46,2366,6.61,Cash,Tier2
67,57566.69,48,11,36,42.99,16.86,6,4957,4.54,UPI,Tier2
48,65049.1,73,5,76,41.67,63.11,74,6163,3.38,Credit Card,Tier1
32,58957.84,51,3,50,23.26,51.11,13,5674,5.44,Debit Card,Tier3
68,54941.19,96,7,75,67.81,12.3,10,6129,4.1,Credit Card,Tier3
40,49839.54,17,6,41,48.58,21.75,17,4340,7.07,Credit Card,Tier1
41,75289.18,83,5,6,56.88,63.36,10,2770,7.43,Debit Card,Tier3
61,93833.33,91,7,71,51.35,87.72,72,1870,5.77,Credit Card,Tier1
30,90764.24,51,9,73,43.18,17.37,15,5051,8.27,Debit Card,Tier3
39,37355.56,37,12,67,42.2,52.71,26,9314,2.11,UPI,Tier3
60,93362.47,98,7,15,60.52,,66,6715,8.98,UPI,Tier2
54,58000.51,49,11,22,54.79,45.6,21,4173,2.14,Debit Card,Tier2
50,78216.13,59,5,53,,15.3,72,5629,7.15,UPI,Tier3
20,45063.26,10,12,18,82.04,91.14,17,6253,4.61,Debit Card,Tier1
36,68123.56,30,10,26,37.17,89.22,112,7500,5.02,Credit Card,Tier3
40,71901.91,85,15,26,22.56,3.49,112,503,9.32,UPI,Tier3
46,32338.69,21,6,29,50.5,39.15,88,5436,5.79,Cash,Tier3
47,78381.88,34,8,20,53.45,96.32,21,4294,2.41,Debit Card,Tier1
56,94610.57,73,8,43,27.91,47.01,65,2545,7.38,Debit Card,Tier3
61,61157.75,98,7,34,38.46,61.34,88,1366,8.91,UPI,Tier3
64,94923.7,50,12,25,42.95,22.88,108,5453,9.33,UPI,Tier1
42,60826.74,76,7,76,32.86,69.85,60,5107,4.62,UPI,Tier3
54,83690.86,47,6,47,59.26,56.42,3,7840,8.32,Debit Card,Tier3
64,16191.46,85,8,65,24.68,57.39,106,651,7.57,Debit Card,Tier2
25,118213.11,84,9,23,47.82,59.66,104,8371,9.08,Credit Card,Tier2
59,97900.08,6,12,24,16.22,1.17,104,1964,7.68,UPI,Tier1
33,58738.24,50,8,51,28.23,6.9,54,4507,8.63,Cash,Tier1
25,21614.04,63,9,28,80.44,84.52,33,6080,4.75,Credit Card,Tier2
18,71336.62,12,5,68,31.68,61.74,28,6986,5.36,Cash,Tier3
61,33233.64,41,7,24,76.16,80.1,109,4935,2.86,Debit Card,Tier2
22,74786.78,31,8,69,37.11,60.84,78,8668,6.83,Cash,Tier3
20,74054.45,2,4,75,41.5,11.51,42,1668,2.04,Debit Card,Tier3
18,44289.13,16,9,29,22.9,61.03,29,4439,3.5,UPI,Tier3
21,89661.27,1,9,61,45.65,21.26,62,4488,7.45,Cash,Tier3
57,82722.64,4,7,79,34.14,62.24,56,3438,9.14,Credit Card,Tier1
52,86468.11,47,8,37,72.51,64.94,3,5279,8.21,Credit Card,Tier1
49,65194.87,65,6,77,30.48,52.52,24,9760,6.16,Cash,Tier1
59,33858.47,52,5,65,36.17,3.11,26,267,9.39,Cash,Tier2
51,86513.19,47,15,48,33.11,10.85,24,2335,6.73,Cash,Tier3
60,59051.83,99,3,65,28.82,56.07,77,5810,2.93,UPI,Tier1
42,34424.84,77,8,51,65.15,16.14,14,8295,4.89,Debit Card,Tier2
27,94744.87,50,12,36,33.5,10.53,75,5565,8.81,Cash,Tier2
38,111186.97,45,11,8,51.56,,68,7052,9.32,Credit Card,Tier3
63,64092.54,42,6,69,31.72,76.83,53,6844,9.21,Debit Card,Tier2
56,112500.67,95,7,34,39.81,45.55,67,5797,1.38,Credit Card,Tier3
44,67008.92,84,6,6,74.22,20.98,102,2995,6.8,Cash,Tier3
44,56629.97,56,16,52,41.14,47.69,59,6021,5.48,UPI,Tier2
19,51129.91,71,5,10,59.3,76.68,12,5396,5.0,Debit Card,Tier2
58,101015.81,57,3,71,24.46,95.76,115,2993,1.68,Credit Card,Tier2
65,47836.83,33,6,74,26.68,85.25,103,1555,4.44,Credit Card,Tier3
30,81175.92,28,2,38,30.17,29.38,1,1370,5.19,UPI,Tier2
26,52698.4,44,10,7,40.47,36.48,78,2206,3.72,UPI,Tier2
69,54873.25,56,6,41,,72.35,86,2395,8.01,Cash,Tier2
53,87665.49,44,7,58,43.3,74.9,24,573,2.85,Cash,Tier3
39,56639.19,84,6,26,56.91,7.22,77,9721,4.37,UPI,Tier3
59,56094.5,96,8,6,36.65,18.98,5,7140,5.63,Debit Card,Tier1
43,89921.7,73,9,10,68.45,13.58,35,2961,5.82,Cash,Tier2
29,100142.74,34,8,42,26.65,77.11,89,2263,2.37,Credit Card,Tier1
34,79183.18,14,5,72,57.11,59.49,45,7787,1.62,Cash,Tier1
31,50595.06,68,7,61,33.41,79.76,85,2453,8.9,Debit Card,Tier3
31,53766.61,29,6,10,49.55,89.47,37,3803,2.12,Cash,Tier3
51,66758.14,79,6,38,50.3,77.79,52,521,6.81,Cash,Tier1
37,72060.46,17,11,56,30.88,6.0,29,4910,7.46,Cash,Tier2
28,43266.95,83,6,10,62.36,,115,5112,8.11,Credit Card,Tier2
33,80906.83,9,8,68,48.45,38.54,21,9728,1.84,Debit Card,Tier2
68,66881.29,27,3,63,55.57,30.22,27,7189,3.69,Debit Card,Tier3
48,27254.42,49,6,44,24.17,60.73,21,9617,2.77,Debit Card,Tier3
23,44563.62,79,5,20,,29.35,58,9051,1.43,Cash,Tier2
36,53909.17,37,10,70,14.9,45.52,22,5814,6.62,Debit Card,Tier2
54,63397.13,28,8,14,43.36,23.98,79,2463,2.35,Debit Card,Tier2
21,106564.13,50,10,34,49.2,95.36,82,5971,2.7,Credit Card,Tier2
64,,55,17,37,82.09,31.49,34,2319,4.88,Cash,Tier3
21,46503.02,4,4,72,64.89,78.31,2,267,2.06,Cash,Tier3
37,69853.88,85,3,43,33.83,83.73,107,275,6.67,Credit Card,Tier2
27,57254.07,98,11,8,47.29,8.24,94,7697,8.02,Cash,Tier2
41,72144.68,19,11,68,46.44,13.83,2,3278,6.46,Cash,Tier3
52,,37,8,29,46.37,37.97,115,873,4.8,Credit Card,Tier3
43,91603.07,4,13,19,54.99,28.94,115,7410,8.48,UPI,Tier2
54,64465.7,37,13,78,58.12,97.94,99,4391,8.31,UPI,Tier1
55,101057.13,51,11,10,50.7,7.4,30,597,9.19,UPI,Tier2
38,84976.5,32,10,73,35.16,95.85,81,8850,9.15,Debit Card,Tier3
57,49436.33,45,7,47,50.9,35.92,52,2987,8.28,Cash,Tier1
56,113616.82,12,6,55,28.18,48.03,115,2355,6.09,Credit Card,Tier2
38,72193.88,41,8,19,51.17,62.61,13,8723,1.14,Cash,Tier3
27,46627.26,56,12,59,32.92,61.83,97,4637,7.53,UPI,Tier1
55,101364.09,80,4,7,48.12,34.0,15,5321,5.34,Cash,Tier2
63,110711.11,14,15,14,49.58,46.47,3,7449,1.77,Cash,Tier1
21,64273.44,54,7,28,60.49,27.64,33,662,7.57,Cash,Tier3
62,53919.69,63,5,46,30.6,25.53,75,7584,4.69,Credit Card,Tier2
37,61207.75,65,8,70,47.6,8.12,11,4110,4.24,Credit Card,Tier2
34,80724.1,58,7,14,29.33,42.32,55,7649,8.27,UPI,Tier2
24,93112.85,96,10,45,25.62,35.17,90,8375,3.63,UPI,Tier3
21,77550.72,21,7,25,39.54,23.32,118,9856,3.42,Cash,Tier1
46,67237.91,4,9,57,52.45,12.97,21,4757,3.13,Credit Card,Tier2
31,97956.26,73,7,73,37.23,,106,2019,3.27,Credit Card,Tier2
20,58117.6,46,12,61,38.75,35.94,39,8224,6.07,UPI,Tier3
41,87680.23,86,12,24,27.07,49.22,94,3435,8.31,Debit Card,Tier2
54,58662.62,12,11,26,73.22,70.51,94,4969,9.64,Cash,Tier2
33,74482.51,30,10,54,43.01,69.09,78,9091,1.08,Cash,Tier2
69,62501.62,94,10,76,34.64,7.72,64,1298,3.02,Credit Card,Tier3
21,63771.25,96,10,12,38.58,5.89,39,4862,5.19,Cash,Tier3
41,56697.5,60,5,16,57.12,75.68,103,8573,9.9,UPI,Tier3
51,94586.79,71,9,33,77.22,80.02,77,4886,8.78,Credit Card,Tier2
47,48875.63,81,7,42,33.92,43.32,49,7322,3.85,UPI,Tier1
35,48714.89,65,6,78,45.24,30.32,55,158,4.07,Cash,Tier3
36,111661.86,14,10,30,22.98,15.31,78,8089,1.24,UPI,Tier3
48,86512.65,44,3,14,49.34,21.09,50,8171,7.55,Cash,Tier3
36,12527.5,26,6,61,18.16,39.39,93,6990,7.92,UPI,Tier2
66,52564.31,91,7,55,29.63,96.61,109,6154,3.11,Debit Card,Tier3
63,100544.92,16,55,29,15.77,,98,1342,8.42,Credit Card,Tier2
36,44084.8,7,5,53,59.15,51.7,47,9528,5.62,UPI,Tier3
39,10000.0,32,8,78,61.28,44.51,42,8482,5.19,Cash,Tier3
41,61986.23,89,9,19,45.58,0.48,3,6200,4.76,UPI,Tier3
62,39877.28,95,11,46,49.54,,102,4639,6.35,Cash,Tier2
29,66317.92,16,7,25,48.33,62.6,80,7443,6.03,UPI,Tier3
47,29247.33,78,12,31,38.22,60.17,116,8497,7.51,UPI,Tier2
55,66824.06,89,6,67,65.79,58.32,116,5897,5.29,Credit Card,Tier2
48,55871.84,62,13,55,70.59,23.24,78,7766,3.12,Debit Card,Tier3
53,98042.97,30,5,36,61.87,29.54,99,4974,2.28,UPI,Tier1
36,96049.85,71,4,16,69.52,55.68,46,3108,2.77,UPI,Tier3
65,82277.6,12,5,28,63.78,16.26,41,9779,4.1,UPI,Tier3
62,57814.5,67,6,77,66.48,25.19,90,8878,9.45,UPI,Tier1
53,108678.37,91,12,47,60.98,80.45,37,1671,7.27,Credit Card,Tier2
47,123332.88,46,15,46,56.95,25.17,95,905,4.8,Credit Card,Tier1
66,34121.71,83,4,79,,61.54,97,333,2.41,Cash,Tier3
50,63156.77,43,8,74,46.52,60.33,108,5329,7.6,UPI,Tier3
35,114588.84,55,4,31,19.5,95.22,62,7120,4.83,Credit Card,Tier2
69,60548.54,45,6,66,,54.09,118,1575,7.93,Credit Card,Tier3
66,60968.6,60,8,78,41.81,46.37,109,6932,8.38,Cash,Tier1
45,33277.97,71,7,18,42.79,33.56,96,8628,6.28,Debit Card,Tier1
64,85810.45,80,11,60,21.72,20.39,28,349,8.32,Debit Card,Tier2
28,85969.88,32,7,6,,28.37,7,6819,6.21,UPI,Tier1
62,82359.65,8,8,73,59.84,96.05,42,8973,5.55,Cash,Tier2
50,51157.15,77,7,22,60.47,96.18,74,4957,7.9,UPI,Tier3
34,49452.45,62,9,69,58.03,18.58,85,2800,4.75,Debit Card,Tier2
23,36551.31,75,11,8,42.61,6.16,52,5899,6.59,UPI,Tier2
21,66845.2,20,11,51,34.0,29.6,92,3293,4.46,Credit Card,Tier2
37,41231.04,18,8,49,50.06,76.73,13,5499,9.43,Cash,Tier3
65,39096.84,6,8,74,45.0,38.39,86,5187,7.36,UPI,Tier1
64,55678.8,84,6,69,42.66,29.89,21,1856,8.84,UPI,Tier1
44,54238.56,96,7,74,72.86,37.22,104,6913,5.74,Debit Card,Tier2
32,53164.47,29,3,63,45.4,21.6,45,2941,8.98,UPI,Tier2
23,75261.78,4,7,36,46.65,62.8,90,1843,5.97,Cash,Tier1
64,66739.05,71,7,47,47.83,58.5,111,4197,7.79,Debit Card,Tier2
31,,43,11,42,45.26,35.22,76,5517,7.71,Debit Card,Tier3
28,69026.28,84,12,33,24.33,48.08,2,7384,1.79,Cash,Tier2
56,43186.41,34,9,73,48.51,0.35,99,7982,4.31,Debit Card,Tier2
26,67316.13,71,12,50,57.91,,51,7035,9.91,UPI,Tier2
43,68313.25,33,9,5,7.33,83.52,81,6264,2.93,Debit Card,Tier1
33,,15,7,10,44.47,13.82,12,9520,4.22,Cash,Tier2
22,86905.26,96,11,40,,93.85,106,271,9.8,Cash,Tier1
69,45608.46,86,9,68,53.35,52.26,18,8259,3.98,Cash,Tier3
27,66986.82,40,12,78,47.69,,6,9652,8.42,Debit Card,Tier2
67,90617.06,93,10,31,46.16,,78,144,4.91,Credit Card,Tier1
20,85364.89,89,2,5,68.09,63.1,83,4006,9.41,Cash,Tier2
30,65755.33,5,12,33,69.89,27.96,113,7294,6.39,Credit Card,Tier2
60,57025.02,78,11,74,26.42,81.53,44,1219,9.75,Credit Card,Tier2
66,85845.26,50,10,36,36.38,91.86,93,5947,2.0,UPI,Tier3
47,79843.29,99,12,6,36.53,92.16,112,9847,3.44,Debit Card,Tier3
62,51395.97,66,9,28,40.46,78.82,7,1091,6.38,Cash,Tier1
23,47512.34,89,10,20,54.22,95.51,31,7863,2.02,Cash,Tier3
34,19408.19,54,11,56,47.65,80.62,6,6722,7.67,Debit Card,Tier2
62,68388.7,80,3,30,38.98,88.97,100,8987,9.39,UPI,Tier2
68,63180.65,46,9,5,73.62,32.47,111,7392,6.74,Cash,Tier1
36,89996.21,80,9,28,47.24,65.41,54,3568,7.31,Cash,Tier3
59,72899.21,11,6,32,51.27,19.27,89,2858,2.41,Credit Card,Tier2
52,,49,9,37,25.05,31.39,42,8360,6.75,Cash,Tier2
63,49657.99,99,11,46,61.42,56.9,85,2026,4.91,Credit Card,Tier3
43,90039.31,23,8,54,41.91,45.69,16,4921,7.79,Credit Card,Tier2
68,53363.84,55,10,15,11.47,89.27,5,5727,3.76,Cash,Tier1
22,,5,10,66,46.49,19.57,19,5326,6.98,Debit Card,Tier3
46,32907.32,64,9,51,20.76,64.11,91,6035,1.7,UPI,Tier3
54,70172.98,35,7,10,46.98,38.53,51,171,3.8,Debit Card,Tier3
37,21336.87,93,7,14,54.71,30.08,35,3519,6.39,Debit Card,Tier3
66,59122.98,69,11,78,8.93,10.52,7,6990,6.14,Debit Card,Tier2
38,74687.79,54,13,53,32.29,70.92,68,695,6.24,Debit Card,Tier1
27,53538.69,3,13,12,53.4,42.42,94,8094,5.19,Cash,Tier1
22,41890.37,6,8,33,41.47,83.77,104,3158,6.44,Credit Card,Tier2
53,83614.61,87,14,49,47.27,77.37,28,1047,3.52,Credit Card,Tier2
23,62723.82,56,7,16,,43.61,56,8760,5.02,Debit Card,Tier1
43,54229.45,2,9,42,31.1,25.65,61,1748,2.42,Cash,Tier1
21,65921.71,82,12,59,11.31,79.34,97,3724,4.19,UPI,Tier1
56,123006.72,94,6,56,38.62,9.19,80,2832,6.93,Debit Card,Tier2
56,90377.06,38,5,22,18.9,41.65,64,1136,6.09,Debit Card,Tier2
67,90576.62,56,15,70,43.7,78.2,51,775,1.32,Debit Card,Tier1
52,74582.02,5,3,68,36.32,16.61,27,6145,7.36,Cash,Tier1
18,68662.68,46,9,5,29.95,51.39,78,3905,6.37,UPI,Tier2
41,12286.19,11,5,73,68.85,78.32,53,7785,4.51,Debit Card,Tier3
53,50062.43,65,7,67,31.84,2.38,82,8903,6.39,UPI,Tier1
23,54427.36,10,6,16,16.5,74.44,106,5143,1.54,Cash,Tier1
58,23752.37,41,4,13,51.96,26.43,59,9703,7.78,UPI,Tier1
63,,44,8,20,42.91,76.02,82,5559,6.47,Cash,Tier2
61,21421.6,90,9,45,33.94,41.9,86,6689,3.18,UPI,Tier1
48,64156.88,33,12,26,50.72,2.28,40,2434,1.21,Cash,Tier2
37,83012.85,91,9,18,52.68,56.45,68,3320,6.74,Debit Card,Tier3
41,89349.04,56,11,53,21.02,,20,3146,8.82,UPI,Tier1
42,74125.26,12,8,60,78.6,17.14,108,3886,2.03,Debit Card,Tier3
53,,2,13,62,63.3,50.93,80,8216,9.07,Cash,Tier1
38,22494.57,1,10,10,56.3,76.56,95,766,8.53,UPI,Tier2
47,26348.89,65,10,7,55.66,6.51,60,8761,5.28,Credit Card,Tier1
41,37082.38,33,11,42,59.96,85.61,72,2287,4.48,Cash,Tier1
61,181780.36,86,45,36,41.8,35.18,12,2098,3.12,Cash,Tier2
59,61485.53,76,9,29,44.1,96.72,20,2346,1.55,Debit Card,Tier1
47,42688.39,36,10,10,27.59,82.27,42,9322,3.47,Credit Card,Tier1
39,72457.47,21,5,38,44.28,75.8,15,9201,8.38,UPI,Tier2
45,59889.98,84,4,41,17.52,15.81,102,3034,5.34,Debit Card,Tier3
24,65232.01,36,15,64,11.99,50.14,92,8311,1.4,Credit Card,Tier2
52,90085.51,26,13,11,55.77,34.24,51,8733,5.68,Cash,Tier2
45,,47,3,62,45.25,79.63,17,9041,7.59,Cash,Tier3
31,74211.5,95,2,24,38.93,33.1,80,9071,7.78,Cash,Tier1
27,64692.59,1,6,39,46.7,68.15,119,1375,8.66,UPI,Tier3
33,57663.3,38,6,23,58.44,44.86,72,4793,7.48,Credit Card,Tier3
33,84475.64,14,8,77,61.62,76.74,76,3291,1.07,UPI,Tier1
48,84338.31,90,8,15,36.69,16.34,85,1595,4.76,Cash,Tier1
59,44177.2,46,8,56,64.04,30.62,63,6824,4.02,UPI,Tier1
42,60992.47,42,5,61,48.93,13.95,30,4386,5.1,Debit Card,Tier1
30,71186.66,7,6,56,53.99,57.28,24,9150,8.13,Cash,Tier1
23,58993.85,55,7,17,52.57,36.22,50,5761,1.34,UPI,Tier1
61,77870.47,56,7,30,31.94,78.49,64,7471,7.05,UPI,Tier3
26,71186.22,76,10,58,16.76,,36,3990,4.66,Cash,Tier1
62,105316.35,63,3,21,,60.49,41,7180,9.99,Cash,Tier2
53,31333.86,24,7,11,48.3,54.05,97,6751,3.62,UPI,Tier1
60,62306.41,83,4,23,36.87,71.38,44,7031,5.41,Debit Card,Tier3
37,45012.94,73,6,10,57.36,73.02,51,6269,9.53,Cash,Tier2
35,78290.36,99,9,79,16.31,91.21,76,4413,2.49,Credit Card,Tier2
60,29422.22,4,14,46,40.85,59.03,53,4099,6.18,Debit Card,Tier1
38,72618.88,42,9,12,57.46,70.74,90,5903,6.62,Cash,Tier1
21,51138.93,96,11,34,48.39,96.44,4,544,6.57,Credit Card,Tier2
67,48848.44,70,10,44,23.84,,83,9350,7.86,Debit Card,Tier1
50,33177.04,28,5,6,44.8,,43,9091,2.22,UPI,Tier2
44,,92,14,72,46.76,58.57,109,8118,7.42,Cash,Tier1
24,88859.01,40,8,52,39.31,98.68,102,8104,2.46,Cash,Tier2
23,64445.85,51,10,31,44.68,18.11,27,7326,4.9,UPI,Tier3
32,78808.97,29,8,18,46.61,61.99,104,8130,9.21,Cash,Tier2
35,101622.12,42,6,54,44.55,35.62,66,1235,2.44,UPI,Tier3
49,,69,4,9,33.44,60.28,5,9389,7.33,Credit Card,Tier1
28,52706.41,5,7,25,43.73,5.39,79,3173,6.78,Cash,Tier1
37,75279.55,41,14,52,51.6,31.66,57,5448,7.55,Credit Card,Tier2
41,53025.48,61,18,36,49.94,1.98,112,923,9.16,Cash,Tier2
32,53902.7,55,8,5,29.28,48.72,37,9658,8.26,UPI,Tier1
65,31562.36,28,8,67,60.61,51.62,102,1264,5.9,UPI,Tier1
24,85377.66,41,9,60,60.45,49.52,35,4224,2.86,UPI,Tier1
38,56507.94,9,3,15,22.81,91.19,16,989,2.35,UPI,Tier1
59,69006.16,29,7,14,59.78,42.9,9,2429,1.57,UPI,Tier2
43,42208.84,78,10,39,57.78,21.07,22,9674,5.38,Cash,Tier1
61,74590.85,38,10,35,49.93,84.38,91,9303,8.82,Cash,Tier1
31,48237.29,62,5,8,58.13,93.11,76,316,2.95,UPI,Tier1
54,61882.41,54,9,77,26.29,,115,9342,9.13,Cash,Tier1
38,84312.17,52,11,32,79.47,23.31,69,3213,2.39,UPI,Tier1
35,,34,3,30,40.52,14.14,103,3323,9.01,Credit Card,Tier3
22,64515.34,37,8,58,58.02,77.26,24,7214,7.27,Debit Card,Tier1
20,26101.12,49,4,16,57.23,89.27,98,9702,3.39,Credit Card,Tier3
40,130841.83,42,2,40,37.54,80.61,14,9862,9.82,Cash,Tier3
43,103408.9,14,6,20,57.72,39.72,115,2117,4.99,Credit Card,Tier3
54,80898.85,82,12,73,41.53,16.88,85,8629,2.63,UPI,Tier3
41,48429.52,33,5,54,52.27,95.04,6,4418,7.17,Cash,Tier3
66,62500.97,98,10,58,47.91,29.67,48,7383,2.48,Cash,Tier3
36,53044.75,92,11,13,41.58,91.59,39,2366,9.02,Debit Card,Tier2
68,92804.83,87,5,48,,71.78,20,3315,9.31,Credit Card,Tier3
42,70775.06,17,9,18,61.98,,22,3768,1.64,Credit Card,Tier1
38,47748.4,75,1,79,48.32,67.63,100,615,5.33,Debit Card,Tier2
29,54643.39,32,10,57,42.99,17.48,104,7215,1.58,Debit Card,Tier2
58,89666.14,79,9,52,72.98,45.77,58,9727,4.34,Cash,Tier2
50,100202.15,68,7,58,34.67,14.55,98,2753,7.37,Cash,Tier2
67,98623.29,39,5,7,69.8,22.06,34,578,4.3,Cash,Tier1
21,81654.71,94,7,24,44.85,34.91,32,8600,9.39,Credit Card,Tier3
59,59442.25,10,7,58,54.3,14.83,68,7600,3.11,UPI,Tier3
24,10000.0,87,9,8,39.95,30.55,93,3961,2.62,Debit Card,Tier1
39,71537.52,24,11,47,31.12,9.53,47,4907,6.88,Credit Card,Tier3
50,64959.77,58,8,22,,4.82,18,9215,9.24,Credit Card,Tier1
34,68079.61,69,11,70,70.95,15.09,41,746,1.09,UPI,Tier2
41,66185.74,64,7,74,74.01,21.29,21,7310,8.29,Debit Card,Tier2
51,35822.23,19,11,44,,27.65,86,5970,5.77,Cash,Tier2
45,77262.99,8,7,34,44.03,61.02,72,6012,1.62,Credit Card,Tier2
60,78908.76,71,9,27,46.33,20.95,23,7092,6.95,Cash,Tier2
58,80011.45,40,10,39,48.77,88.08,76,8343,4.78,UPI,Tier3
56,85824.69,13,10,48,37.12,7.8,58,8357,4.79,Debit Card,Tier2
39,78289.14,27,6,54,52.56,77.83,17,8963,1.79,Credit Card,Tier1
66,55979.35,82,10,28,40.04,79.63,61,4873,7.15,Debit Card,Tier1
34,63441.59,88,10,37,47.55,36.51,100,9903,1.98,Cash,Tier1
51,67004.75,2,2,77,,62.83,60,2091,5.36,Credit Card,Tier2
23,67369.39,16,10,52,,59.44,103,9444,8.48,Debit Card,Tier2
63,86960.79,14,7,22,44.74,90.33,93,7531,7.7,Debit Card,Tier1
23,316642.84,17,30,59,70.55,97.61,108,9749,2.89,UPI,Tier1
51,110701.56,60,5,14,24.36,,92,8874,8.39,UPI,Tier1
18,113542.32,70,12,55,63.58,51.27,9,9024,8.93,Cash,Tier2
27,66752.29,99,3,17,39.72,,82,7446,7.66,Credit Card,Tier1
38,10000.0,17,8,18,45.56,75.31,81,642,9.96,UPI,Tier2
22,92210.31,45,5,36,44.08,93.09,82,3531,1.69,Cash,Tier1
19,53111.72,38,5,30,55.5,11.44,78,8900,1.66,Cash,Tier2
39,47367.35,64,4,55,28.14,75.33,44,9720,6.64,Debit Card,Tier2
65,56234.2,6,7,40,53.87,50.06,32,7930,3.96,Credit Card,Tier2
19,,60,5,63,52.94,96.77,41,9978,4.95,UPI,Tier2
27,78469.94,49,5,25,65.6,8.64,82,6636,7.62,Credit Card,Tier2
51,30692.41,21,9,17,55.53,87.89,77,4674,9.14,Debit Card,Tier3
33,41290.14,99,9,20,20.74,57.54,93,856,3.14,Credit Card,Tier3
65,72549.49,23,4,51,57.79,58.99,103,2490,2.59,UPI,Tier2
68,78704.77,76,10,57,77.57,10.02,90,5838,7.76,Cash,Tier1
56,79113.92,57,8,34,,,86,3182,8.64,UPI,Tier1
39,47685.2,64,7,68,48.41,30.19,31,5549,7.97,UPI,Tier3
29,43478.16,29,8,30,53.65,18.08,1,2992,2.15,UPI,Tier1
41,53854.03,27,11,35,19.13,29.74,80,9434,7.83,Cash,Tier1
64,70277.2,6,8,26,23.66,20.85,25,6323,4.95,Debit Card,Tier3
57,97680.5,21,11,48,59.08,54.42,12,6103,6.48,UPI,Tier2
55,19956.38,71,5,30,22.72,34.49,41,3381,4.62,Credit Card,Tier2
27,60143.97,41,11,69,52.99,45.44,76,9417,1.12,Cash,Tier3
52,35681.07,80,12,13,48.29,40.14,110,8166,9.97,Debit Card,Tier1
68,28650.66,5,8,54,75.75,37.31,108,4709,2.58,Credit Card,Tier1
66,86273.05,15,6,53,47.07,1.97,31,8366,7.06,Credit Card,Tier1
49,76981.74,21,15,12,31.49,63.35,75,9370,2.99,UPI,Tier1
24,74887.54,58,8,50,52.21,66.64,65,8760,1.33,UPI,Tier2
38,85262.57,4,9,64,29.94,,6,3164,9.9,Credit Card,Tier1
37,54446.18,69,13,23,54.88,75.05,69,8454,1.06,Cash,Tier1
43,55481.97,7,9,19,57.7,69.47,83,7962,6.56,Cash,Tier2
21,113086.07,35,6,31,,44.26,56,7626,7.66,Credit Card,Tier1
63,59575.44,36,10,73,52.28,25.5,111,4470,6.09,Credit Card,Tier1
69,81172.91,15,7,67,57.83,52.26,96,3632,7.92,Credit Card,Tier3
39,65140.39,92,10,48,38.56,99.32,69,4178,2.54,Credit Card,Tier3
32,24338.31,2,4,62,37.6,26.64,11,942,1.21,Cash,Tier1
57,20018.16,57,8,43,27.29,50.47,108,9505,5.81,Credit Card,Tier1
38,52262.35,5,7,72,59.2,30.82,29,5935,4.91,UPI,Tier1
32,88234.23,71,8,22,31.84,37.49,7,5112,7.9,UPI,Tier2
39,82342.42,86,8,58,36.35,48.28,106,5186,1.55,Debit Card,Tier2
69,,95,12,52,30.57,72.09,91,3076,1.48,Debit Card,Tier1
45,43284.98,32,10,77,41.12,77.92,28,5340,4.02,Cash,Tier2
31,100549.19,72,7,33,48.01,16.41,20,8846,8.12,Cash,Tier3
44,43772.35,41,7,34,41.63,75.12,57,4111,5.22,UPI,Tier3
58,69682.14,42,12,73,,67.83,14,3751,8.08,UPI,Tier1
57,64772.25,75,13,29,40.54,70.15,108,7171,6.75,Cash,Tier1
45,61174.78,65,5,31,49.88,55.54,42,2519,4.86,Cash,Tier1
43,94449.03,40,8,34,44.78,26.12,32,1414,8.51,Debit Card,Tier3
66,49487.57,83,4,44,29.49,35.69,17,1501,6.99,UPI,Tier1
19,35308.68,38,8,36,50.0,72.84,45,4986,4.78,UPI,Tier2
42,65439.9,42,4,33,,6.31,28,6034,2.0,Debit Card,Tier2
20,56203.81,37,5,45,35.95,6.54,88,5372,4.3,Debit Card,Tier3
25,139302.42,56,3,15,60.45,75.9,75,4549,1.53,Debit Card,Tier3
61,79883.16,71,6,48,21.89,57.14,46,4074,5.35,Cash,Tier1
50,55994.51,55,15,38,33.13,13.72,93,9327,1.49,Cash,Tier1
59,41765.55,89,8,38,42.39,6.38,25,2858,7.93,Cash,Tier3
69,23633.65,54,9,32,48.13,51.74,87,4235,4.2,UPI,Tier2
52,42445.18,22,10,64,41.54,94.85,59,275,6.49,UPI,Tier3
23,67528.72,27,11,58,29.12,75.76,46,7393,3.74,Credit Card,Tier3
56,96401.23,47,7,31,43.89,59.44,77,1864,8.94,UPI,Tier1
69,89677.16,38,11,50,68.37,84.91,118,7694,5.42,Credit Card,Tier1
40,70040.09,39,9,12,52.46,32.4,22,848,7.73,Debit Card,Tier1
42,57890.31,15,5,33,45.45,57.1,31,4495,6.94,Credit Card,Tier2
67,70913.87,66,4,23,13.88,93.26,70,8155,7.31,Cash,Tier3
60,53589.96,61,11,36,40.63,30.39,33,3776,5.65,Credit Card,Tier1
36,102804.01,60,3,5,58.36,15.56,32,3247,9.99,UPI,Tier2
22,60837.82,8,9,71,43.1,67.14,80,1746,1.91,UPI,Tier3
68,63100.57,44,12,62,48.42,,89,8383,5.57,UPI,Tier3
28,16251.91,43,15,30,68.62,35.83,99,7835,4.29,Cash,Tier3
29,60700.43,6,8,54,43.53,5.94,99,8344,4.24,Credit Card,Tier2
27,83402.65,84,5,11,28.67,60.03,81,8466,7.79,Debit Card,Tier3
25,,27,9,23,25.62,,19,4604,1.07,Cash,Tier2
41,48484.15,45,4,72,43.12,25.52,3,3633,4.47,UPI,Tier1
45,,23,4,62,77.09,12.49,26,6202,4.69,UPI,Tier3
58,32513.54,81,7,31,41.26,11.07,83,8851,5.56,Debit Card,Tier2
53,88271.62,13,5,41,15.2,4.17,40,4695,4.55,UPI,Tier2
54,,68,5,12,32.21,73.53,95,3323,3.64,Credit Card,Tier2
38,56451.5,84,8,5,25.09,95.05,49,1884,5.95,Cash,Tier3
25,,64,13,76,47.58,50.46,55,2192,9.17,Credit Card,Tier1
26,,25,9,75,64.59,77.88,80,1225,3.95,Credit Card,Tier2
64,119117.18,86,10,73,18.44,44.63,108,3901,1.95,Debit Card,Tier1
32,82192.94,52,8,8,35.8,45.42,42,7819,5.5,Debit Card,Tier1
65,45985.72,48,12,69,54.29,76.43,79,9633,8.59,UPI,Tier2
63,89983.65,61,4,36,51.69,70.6,47,895,2.24,Debit Card,Tier2
57,58033.05,17,13,27,58.22,13.84,33,3508,8.64,Debit Card,Tier2
35,95238.67,40,7,22,49.48,92.05,105,3479,7.41,Cash,Tier2
59,82746.88,75,9,10,72.56,98.07,22,711,6.03,UPI,Tier2
37,10000.0,89,4,63,41.63,6.88,48,6445,5.03,Credit Card,Tier3
23,42910.25,69,8,66,55.71,14.23,77,1597,4.78,Cash,Tier3
29,85776.47,85,6,16,32.35,94.51,34,9459,7.53,UPI,Tier2
19,68336.46,26,6,50,53.64,56.13,52,9993,5.27,Credit Card,Tier1
24,42477.37,80,11,28,52.97,71.01,15,938,6.89,Cash,Tier3
33,51061.03,56,11,17,46.43,37.66,59,9733,1.33,UPI,Tier3
20,23062.79,40,4,43,47.69,35.14,56,1131,9.46,Debit Card,Tier3
62,63055.79,85,8,77,61.57,65.51,12,7274,5.06,Cash,Tier2
20,113635.17,96,4,6,25.91,70.33,84,6934,9.23,Debit Card,Tier2
44,,68,6,78,,6.45,109,1958,6.67,Debit Card,Tier2
67,113189.17,8,5,15,49.08,98.7,112,8335,6.95,UPI,Tier2
60,,73,8,75,50.27,67.99,64,6792,2.77,UPI,Tier3
57,87604.55,45,9,59,20.0,6.3,111,2962,1.64,UPI,Tier1
55,108429.73,17,6,28,59.46,6.14,45,1400,2.95,Debit Card,Tier3
50,,41,3,74,30.78,95.11,89,7792,5.82,Debit Card,Tier3
45,60881.0,77,8,12,37.2,28.63,96,659,1.32,Credit Card,Tier1
18,87718.47,9,6,54,52.29,31.39,11,2241,8.9,Cash,Tier2
25,96984.49,70,7,73,45.86,48.48,54,3419,4.81,Debit Card,Tier1
54,54440.78,91,7,29,53.35,19.55,87,667,5.36,UPI,Tier2
49,49125.48,24,6,8,39.98,4.43,35,6099,2.29,Credit Card,Tier2
65,68054.83,73,4,71,52.81,,34,4123,8.73,Debit Card,Tier3
60,83292.98,11,11,11,70.8,14.83,51,8008,6.94,UPI,Tier1
54,82558.0,35,16,48,52.45,61.41,97,7059,1.8,Cash,Tier1
21,33668.31,29,2,26,29.71,12.39,29,2972,2.67,Cash,Tier1
47,107055.33,8,4,62,18.79,96.36,92,6798,1.45,Debit Card,Tier2
23,50894.37,17,10,21,33.78,77.04,77,1771,6.54,Debit Card,Tier3
63,59168.57,71,6,12,,86.47,37,7223,2.11,Debit Card,Tier1
36,45141.6,12,7,61,17.79,67.01,106,6785,5.36,Debit Card,Tier3
49,124363.23,79,5,36,64.74,92.37,100,4636,7.37,Credit Card,Tier3
26,70325.55,93,7,46,31.43,41.24,108,844,5.74,Cash,Tier3
29,46278.55,50,8,46,56.69,11.61,49,1193,5.23,Cash,Tier1
28,84006.32,24,6,44,52.58,61.07,20,4868,1.88,Debit Card,Tier3
63,81920.99,37,4,76,17.56,82.41,107,2863,5.64,UPI,Tier1
33,60870.01,78,12,25,38.94,90.16,44,3575,1.65,UPI,Tier1
18,83493.35,11,9,72,37.38,30.5,91,7240,1.12,Credit Card,Tier1
62,46843.58,99,7,39,69.91,8.65,48,7757,8.65,Credit Card,Tier1
38,54155.8,81,10,49,36.19,37.36,37,1141,9.37,Debit Card,Tier2
47,20775.23,59,7,9,71.37,42.37,100,1914,1.02,Debit Card,Tier3
30,35873.08,55,9,13,65.57,10.38,60,1432,6.79,Credit Card,Tier1
51,104767.88,27,4,14,,42.34,65,1907,3.09,Credit Card,Tier1
21,101111.43,67,5,34,52.5,46.55,10,844,5.18,UPI,Tier3
45,66447.35,60,14,50,38.08,66.77,1,7706,5.59,Cash,Tier3
55,101584.49,2,10,66,20.27,14.18,104,4819,5.53,Cash,Tier2
48,61478.36,68,7,6,58.63,42.63,114,648,6.77,UPI,Tier2
44,,18,8,57,43.14,99.99,85,9114,2.83,Cash,Tier3
22,66243.23,20,10,53,41.33,30.89,54,2975,7.76,UPI,Tier2
42,62251.72,85,13,5,61.11,22.0,85,1456,3.0,UPI,Tier1
20,60265.68,63,3,22,44.13,5.73,28,9858,9.05,Debit Card,Tier3
50,90154.76,78,10,47,67.71,8.83,43,4359,1.68,Cash,Tier1
21,68302.98,72,8,37,43.25,52.43,65,7484,1.67,Credit Card,Tier2
42,,2,9,56,46.81,33.08,7,1299,1.79,UPI,Tier3
37,350761.48,90,50,9,61.55,81.1,109,5885,6.99,UPI,Tier3
51,73540.09,83,4,6,34.64,1.97,10,7700,1.94,Cash,Tier1
43,43654.03,42,13,39,54.31,78.24,18,9736,2.72,Credit Card,Tier2
22,35236.95,28,7,13,46.99,80.71,13,3958,3.94,Debit Card,Tier1
52,68273.17,29,12,75,44.9,16.51,107,8378,6.95,Cash,Tier2
45,61232.36,69,8,20,62.09,85.44,27,5438,6.59,Cash,Tier1
46,66922.61,28,9,34,57.55,11.44,23,3665,8.91,Credit Card,Tier3
26,64646.81,60,10,12,45.46,55.11,29,5898,2.28,UPI,Tier2
69,121838.62,90,5,51,42.18,60.12,14,7385,2.49,Debit Card,Tier3
55,35735.02,5,9,19,59.96,60.89,77,7314,3.12,Debit Card,Tier1
67,21221.18,15,7,17,53.95,50.51,86,3052,3.73,Cash,Tier2
23,72312.29,73,8,19,37.06,65.0,12,2549,7.39,UPI,Tier3
36,56718.7,32,11,39,47.38,41.39,65,4284,5.66,Debit Card,Tier1
61,71953.49,52,6,47,61.67,99.65,50,2229,5.81,Cash,Tier1
28,77845.43,90,9,78,47.23,57.26,23,9589,3.6,Cash,Tier2
19,93250.3,37,16,7,35.9,15.43,48,6575,7.67,Cash,Tier1
64,31841.03,15,8,37,39.95,47.85,37,3984,5.16,Credit Card,Tier3
61,52752.21,41,6,32,60.16,87.87,96,2141,5.22,Credit Card,Tier1
61,74432.75,4,9,19,,16.13,37,3927,3.16,UPI,Tier2
26,81950.2,53,5,12,28.73,57.13,60,1664,3.6,UPI,Tier3
38,113255.89,84,1,63,62.96,85.31,19,2390,5.8,Debit Card,Tier2
41,86025.49,27,7,11,50.4,65.56,111,6946,1.55,Debit Card,Tier1
51,63750.65,21,6,34,48.83,21.03,25,5583,9.46,Cash,Tier1
39,45410.41,60,8,23,57.61,,44,2337,5.9,Debit Card,Tier2
20,52585.62,86,8,18,21.46,65.95,69,7975,6.73,Credit Card,Tier3
29,51960.54,64,13,34,65.69,3.49,76,6285,1.25,Debit Card,Tier2
45,79415.14,71,6,58,39.5,61.79,109,5038,1.38,Cash,Tier3
47,70653.94,47,10,28,26.72,75.0,33,304,9.66,Debit Card,Tier2
43,35879.71,54,9,23,76.96,55.32,11,9166,2.42,Debit Card,Tier2
65,55410.17,31,6,23,46.29,44.08,61,4515,2.45,Cash,Tier2
38,84306.05,17,6,24,63.21,54.74,114,6561,8.95,UPI,Tier3
45,72736.57,50,5,60,25.92,3.66,37,3838,8.17,Cash,Tier3
43,77510.18,7,9,16,59.28,42.93,14,2001,6.89,Cash,Tier1
50,73424.28,83,6,50,9.07,14.58,82,1818,7.3,Credit Card,Tier2
38,100781.48,28,9,61,45.21,73.25,88,3922,1.2,Credit Card,Tier2
52,70192.95,10,10,54,62.74,86.52,105,672,7.15,Debit Card,Tier2
69,56507.5,27,11,43,45.3,68.91,117,5283,3.05,UPI,Tier3
51,44853.39,13,7,23,53.08,46.92,88,2378,3.04,Credit Card,Tier2
58,70491.41,66,6,17,37.65,7.26,69,4684,4.91,UPI,Tier2
68,11304.51,86,4,40,46.67,43.67,100,4720,4.8,UPI,Tier2
64,60945.64,84,18,28,21.65,90.37,24,7961,5.77,Credit Card,Tier2
35,60471.52,60,10,27,27.58,20.84,67,6995,7.56,Credit Card,Tier2
28,34981.64,43,9,65,41.18,78.57,56,9174,9.09,Debit Card,Tier1
40,44578.15,69,10,43,47.99,31.76,3,4127,5.07,Debit Card,Tier2
65,82812.47,63,13,41,,92.7,18,197,6.36,Credit Card,Tier3
39,70075.66,70,8,24,62.58,71.31,18,1287,5.45,Cash,Tier3
34,67239.34,99,10,30,45.75,41.58,50,6538,1.02,UPI,Tier1
22,71739.65,65,7,73,39.61,,19,1050,8.44,Cash,Tier3
61,67037.81,99,8,59,64.44,11.11,2,2384,7.62,Cash,Tier3
28,92342.98,67,10,62,45.13,74.85,60,697,9.64,Cash,Tier2
47,67715.44,54,12,16,51.6,87.12,78,2730,4.35,Debit Card,Tier1
32,32919.31,36,12,43,42.21,88.8,94,9946,8.38,Cash,Tier3
44,100862.86,71,7,71,24.42,92.7,6,7528,7.55,Debit Card,Tier3
52,73147.49,93,9,39,34.38,62.76,88,9416,2.05,Cash,Tier1
50,52036.42,15,10,60,50.7,12.5,45,887,9.73,Debit Card,Tier2
37,37425.16,75,6,67,48.26,5.86,25,2487,2.38,UPI,Tier2
33,73710.11,18,7,19,28.43,21.54,86,2528,8.47,Debit Card,Tier3
51,62422.22,4,5,51,46.54,25.62,47,2138,5.26,Credit Card,Tier3
19,99631.23,88,6,70,40.04,92.14,106,2576,6.41,UPI,Tier2
52,57390.04,11,7,29,91.47,78.15,58,867,5.64,UPI,Tier1
57,46577.62,6,5,54,,41.17,70,9301,1.6,Cash,Tier3
45,84707.52,51,5,9,40.3,40.54,62,6543,9.53,UPI,Tier2
64,85356.2,58,13,65,58.62,3.37,95,8806,8.86,Credit Card,Tier3
56,68710.33,60,10,30,,94.0,20,9541,6.28,Debit Card,Tier2
23,79879.86,18,8,55,39.17,31.07,18,375,5.41,Credit Card,Tier3
26,64170.88,79,11,7,22.92,3.56,109,7117,3.99,Cash,Tier3
37,70145.03,67,10,22,,20.79,118,517,2.57,Credit Card,Tier2
18,90629.8,17,5,12,43.95,22.92,65,1263,8.04,Credit Card,Tier2
25,78757.0,97,9,62,42.14,97.41,26,639,5.65,UPI,Tier2
40,61275.96,34,8,48,72.6,31.83,39,9176,7.11,UPI,Tier1
20,94751.98,30,10,54,56.77,87.65,93,2561,3.66,UPI,Tier1
21,12973.18,19,6,70,,65.26,35,332,9.02,Credit Card,Tier1
42,110145.61,9,8,53,51.65,39.61,25,7511,9.8,Cash,Tier3
64,27468.9,40,5,23,46.86,33.37,47,5105,6.95,Debit Card,Tier1
55,51203.96,44,12,70,49.9,36.25,3,3804,8.69,UPI,Tier3
32,64099.81,95,8,44,,35.84,87,1802,3.11,UPI,Tier2
38,61777.43,59,13,72,43.43,67.17,19,9608,9.75,Debit Card,Tier3
52,87141.04,91,9,20,69.7,46.77,115,8365,3.05,Cash,Tier1
63,41727.59,25,10,16,34.72,,14,9719,3.06,Credit Card,Tier1
69,70736.87,71,15,31,,83.34,62,3820,9.28,UPI,Tier2
31,52279.33,53,6,9,44.06,94.67,95,6954,3.57,UPI,Tier3
53,71493.1,48,11,51,30.16,8.93,13,774,4.28,Credit Card,Tier1
29,63575.01,71,4,13,51.57,71.04,62,2724,8.68,Credit Card,Tier3
34,67044.58,84,12,27,48.9,35.28,36,9737,8.72,Cash,Tier3
56,52901.65,53,9,67,64.41,36.03,101,8768,1.75,Debit Card,Tier3
26,53778.59,49,7,11,55.73,50.62,45,9081,3.88,Credit Card,Tier2
52,71320.0,43,8,57,44.9,97.72,7,3883,3.17,UPI,Tier2
30,85761.74,19,5,59,46.11,53.25,107,2951,9.08,Credit Card,Tier2
32,51837.85,66,8,34,54.96,,24,7815,3.67,Credit Card,Tier2
35,45887.11,34,6,55,37.18,10.36,88,8935,3.14,UPI,Tier3
68,78496.12,81,15,13,22.71,55.11,98,7710,3.65,Debit Card,Tier2
50,64284.91,88,12,35,36.95,50.8,76,8521,8.88,Cash,Tier2
23,83270.96,73,4,9,23.34,45.21,24,3554,2.72,UPI,Tier3
44,45072.46,54,13,65,37.23,47.89,59,490,2.66,Cash,Tier3
40,25852.34,1,8,56,17.41,21.64,105,8620,8.54,Cash,Tier2
44,53273.91,92,6,37,30.9,35.73,103,3661,2.55,UPI,Tier3
51,48140.24,55,10,62,53.85,48.33,26,8634,5.52,Debit Card,Tier3
63,63266.66,15,11,45,37.43,4.78,64,9445,5.35,UPI,Tier1
55,50989.41,85,9,21,64.53,22.07,72,4368,1.1,Credit Card,Tier2
31,81302.37,15,7,56,44.0,58.81,111,7134,6.48,UPI,Tier2
53,58660.69,23,15,15,54.06,80.08,44,5436,7.05,Cash,Tier1
25,68310.44,66,4,52,80.3,93.78,33,5131,2.82,UPI,Tier1
52,68467.96,46,2,35,24.8,89.77,115,3035,6.2,Cash,Tier2
36,69289.01,9,8,65,23.47,35.18,2,5456,2.3,Debit Card,Tier2
47,64469.16,66,3,49,,13.28,39,9935,7.67,Credit Card,Tier3
31,76233.22,66,6,35,,23.06,14,2267,5.82,Credit Card,Tier3
37,47495.59,18,12,68,51.08,77.32,47,8797,4.7,Debit Card,Tier2
66,95787.19,17,7,11,30.05,18.4,114,8023,9.65,Debit Card,Tier1
42,59796.18,72,6,56,47.51,92.32,96,8851,9.58,Debit Card,Tier3
57,36145.92,98,10,66,43.27,67.33,50,2140,1.34,Cash,Tier2
41,69137.61,34,13,24,68.63,43.04,102,865,3.69,Cash,Tier3
31,46274.03,69,12,64,38.59,56.12,86,8976,3.16,Debit Card,Tier2
43,79637.36,64,6,7,32.96,41.6,29,6487,9.58,Credit Card,Tier2
55,113611.32,44,13,47,55.94,70.71,86,8472,2.66,UPI,Tier2
40,47695.41,29,14,57,63.77,4.35,86,1309,1.49,UPI,Tier1
39,72312.19,62,11,62,68.25,0.82,15,1308,2.82,UPI,Tier3
65,26378.88,92,7,13,53.99,15.49,31,2475,7.77,Cash,Tier3
36,74985.92,16,9,30,59.08,19.27,40,7335,5.63,Credit Card,Tier1
63,45514.3,78,9,71,50.86,78.01,50,3900,9.71,Cash,Tier3
68,51253.64,52,9,63,47.25,47.01,36,8126,8.31,Cash,Tier2
20,40771.7,2,5,25,66.42,87.3,35,6034,2.77,UPI,Tier1
59,81107.33,61,6,49,71.87,30.79,95,7567,4.4,UPI,Tier2
36,87160.7,4,5,39,40.01,39.22,82,5880,8.34,UPI,Tier1
26,65514.47,52,9,38,40.37,90.94,31,4734,7.62,Credit Card,Tier1
45,45982.61,41,4,71,56.91,32.16,75,5781,3.97,Debit Card,Tier1
37,99969.51,52,6,74,52.03,51.92,5,8526,6.31,UPI,Tier1
62,48490.98,31,10,40,71.25,,71,8562,6.26,Credit Card,Tier3
24,17435.29,26,9,38,51.6,91.91,37,6468,8.91,Cash,Tier3
31,75084.56,27,5,10,53.63,98.09,20,5141,1.19,UPI,Tier1
26,40694.96,51,11,47,21.22,25.35,58,2649,3.33,UPI,Tier2
36,86749.39,98,6,51,38.82,31.12,6,9043,7.4,UPI,Tier2
64,56614.97,95,5,7,58.3,25.65,76,5976,6.83,Credit Card,Tier2
69,,48,12,7,37.35,95.43,102,4754,4.07,Credit Card,Tier2
31,95833.01,11,9,40,54.44,23.99,59,6015,8.73,UPI,Tier3
55,38405.1,8,10,56,31.99,26.35,115,8541,7.62,UPI,Tier2
53,52549.38,12,11,78,42.74,40.92,79,5625,6.39,Debit Card,Tier3
57,63335.24,99,4,37,71.84,66.73,38,248,3.21,Cash,Tier1
34,98826.13,45,10,5,36.59,84.93,77,7631,3.68,Debit Card,Tier1
47,50515.58,34,8,76,42.0,70.15,56,1863,6.82,UPI,Tier3
26,51920.92,77,7,48,64.42,97.99,14,6704,9.68,Debit Card,Tier2
50,75519.09,91,6,38,30.07,94.21,117,8543,8.68,UPI,Tier2
69,52300.97,72,7,41,61.81,65.64,85,4030,2.88,Credit Card,Tier2
42,68355.57,47,5,15,61.56,74.37,107,3211,7.73,UPI,Tier2
31,,21,10,55,65.76,39.67,94,9505,9.43,Debit Card,Tier2
28,113715.26,41,5,15,55.65,80.61,6,3643,1.89,UPI,Tier3
52,35350.4,75,6,27,25.71,31.09,100,7121,7.12,Cash,Tier2
58,57921.44,22,8,40,78.1,55.71,35,1622,1.76,UPI,Tier1
31,64285.42,21,5,56,64.1,67.74,98,2183,1.04,Cash,Tier3
47,107079.14,28,7,65,68.19,75.57,40,7181,9.78,Credit Card,Tier2
58,35853.39,67,10,36,6.79,7.9,60,5829,2.88,Debit Card,Tier1
21,108641.49,71,9,77,35.21,84.98,100,5874,8.19,Cash,Tier3
21,81657.89,14,7,56,64.96,11.71,29,2167,6.02,Credit Card,Tier2
45,74176.1,79,8,15,38.15,17.63,59,2418,6.67,Cash,Tier2
25,43338.06,73,8,40,49.27,75.84,67,4809,2.36,Debit Card,Tier2
19,77565.11,52,1,57,42.51,71.12,69,5406,7.81,Credit Card,Tier3
58,49083.29,43,7,8,85.0,96.18,9,150,4.05,UPI,Tier3
63,92866.55,71,5,38,38.18,77.34,20,7911,6.43,UPI,Tier3
39,43636.64,76,5,47,71.16,63.24,36,6812,4.59,Credit Card,Tier3
58,62510.51,19,5,57,58.78,38.7,100,7127,2.61,Debit Card,Tier3
33,52783.99,27,6,62,52.91,33.92,36,287,2.22,Credit Card,Tier3
46,43274.49,18,9,70,,95.04,15,7972,4.54,Cash,Tier2
66,81309.04,13,6,57,22.05,65.97,7,8714,1.07,UPI,Tier1
65,76780.09,1,3,66,30.62,79.04,83,5055,9.68,Cash,Tier3
47,91598.22,85,9,68,34.55,27.96,98,7113,3.58,UPI,Tier1
29,25842.75,34,8,57,48.81,3.87,75,4704,7.08,UPI,Tier3
52,88411.76,13,5,14,,3.96,19,8165,6.15,Debit Card,Tier2
28,120119.88,51,10,61,35.65,94.65,83,6773,7.58,Debit Card,Tier1
63,55063.9,87,13,79,52.2,86.4,109,2342,8.46,Debit Card,Tier3
67,106693.27,1,14,69,46.79,21.8,26,8148,8.89,Cash,Tier1
38,59210.45,87,7,66,28.66,14.55,86,5723,7.03,Cash,Tier3
38,34806.99,28,9,18,66.0,5.2,21,2194,4.49,UPI,Tier1
22,58276.09,32,7,7,27.51,85.55,97,5838,5.45,Credit Card,Tier1
65,88060.49,72,10,9,,46.32,21,5804,4.3,Credit Card,Tier2
37,46560.12,55,12,46,62.57,33.69,60,2304,9.55,Credit Card,Tier2
54,,26,4,54,88.46,60.95,26,6204,3.88,Cash,Tier1
20,78057.87,14,9,67,65.6,75.71,78,4353,3.38,Credit Card,Tier1
61,65067.32,88,12,6,60.89,91.56,107,8336,5.94,UPI,Tier2
50,77861.7,93,8,79,53.81,70.4,64,9630,1.86,Credit Card,Tier3
26,70232.25,68,10,75,50.58,5.55,18,8366,8.96,UPI,Tier1
26,75551.76,63,9,8,59.04,30.48,50,3349,9.87,Cash,Tier3
21,55489.37,82,13,64,58.29,92.95,6,9758,4.14,Cash,Tier1
52,70098.08,14,3,42,41.35,55.12,10,7452,2.04,UPI,Tier3
34,44597.79,27,8,12,33.56,96.57,16,4290,3.5,Debit Card,Tier2
51,93345.54,41,9,61,,97.95,111,2022,4.77,UPI,Tier2
41,51045.96,3,8,56,39.63,55.07,61,9515,8.55,UPI,Tier3
49,89834.64,94,5,78,47.7,63.82,33,5496,9.71,Debit Card,Tier2
18,59860.65,59,6,72,32.48,28.97,42,4077,7.48,Debit Card,Tier3
25,69443.98,23,5,66,50.83,67.92,56,7152,9.39,UPI,Tier1
62,54110.78,18,8,21,25.51,82.57,2,1605,2.63,Credit Card,Tier2
40,42648.1,74,3,64,42.24,28.6,43,6294,9.36,Cash,Tier2
64,26615.27,76,8,23,64.81,90.49,99,9925,6.21,Credit Card,Tier2
57,41782.87,41,11,55,65.07,25.69,87,9224,5.04,UPI,Tier1
29,57874.01,8,6,78,40.36,65.24,90,7923,5.08,Debit Card,Tier2
29,69661.34,32,12,31,33.45,94.38,84,5120,9.58,UPI,Tier1
63,87228.34,81,9,79,52.46,37.73,85,9901,4.29,Cash,Tier1
64,55193.34,41,4,19,36.15,61.77,64,5034,2.4,UPI,Tier3
32,45596.86,45,5,8,74.47,2.76,107,1081,6.33,Cash,Tier1
58,33260.27,78,5,23,45.99,80.73,50,7764,2.0,Cash,Tier1
36,75561.4,9,6,68,28.77,43.76,43,5300,7.41,UPI,Tier1
43,95430.28,90,9,33,52.34,74.74,26,7252,1.01,Debit Card,Tier1
69,92859.27,48,6,8,57.12,,117,2896,4.68,UPI,Tier3
46,80618.52,24,9,9,,45.07,89,3249,8.2,Credit Card,Tier1
39,79047.95,87,7,32,44.94,71.07,71,201,4.68,UPI,Tier3
57,102347.72,95,9,9,36.15,,28,9199,7.89,Credit Card,Tier3
38,72305.79,44,12,36,29.06,94.33,60,1374,7.33,Cash,Tier3
68,79214.85,58,7,42,50.23,93.18,76,7217,7.03,Credit Card,Tier3
55,57942.76,66,5,17,80.16,63.34,37,1911,4.73,Credit Card,Tier2
37,35035.05,18,3,31,45.76,85.99,43,6811,9.27,UPI,Tier1
46,49955.32,80,8,59,59.44,61.01,23,7756,4.24,UPI,Tier2
68,64798.5,29,9,22,51.94,83.47,53,5697,4.43,Credit Card,Tier3
21,66337.28,75,10,37,52.08,21.12,115,8417,7.28,Credit Card,Tier1
24,107378.29,2,10,46,44.42,49.07,69,9863,7.72,Debit Card,Tier1
45,,78,11,53,46.9,23.72,14,8985,3.83,UPI,Tier1
45,90934.56,68,7,66,52.37,91.56,116,1853,8.17,Debit Card,Tier3
21,55428.3,98,8,66,4.02,67.84,35,3048,8.44,Cash,Tier1
39,58143.13,39,12,22,41.05,85.68,77,7827,1.41,UPI,Tier3
29,35761.83,73,6,36,48.9,0.08,68,3860,5.23,Credit Card,Tier1
62,48668.78,41,1,42,4.52,51.51,77,8947,6.94,Credit Card,Tier3
20,76593.59,71,12,64,21.36,28.19,78,7101,3.26,Credit Card,Tier1
39,65166.32,81,8,77,,81.66,47,2599,6.96,Credit Card,Tier3
61,85744.65,87,11,32,14.49,69.81,104,4797,2.59,Debit Card,Tier2
19,68987.59,75,11,31,44.18,44.1,117,5715,1.09,Cash,Tier3
41,57246.02,22,10,15,35.46,67.58,63,8633,6.23,Debit Card,Tier1
51,112262.53,82,5,36,15.15,59.06,18,164,1.6,Debit Card,Tier2
44,62934.12,49,8,33,65.49,12.79,32,6016,5.07,UPI,Tier3
58,90586.02,28,6,76,30.0,,89,9156,4.91,Credit Card,Tier2
18,56173.4,16,9,10,73.54,42.96,32,4696,9.57,Debit Card,Tier1
25,80611.19,68,4,7,40.32,0.5,26,400,2.09,Cash,Tier2
40,85416.34,62,7,48,36.59,24.01,19,8675,5.5,UPI,Tier3
55,,36,9,11,50.49,20.26,37,7449,8.07,Cash,Tier3
23,13201.38,22,6,75,5.83,65.5,12,3876,1.95,Debit Card,Tier1
39,65401.55,11,7,7,37.41,50.78,36,433,6.77,Debit Card,Tier2
42,92070.12,85,9,76,36.85,74.07,86,661,9.63,UPI,Tier1
35,76604.58,80,10,35,33.4,50.19,38,8320,1.13,Credit Card,Tier3
34,74808.46,42,4,52,23.5,37.51,71,6898,5.21,UPI,Tier3
29,27110.35,55,14,42,41.3,28.04,84,3885,8.69,Debit Card,Tier1
23,49149.99,73,9,5,41.02,78.25,82,5633,2.65,UPI,Tier2
43,74049.87,35,8,37,34.72,17.89,75,9684,6.53,UPI,Tier3
44,74028.43,57,5,45,39.0,45.38,1,1145,6.09,Debit Card,Tier3
25,91722.67,34,10,41,37.76,99.98,15,6251,7.2,UPI,Tier1
36,61812.93,73,4,74,37.85,58.95,85,7431,7.56,Credit Card,Tier3
59,73928.13,77,8,73,58.33,18.33,75,4592,6.38,UPI,Tier2
18,65360.23,70,6,60,43.45,22.24,3,2874,7.93,UPI,Tier3
46,43287.26,4,8,77,32.87,70.59,103,1417,3.06,Debit Card,Tier1
62,15372.59,46,9,39,,27.05,56,7521,8.86,Debit Card,Tier3
66,74482.21,92,7,57,28.54,4.46,102,3595,9.21,UPI,Tier3
52,68826.84,11,9,14,49.92,,51,9294,3.05,Debit Card,Tier3
57,51400.15,98,9,33,32.15,21.36,26,1398,9.91,Debit Card,Tier3
31,29378.19,61,9,52,54.05,55.79,11,3240,8.07,Cash,Tier2
52,,35,4,74,11.11,20.88,98,7718,1.9,Cash,Tier3
65,59149.76,69,9,20,59.32,8.53,61,4736,4.48,UPI,Tier1
62,77251.24,57,10,23,39.64,96.64,41,8557,1.07,Credit Card,Tier3
37,106009.07,11,7,45,25.17,2.86,67,8596,5.07,Cash,Tier1
66,17888.52,12,8,79,25.98,83.54,106,6187,7.19,Debit Card,Tier3
30,49608.78,43,8,64,9.84,93.66,94,5194,4.27,Debit Card,Tier1
55,60393.74,19,5,34,31.29,50.39,67,5594,2.44,Cash,Tier3
66,97006.18,77,10,73,47.53,17.05,107,5731,9.62,UPI,Tier3
63,28999.13,68,8,52,24.43,16.14,90,2439,2.37,Cash,Tier3
66,,78,7,11,35.63,17.63,18,7676,9.75,Cash,Tier2
25,67988.83,59,8,58,31.75,15.64,14,2037,7.03,Debit Card,Tier3
60,62887.99,2,13,72,34.58,87.78,78,1702,2.24,Debit Card,Tier2
37,60642.69,8,9,68,,71.02,79,2185,8.57,Cash,Tier3
50,55402.21,22,7,39,53.45,31.3,119,8462,8.9,Cash,Tier1
43,88058.57,77,10,61,52.11,7.23,48,5352,2.34,Debit Card,Tier2
56,41492.54,21,5,73,53.83,83.02,86,3083,6.24,Cash,Tier3
38,72599.11,85,7,76,51.81,38.32,53,8822,8.96,Credit Card,Tier1
66,56548.0,92,9,51,42.23,87.15,69,9789,7.95,Debit Card,Tier2
59,48233.06,97,5,66,46.14,31.39,96,5733,2.86,UPI,Tier1
60,121891.45,29,14,21,,48.21,94,4246,1.87,UPI,Tier3
58,74219.12,86,10,73,41.54,18.51,7,8035,6.24,Credit Card,Tier2
26,78491.84,90,17,67,,32.8,72,3665,5.34,Cash,Tier3
41,,75,3,68,56.57,69.39,41,9604,9.72,UPI,Tier3
54,33730.3,75,3,63,60.23,58.41,111,3379,4.88,Debit Card,Tier3
66,103550.42,98,6,76,43.59,79.24,96,566,2.29,Cash,Tier1
58,10000.0,83,7,70,39.35,9.34,2,7784,4.41,Credit Card,Tier3
34,48087.14,37,7,5,38.03,98.99,109,5319,1.44,Credit Card,Tier2
41,,78,15,11,31.63,72.21,70,9653,5.25,Credit Card,Tier2
38,77797.91,29,10,16,32.47,3.2,118,3939,9.9,Cash,Tier1
68,69811.8,83,7,29,67.35,30.02,116,2916,7.27,Debit Card,Tier3
56,61330.08,37,12,29,33.99,20.49,42,5868,4.44,Cash,Tier1
58,64736.06,21,8,26,27.99,37.22,99,495,9.15,Cash,Tier2
56,43483.49,88,8,15,,98.87,51,1117,3.68,Debit Card,Tier3
30,,90,9,30,40.32,13.79,113,8666,5.58,UPI,Tier1
28,80983.26,12,7,45,68.69,85.19,4,2079,8.39,Credit Card,Tier2
63,80261.53,48,4,28,60.18,92.36,84,5551,7.27,Debit Card,Tier1
36,,83,13,67,48.99,44.43,91,3447,1.46,Debit Card,Tier1
28,47619.62,47,8,10,39.73,51.19,67,5575,9.01,Credit Card,Tier3
30,80241.93,94,8,29,23.51,42.97,64,2174,6.64,Credit Card,Tier2
63,58758.45,15,3,19,48.85,42.73,20,3694,9.89,Debit Card,Tier2
62,91190.45,67,8,56,39.65,96.24,115,9837,9.16,Credit Card,Tier1
18,,13,8,9,15.88,20.13,93,5225,5.18,UPI,Tier1
57,69646.61,59,5,57,52.64,97.68,27,9256,7.89,Cash,Tier1
61,,73,8,67,38.75,84.16,47,6101,7.78,Debit Card,Tier2
36,,13,9,37,35.61,69.86,111,5669,1.34,Credit Card,Tier2
29,79231.9,80,10,25,38.85,1.19,65,6628,5.73,UPI,Tier2
25,49942.31,78,11,15,45.15,68.83,31,2669,4.91,Cash,Tier2
25,35788.43,72,7,37,51.02,19.68,46,8697,3.21,Credit Card,Tier2
62,58652.28,19,12,27,27.83,1.58,3,4419,1.48,UPI,Tier1
29,98339.1,57,8,14,26.09,98.62,101,3935,6.56,Cash,Tier3
65,90222.72,32,7,10,77.27,91.42,17,2342,4.81,Cash,Tier1
50,40528.8,99,10,42,45.17,43.02,85,1731,1.2,Debit Card,Tier2
62,39309.34,87,8,25,41.76,72.68,86,4742,9.84,Credit Card,Tier2
43,93043.04,21,12,75,41.84,91.88,42,6833,9.96,Debit Card,Tier2
56,40016.01,82,2,78,56.99,23.87,22,5187,9.26,Debit Card,Tier2
45,76204.5,14,3,54,52.16,93.03,41,7991,3.78,UPI,Tier2
22,51446.43,80,11,11,77.87,35.35,78,379,7.17,UPI,Tier3
25,100574.99,24,6,77,62.41,73.31,43,5529,8.21,Credit Card,Tier1
42,48050.65,49,12,10,43.76,5.8,59,6998,2.41,Cash,Tier2
44,90153.95,32,5,8,56.68,38.93,95,6079,5.36,UPI,Tier3
63,69066.89,75,11,35,60.81,47.15,12,9318,7.64,Credit Card,Tier3
40,70548.29,11,8,77,,2.21,69,2828,3.68,Credit Card,Tier2
47,21653.21,60,8,69,37.52,81.32,112,6368,1.88,Debit Card,Tier3
62,16535.91,68,8,63,59.09,21.62,105,8447,5.95,Credit Card,Tier2
64,60147.55,61,10,72,42.97,89.06,23,2266,4.7,UPI,Tier2
40,70431.93,90,8,76,39.06,81.13,88,1961,5.06,Cash,Tier3
66,40245.65,5,5,20,54.65,76.76,9,5345,8.45,Cash,Tier2
64,,36,10,77,61.22,68.85,7,2682,4.65,Credit Card,Tier3
37,77352.4,97,6,64,47.29,43.06,52,7314,6.25,UPI,Tier2
35,77382.8,64,9,77,,5.12,7,7741,8.91,Credit Card,Tier1
35,61969.7,78,5,40,46.46,94.74,18,289,6.8,Credit Card,Tier2
19,82164.44,32,7,32,36.22,53.35,116,9125,7.59,Credit Card,Tier2
21,39167.55,71,6,36,64.18,76.73,64,3129,6.79,Credit Card,Tier3
47,57169.43,74,9,56,50.79,63.79,85,6103,4.46,Debit Card,Tier1
50,101253.31,66,10,21,26.58,,101,4328,2.0,Credit Card,Tier2
53,66503.09,10,5,14,18.05,72.4,1,4536,4.47,Cash,Tier2
35,67778.88,99,11,47,38.05,36.35,103,5413,6.46,UPI,Tier2
54,115730.82,21,3,60,18.31,87.85,46,4978,1.26,Debit Card,Tier2
36,34214.47,40,6,73,50.26,20.1,2,1585,8.27,UPI,Tier1
64,82521.47,42,12,29,45.56,39.71,88,7293,8.99,Debit Card,Tier3
45,101607.7,72,3,67,38.94,47.4,14,619,1.28,Cash,Tier3
57,57853.13,46,10,31,35.44,95.67,64,9633,6.0,Credit Card,Tier3
37,83911.88,82,9,47,49.8,35.67,49,6643,9.49,Credit Card,Tier2
66,43395.57,73,7,12,64.52,50.26,103,2761,5.24,Credit Card,Tier3
50,49891.89,41,9,49,43.23,42.34,3,1785,8.87,Cash,Tier1
29,73469.26,94,14,76,48.01,79.27,21,6932,2.76,Cash,Tier2
68,82568.47,4,8,11,78.68,4.55,34,9371,1.76,Debit Card,Tier3
32,89660.6,99,3,69,49.62,54.01,52,1343,8.64,Credit Card,Tier1
58,99531.83,14,11,61,48.97,47.38,106,9849,5.25,UPI,Tier3
56,63516.18,14,11,53,60.26,45.36,99,6168,4.03,Debit Card,Tier3
19,91259.46,53,8,60,46.49,53.6,55,8189,5.95,UPI,Tier3
46,57469.29,84,5,64,78.58,82.99,20,1452,7.59,UPI,Tier1
58,84846.01,29,6,7,,34.21,38,9775,5.36,Cash,Tier1
27,69564.75,23,9,78,23.39,47.29,73,688,4.14,Debit Card,Tier3
19,74804.91,85,8,9,37.09,,48,3125,9.11,Credit Card,Tier3
68,74317.17,31,10,25,35.27,91.54,15,2246,6.6,UPI,Tier3
28,29696.49,96,3,63,,,56,9637,6.55,Credit Card,Tier1
30,40269.32,71,6,39,29.93,71.25,95,3174,6.35,Cash,Tier3
27,67255.91,77,14,36,39.8,96.46,105,9309,4.18,UPI,Tier1
31,27879.86,61,12,61,26.88,85.19,9,5961,9.59,Debit Card,Tier3
35,83286.64,23,9,27,40.23,88.43,13,8080,9.55,Debit Card,Tier3
68,84174.23,8,11,28,32.31,8.91,102,5418,7.37,Cash,Tier2
26,72197.75,76,9,65,,8.71,32,3207,4.57,Cash,Tier3
56,40335.05,16,2,38,43.48,64.26,20,2941,3.55,Debit Card,Tier3
45,95363.06,26,12,5,69.56,87.89,21,1337,9.69,Credit Card,Tier3
20,109818.63,29,5,35,41.46,16.23,83,9310,4.43,UPI,Tier3
37,68235.69,93,8,33,55.65,34.05,27,181,4.06,Credit Card,Tier3
23,76231.78,6,9,19,18.39,96.41,119,9735,9.51,Debit Card,Tier3
44,69438.25,37,9,55,43.89,65.27,60,8765,3.43,Cash,Tier3
19,76668.12,33,12,8,17.14,63.93,75,8219,3.59,Cash,Tier2
46,62369.71,95,4,47,28.2,61.33,15,3618,4.63,Credit Card,Tier2
55,64239.59,46,5,11,49.67,67.9,8,3178,9.52,Debit Card,Tier3
20,84925.79,61,7,49,61.94,,60,5468,2.46,UPI,Tier3
33,116603.73,41,7,22,47.14,71.59,73,2205,6.55,Debit Card,Tier3
47,34198.43,18,8,5,52.69,7.3,103,8278,6.68,Cash,Tier2
57,62716.13,95,10,52,20.15,24.17,37,9597,7.56,Credit Card,Tier1
19,39029.87,16,15,62,22.06,75.91,115,3436,3.46,Cash,Tier2
34,100024.55,51,12,43,31.25,,20,1286,3.69,Credit Card,Tier1
58,52069.76,37,9,15,63.09,39.05,113,9232,3.2,Debit Card,Tier2
29,33249.58,14,10,73,32.03,65.55,52,2447,5.38,Credit Card,Tier3
52,79040.11,68,11,59,15.26,97.33,119,3181,4.95,Cash,Tier3
60,103374.84,30,6,39,60.69,11.86,10,795,6.69,Cash,Tier3
18,79599.15,60,10,31,45.36,12.84,19,2735,7.41,Debit Card,Tier1
62,69505.55,53,3,70,56.7,33.53,10,7113,8.3,Credit Card,Tier2
32,74001.1,97,9,58,30.04,84.73,22,4938,5.06,Debit Card,Tier2
43,384505.96,36,25,15,29.85,65.8,48,5929,6.59,UPI,Tier3
54,,30,9,10,42.4,72.91,25,4819,3.0,Credit Card,Tier2
38,62539.36,64,8,62,32.05,,24,9158,7.25,Credit Card,Tier2
66,55040.82,14,11,36,3.46,43.54,26,9929,9.86,UPI,Tier3
48,39306.96,23,7,45,31.69,29.76,15,8986,8.49,UPI,Tier1
42,57775.74,48,11,41,28.86,70.24,116,1517,4.35,Debit Card,Tier2
40,,28,8,55,12.88,47.16,95,6678,5.37,Credit Card,Tier3
41,77465.25,7,6,26,36.73,98.13,35,5338,2.13,UPI,Tier1
55,79174.83,42,8,11,24.76,28.38,64,3518,5.42,Credit Card,Tier3
45,68222.46,10,13,33,36.72,45.35,7,7029,5.32,UPI,Tier2
38,,68,8,44,36.44,11.66,91,9935,4.9,Debit Card,Tier3
60,47387.01,44,7,44,40.38,28.09,54,3944,4.67,Cash,Tier2
35,58190.78,13,5,57,25.25,42.8,60,2650,1.1,Debit Card,Tier3
53,69224.09,85,7,31,,,5,1300,1.95,Credit Card,Tier1
52,71105.35,33,7,78,44.63,32.3,77,3072,2.98,UPI,Tier1
62,72044.13,92,10,72,35.54,97.46,4,7411,4.49,Cash,Tier3
26,61956.62,87,3,47,38.0,60.66,106,1423,6.78,UPI,Tier1
55,56696.69,32,5,24,55.4,23.37,93,7501,1.96,Debit Card,Tier3
47,134470.97,48,7,48,64.18,0.48,11,2986,8.08,UPI,Tier1
61,84949.32,5,6,30,33.23,89.3,29,7829,5.09,Cash,Tier1
51,74089.24,61,9,76,51.37,60.79,8,1720,1.99,UPI,Tier2
49,59869.41,90,9,49,32.16,27.95,49,4822,7.56,UPI,Tier2
20,55073.19,90,9,40,49.99,29.12,43,1045,1.01,Credit Card,Tier3
20,62122.39,3,7,42,33.64,27.74,98,2910,8.62,UPI,Tier2
45,71442.23,24,8,10,11.94,23.67,18,614,8.99,Debit Card,Tier3
61,23630.42,98,11,62,56.24,15.64,57,6167,6.86,Cash,Tier1
32,30473.43,34,7,34,56.49,9.4,90,4683,8.6,Cash,Tier2
58,50988.59,84,12,36,52.48,29.12,49,9822,4.31,Credit Card,Tier2
40,69557.07,94,6,60,46.08,87.07,18,6351,9.17,Cash,Tier1
57,59735.99,42,2,14,64.71,11.3,109,2565,2.22,UPI,Tier2
28,97518.67,20,6,31,72.31,26.38,107,957,4.85,UPI,Tier3
65,32387.27,41,10,54,36.06,29.24,24,2426,4.39,UPI,Tier1
49,48470.4,82,11,41,55.28,31.01,35,9291,8.71,Cash,Tier3
53,,20,8,64,53.48,23.02,115,9580,1.4,Credit Card,Tier2
50,67884.63,6,3,75,67.09,15.53,62,125,5.28,Cash,Tier2
41,84466.54,57,4,51,41.46,24.34,97,3602,6.04,Cash,Tier1
56,110127.43,42,9,40,23.24,89.69,82,9294,6.61,UPI,Tier1
51,49736.3,25,3,72,,49.8,95,7098,3.72,UPI,Tier3
45,62815.08,41,5,49,54.08,92.39,45,7554,9.59,Debit Card,Tier1
54,59006.61,41,8,74,,67.77,29,855,9.26,Credit Card,Tier1
24,21998.95,3,7,53,22.66,50.56,65,9331,5.22,Debit Card,Tier3
21,58171.27,43,10,31,59.75,40.18,114,7965,8.84,Debit Card,Tier3
54,84383.37,46,12,42,22.62,87.23,17,2052,4.51,Credit Card,Tier1
18,76892.97,57,5,64,37.5,52.87,118,6593,1.88,Cash,Tier1
18,78619.83,83,8,75,,33.12,64,2163,2.53,Cash,Tier2
64,56738.8,74,7,45,46.16,2.2,55,3705,7.98,UPI,Tier3
37,50565.86,51,12,69,42.27,54.16,99,9023,3.38,Credit Card,Tier1
36,,5,5,35,,62.08,88,3003,8.74,Debit Card,Tier2
46,54059.02,86,14,48,60.14,61.78,67,9989,9.1,Cash,Tier2
27,71469.8,73,9,23,44.75,84.85,119,530,2.95,Credit Card,Tier3
35,68593.36,97,8,35,47.03,51.71,37,6738,1.07,Credit Card,Tier2
45,97157.77,15,13,33,67.89,77.63,56,5290,4.64,Debit Card,Tier2
52,86371.07,88,10,28,37.86,76.01,22,5431,1.07,Debit Card,Tier1
60,36504.31,94,11,34,48.33,9.51,85,5167,3.25,UPI,Tier1
64,38873.83,39,7,38,28.91,45.18,57,869,5.51,UPI,Tier3
48,77736.02,70,5,60,58.24,48.49,114,4827,5.09,Credit Card,Tier2
44,63584.57,79,8,59,43.6,72.72,80,368,6.72,Cash,Tier2
28,219944.88,38,60,75,68.04,,81,7023,1.26,Cash,Tier2
66,87343.81,39,7,39,52.06,80.87,103,5577,5.26,Credit Card,Tier1
66,69124.11,52,9,70,,,62,4523,4.75,UPI,Tier3
55,66154.06,86,9,35,42.12,9.3,2,4961,3.18,Debit Card,Tier1
22,82156.23,3,6,61,68.82,50.2,117,6356,7.19,Credit Card,Tier2
25,56747.6,29,3,42,91.29,,33,2725,3.94,Debit Card,Tier3
51,99507.42,93,8,20,57.47,92.69,113,9656,5.46,UPI,Tier3
65,47662.95,31,10,44,6.6,5.95,45,7472,2.74,Credit Card,Tier3
69,79452.44,66,10,56,55.72,58.61,31,5481,2.61,Cash,Tier1
29,96544.32,99,9,70,70.03,79.64,107,3833,6.13,Cash,Tier1
55,138798.0,45,35,43,51.86,38.24,112,7004,1.81,Credit Card,Tier1
18,57446.63,73,10,12,87.25,39.21,59,2680,9.33,Cash,Tier1
48,90128.56,22,6,60,39.93,79.15,113,2419,9.76,Debit Card,Tier2
21,90459.38,83,8,79,50.33,3.49,12,8558,2.22,Debit Card,Tier2
66,61227.1,10,11,76,7.97,20.73,17,9117,2.57,Cash,Tier3
62,48837.24,21,11,65,43.68,97.42,98,6504,5.64,Credit Card,Tier3
67,86030.59,17,12,30,30.62,61.49,66,5815,3.45,UPI,Tier3
22,91038.08,67,9,8,37.8,81.77,88,2618,3.35,UPI,Tier1
47,39377.41,7,6,79,64.62,,33,5889,7.12,Debit Card,Tier2
41,38513.9,36,7,79,51.95,86.3,15,2969,7.97,UPI,Tier3
20,69955.65,67,10,70,52.18,61.12,73,5284,5.41,Cash,Tier2
28,78845.93,77,11,11,47.31,16.57,12,5245,3.32,UPI,Tier1
62,,30,8,15,44.38,58.67,101,4214,9.1,UPI,Tier1
21,79944.46,87,5,68,55.01,32.63,104,3724,7.32,UPI,Tier1
43,49376.99,71,8,10,,77.87,44,7942,7.0,Debit Card,Tier1
44,18476.74,94,11,40,55.3,65.86,52,5287,6.67,Cash,Tier3
63,,29,8,57,,13.07,5,7898,9.0,Cash,Tier3
60,66391.11,72,8,36,53.08,82.69,66,9610,2.62,Debit Card,Tier2
44,58931.52,74,10,39,45.78,53.57,45,4695,6.42,Debit Card,Tier2
59,39510.73,33,8,31,47.67,64.71,53,5106,5.56,Credit Card,Tier2
68,25055.72,59,5,53,19.17,23.63,28,6319,5.48,Cash,Tier3
67,53690.05,20,6,16,15.29,60.71,21,6572,2.11,Debit Card,Tier1
23,,93,13,14,54.74,25.58,113,5943,2.59,Debit Card,Tier1
32,92636.34,29,8,62,47.99,51.48,14,2122,5.89,Debit Card,Tier1
47,91129.69,53,6,75,41.15,49.08,112,9213,3.37,UPI,Tier2
59,47049.99,85,7,65,29.7,73.11,1,8561,9.51,UPI,Tier3
54,39618.46,1,5,66,52.97,8.56,22,4942,2.77,UPI,Tier1
54,75925.96,34,13,75,32.17,10.29,4,5970,5.97,UPI,Tier2
59,78972.2,44,7,18,35.74,52.72,8,5547,4.78,Cash,Tier2
54,73803.73,96,9,22,34.35,10.51,66,7177,6.05,Cash,Tier2
52,20690.61,14,10,41,24.95,79.81,16,972,5.33,UPI,Tier1
40,45928.54,37,4,25,57.4,85.38,16,5533,3.3,Credit Card,Tier1
23,64346.85,35,3,21,42.92,28.79,44,7495,9.54,Cash,Tier1
21,75718.8,59,11,42,44.96,61.81,109,8317,2.12,Cash,Tier3
35,81880.76,24,10,55,5.83,35.39,36,9657,1.93,Credit Card,Tier3
26,68173.58,65,10,17,51.32,15.43,95,6690,9.55,Credit Card,Tier3
66,72277.24,6,14,62,41.06,97.88,49,3522,4.84,UPI,Tier1
46,,68,6,12,47.01,78.7,110,9806,4.99,UPI,Tier3
30,80083.63,38,9,11,28.95,,59,1117,3.1,Debit Card,Tier1
64,,1,5,64,59.63,5.39,12,8502,5.7,UPI,Tier3
69,66446.23,41,5,54,47.59,26.95,64,3928,3.05,Credit Card,Tier2
34,59095.89,31,7,44,45.61,9.59,94,7550,9.55,Credit Card,Tier3
62,66788.41,36,7,6,56.0,41.56,44,7220,1.9,Credit Card,Tier1
49,75661.01,73,9,21,24.13,68.31,92,4783,4.21,Credit Card,Tier3
65,70884.46,54,11,33,70.56,69.45,26,480,5.59,UPI,Tier3
39,,87,2,25,43.65,96.19,110,2273,8.81,UPI,Tier1
21,94539.88,31,10,15,24.28,69.23,80,6595,1.32,Debit Card,Tier1
22,,29,9,36,15.51,56.35,59,2695,6.02,UPI,Tier3
54,50722.03,85,6,51,54.97,15.56,7,7859,2.17,Cash,Tier3
58,84439.35,3,7,59,57.16,83.87,60,3245,1.85,Credit Card,Tier1
66,34943.64,58,11,29,60.43,30.51,77,5777,9.48,Debit Card,Tier1
30,41208.91,90,12,59,41.46,26.01,72,8077,1.26,Credit Card,Tier2
51,72388.64,61,19,15,22.59,25.29,91,3529,3.38,Debit Card,Tier3
62,76360.73,6,4,40,47.97,45.58,31,2375,9.45,Credit Card,Tier1
39,,20,11,15,59.27,1.16,72,9257,4.37,Cash,Tier2
40,56578.02,61,12,34,33.48,29.57,79,7481,4.31,Credit Card,Tier2
68,51666.16,46,7,12,32.42,62.01,93,7787,3.78,UPI,Tier3
20,54293.12,13,10,11,63.6,51.77,94,138,3.26,Cash,Tier3
59,85759.15,23,7,79,44.34,17.76,75,4527,2.7,Cash,Tier2
51,80543.12,79,5,78,36.14,69.35,37,9903,3.16,Debit Card,Tier3
49,64579.31,31,10,42,37.67,86.27,62,9654,1.29,Cash,Tier3
62,52988.84,4,8,12,37.66,82.34,46,3504,4.19,Credit Card,Tier3
68,35307.71,75,8,9,42.41,98.81,66,8638,1.44,Cash,Tier1
66,96244.07,66,17,22,,98.46,92,6526,6.56,Debit Card,Tier1
38,78026.51,16,8,56,59.62,86.42,69,6445,8.16,UPI,Tier2
63,49453.28,31,8,33,48.4,58.54,106,3425,2.4,Cash,Tier1
61,80831.19,48,5,73,58.16,82.09,114,9600,8.23,Debit Card,Tier3
38,,43,9,48,33.2,98.54,98,1763,1.48,Credit Card,Tier2
61,58683.59,4,9,53,55.35,50.95,89,8066,4.83,UPI,Tier3
28,74574.65,62,9,49,44.55,29.86,3,9363,8.6,Credit Card,Tier1
56,48687.04,48,6,59,35.03,54.5,106,9523,7.34,UPI,Tier2
21,57437.36,28,10,52,30.02,86.8,47,7023,4.58,Credit Card,Tier3
68,67672.14,16,10,43,51.69,37.26,30,8993,7.41,Cash,Tier1
18,54012.07,89,6,66,50.34,22.03,49,9052,1.8,Cash,Tier2
45,79719.87,77,11,29,34.9,51.04,64,5025,2.71,Credit Card,Tier3
41,106119.46,69,8,66,44.5,91.11,101,3757,7.83,Debit Card,Tier2
52,48405.44,30,5,50,30.13,19.31,45,7069,5.33,Debit Card,Tier1
30,28367.24,65,7,13,51.52,43.61,48,2997,3.94,UPI,Tier3
64,20961.72,69,6,72,60.88,52.27,90,9264,1.78,Debit Card,Tier2
51,,14,8,38,27.13,44.24,32,9133,4.5,Debit Card,Tier3
28,50410.38,75,10,74,35.79,13.29,88,4279,3.77,Credit Card,Tier3
53,69572.93,34,8,61,75.27,9.11,17,8244,2.2,Credit Card,Tier1
68,67917.15,56,7,17,48.04,25.19,35,1356,5.64,Cash,Tier2
34,29729.23,29,6,20,81.46,35.36,16,2497,2.35,Cash,Tier2
52,25072.56,82,4,55,64.87,9.97,69,6002,9.01,Debit Card,Tier3
35,71510.53,79,7,68,30.08,42.79,53,7029,9.95,Debit Card,Tier1
57,67979.43,25,7,66,31.46,40.82,112,8606,2.39,Cash,Tier2
39,55632.0,94,8,15,38.31,68.88,32,8596,2.19,Cash,Tier3
41,28542.84,66,5,17,13.28,47.38,92,4554,5.35,Debit Card,Tier3
36,75370.61,40,9,74,55.45,76.71,67,9689,9.81,Cash,Tier2
54,92981.79,91,4,53,22.52,50.96,117,4338,5.02,Cash,Tier1
56,71115.61,15,3,36,48.71,90.14,26,8864,4.66,Cash,Tier2
38,46355.57,32,7,64,51.62,67.54,59,7741,9.6,Cash,Tier1
25,65980.15,20,3,24,65.35,88.36,21,3320,5.08,Credit Card,Tier1
45,34945.49,53,7,33,64.07,5.6,11,2539,8.18,Debit Card,Tier1
22,88275.14,78,11,29,33.1,94.0,111,7436,4.93,Debit Card,Tier3
34,66800.58,91,5,16,49.09,3.9,66,8447,7.31,UPI,Tier3
54,26100.55,67,10,32,29.28,94.69,66,4544,9.28,UPI,Tier1
53,58385.16,49,5,27,37.88,74.15,111,2806,6.84,Credit Card,Tier3
36,75192.63,67,11,48,30.34,77.51,4,951,9.73,Debit Card,Tier1
44,,77,8,57,-4.51,20.55,27,6113,7.6,UPI,Tier3
51,58930.29,89,7,33,57.07,67.83,88,6957,1.57,Credit Card,Tier2
28,38063.15,82,4,72,48.13,62.43,61,9514,1.35,Credit Card,Tier2
62,77463.9,1,6,24,47.85,30.84,67,2242,2.3,Credit Card,Tier1
64,50733.68,39,3,69,64.4,46.21,80,8072,2.29,Cash,Tier1
29,17558.2,61,8,28,23.07,72.31,105,2682,1.25,UPI,Tier1
38,56832.34,55,7,13,72.21,57.53,102,293,4.37,Debit Card,Tier1
28,86585.29,69,5,16,22.68,25.13,117,5409,9.93,Credit Card,Tier1
56,56487.55,2,5,37,35.2,13.08,93,561,6.25,Debit Card,Tier1
45,,94,10,7,68.48,18.97,36,2712,7.65,Credit Card,Tier2
22,74437.29,17,8,70,66.88,96.82,118,3282,5.07,Debit Card,Tier2
34,72452.68,29,15,51,31.87,14.13,25,465,2.59,Cash,Tier3
37,62175.24,4,3,7,27.93,40.91,50,9927,4.16,Cash,Tier3
58,63497.7,73,7,73,19.84,55.93,41,2418,3.01,Debit Card,Tier2
63,59204.68,64,8,51,40.7,43.81,61,5829,5.97,Cash,Tier1
29,58350.07,85,12,61,69.48,8.02,33,6873,5.2,UPI,Tier3
23,76679.08,43,6,61,66.21,61.86,69,5092,8.68,Credit Card,Tier1
34,44411.71,76,8,13,58.0,30.37,77,4736,2.9,UPI,Tier2
68,41330.34,12,10,58,26.69,77.5,50,9058,6.16,Cash,Tier3
36,40289.71,50,6,52,26.06,62.38,107,1166,1.19,Credit Card,Tier3
43,110004.4,68,7,25,29.22,94.55,4,7222,8.19,Debit Card,Tier3
65,76667.54,61,12,39,23.74,13.15,36,515,6.04,Debit Card,Tier3
61,71698.83,92,10,43,57.72,52.83,81,2972,1.58,Cash,Tier2
61,41734.68,73,13,44,52.91,94.22,39,7516,8.34,UPI,Tier2
69,314854.12,51,45,51,40.05,48.43,24,4486,1.56,UPI,Tier2
49,62435.43,96,7,70,45.91,31.87,29,1802,4.88,Cash,Tier3
23,69711.72,77,4,27,13.27,84.18,20,8464,8.79,Cash,Tier3
53,43514.35,98,6,40,21.73,6.23,43,9226,1.53,Cash,Tier1
55,68525.91,83,12,79,73.1,66.15,117,1672,3.28,Cash,Tier2
28,55675.66,78,8,5,49.97,26.23,11,2122,3.77,UPI,Tier3
50,48156.55,5,5,17,59.07,15.08,35,7002,5.97,Debit Card,Tier2
41,81150.34,91,10,27,54.69,93.83,85,5996,5.42,Cash,Tier1
40,31170.43,28,9,10,38.68,74.29,114,3547,8.6,Cash,Tier1
32,77425.08,90,11,18,60.84,,112,4757,9.07,Credit Card,Tier1
44,80058.69,10,13,64,28.4,53.21,74,660,4.14,Cash,Tier1
28,45647.84,88,7,58,56.35,25.1,91,9799,9.1,Credit Card,Tier3
68,46952.77,81,6,41,45.31,57.6,11,2367,4.53,Debit Card,Tier2
67,60093.44,52,11,28,,96.9,6,3557,8.02,Debit Card,Tier3
34,71204.8,80,11,74,29.16,17.82,39,3707,6.26,Debit Card,Tier1
68,61637.19,17,8,72,46.04,89.68,34,7845,8.32,Credit Card,Tier1
31,74538.37,65,4,56,42.35,44.13,11,4459,6.48,Debit Card,Tier2
44,103785.55,21,10,44,61.69,43.32,23,7718,8.17,Cash,Tier1
35,,54,11,43,41.17,47.55,69,9297,6.23,Cash,Tier3
45,27266.04,49,8,38,67.96,85.03,97,742,2.06,Cash,Tier3
68,83170.32,22,5,33,59.02,57.57,6,4877,8.1,UPI,Tier1
64,102032.92,69,1,38,52.88,74.8,69,6025,7.24,Credit Card,Tier3
64,73640.9,64,9,45,36.81,59.35,87,4421,7.99,Cash,Tier2
21,41069.53,36,8,74,24.91,10.65,39,7392,1.87,Debit Card,Tier2
24,,21,9,31,39.87,,49,4573,7.21,Cash,Tier1
62,40392.48,56,7,65,39.73,27.13,80,3569,7.98,Credit Card,Tier3
52,79142.82,73,8,22,40.23,8.36,57,9878,4.33,Debit Card,Tier3
65,35271.61,91,2,69,34.93,17.0,16,684,9.57,Cash,Tier1
26,58397.17,48,10,33,43.64,63.0,99,4086,7.1,Cash,Tier3
25,42904.57,76,8,58,20.68,78.86,26,6366,1.53,UPI,Tier1
69,67790.14,18,2,77,50.85,32.81,49,8226,7.01,Debit Card,Tier2
62,56940.48,99,8,40,48.76,43.43,38,1546,1.13,Cash,Tier2
34,68888.77,15,11,20,36.79,40.91,83,2817,2.49,Cash,Tier2
34,65491.71,44,8,63,43.16,47.63,109,8460,4.48,Debit Card,Tier2
66,43293.5,94,7,42,65.95,47.4,117,1914,3.97,UPI,Tier1
50,78791.3,45,8,10,55.85,0.36,32,8919,7.49,UPI,Tier1
49,63927.16,97,12,15,43.45,84.73,13,1776,3.7,Debit Card,Tier3
25,,36,5,23,51.46,37.79,65,7969,8.01,Credit Card,Tier3
36,114300.38,40,8,39,30.31,70.11,60,5326,3.47,Credit Card,Tier3
55,75481.46,51,10,10,31.77,6.99,60,348,5.96,Cash,Tier1
20,61628.27,30,7,68,42.86,90.29,56,9581,6.7,Cash,Tier2
22,96134.5,26,7,33,69.68,82.37,15,6362,9.44,Credit Card,Tier1
30,105519.94,85,10,32,49.73,66.15,10,5541,1.26,UPI,Tier3
64,61802.31,31,7,53,83.49,2.35,82,9563,3.79,Cash,Tier2
63,72642.74,56,7,49,35.91,85.73,91,9166,2.83,Cash,Tier3
48,43263.94,61,10,10,44.19,72.46,64,9998,7.23,UPI,Tier1
33,61761.76,17,7,29,23.41,94.67,105,9130,5.23,Debit Card,Tier3
67,60620.62,81,4,9,14.78,82.81,114,5180,5.83,Credit Card,Tier3
49,69066.19,98,8,44,21.14,95.23,95,4566,1.72,Cash,Tier1
39,,24,7,66,58.41,45.8,97,6287,6.06,Debit Card,Tier3
46,77316.23,97,9,55,58.0,83.06,2,7756,3.71,Cash,Tier2
39,70228.14,4,3,7,49.15,53.28,70,3872,7.97,Credit Card,Tier3
60,38363.66,9,9,40,46.6,96.48,91,411,4.27,UPI,Tier3
20,44353.72,2,9,23,48.97,3.39,45,6596,1.33,Cash,Tier1
27,52979.03,35,13,6,22.41,,107,1227,1.58,Debit Card,Tier3
59,58790.71,38,6,25,45.04,4.9,60,9660,3.76,Credit Card,Tier1
38,88117.03,45,6,23,45.32,47.24,15,4073,3.94,Credit Card,Tier3
33,39415.34,15,8,75,62.26,76.86,72,1989,7.15,Cash,Tier2
29,57136.87,42,8,11,33.16,59.58,58,4500,3.64,Cash,Tier3
19,85966.21,3,9,27,48.38,78.35,59,2889,7.91,UPI,Tier1
58,58402.7,31,10,73,29.99,52.11,36,5611,5.99,Credit Card,Tier3
41,75129.14,52,7,25,56.63,5.38,34,7752,3.74,Credit Card,Tier1
52,61930.08,41,10,52,56.49,84.54,70,2054,3.31,Cash,Tier3
47,70649.23,57,9,62,52.74,51.84,25,5677,3.91,Debit Card,Tier1
47,59973.6,42,2,8,45.36,72.14,118,9969,3.79,UPI,Tier1
64,318701.76,53,20,79,40.07,29.44,55,8360,6.31,Cash,Tier1
52,31008.76,56,14,16,77.17,99.69,60,1281,8.06,Cash,Tier2
36,57007.14,87,10,43,64.88,39.02,99,6144,3.01,Credit Card,Tier1
67,71524.6,76,6,47,49.32,89.74,96,4112,8.06,Debit Card,Tier2
25,76741.3,72,7,5,34.51,17.8,103,5784,1.33,Debit Card,Tier2
43,97844.96,53,9,6,47.23,68.23,24,3008,3.84,Debit Card,Tier3
66,56397.46,85,12,26,58.62,48.32,90,7389,4.12,Debit Card,Tier1
57,,85,12,27,57.0,97.87,4,7473,1.39,Cash,Tier1
24,50501.48,32,5,53,41.05,67.49,101,4303,5.86,Credit Card,Tier3
47,94230.22,81,7,45,36.23,21.56,21,2225,1.48,UPI,Tier2
24,82984.28,54,13,49,42.37,35.47,88,4562,6.86,UPI,Tier3
20,44903.91,37,6,43,33.28,51.94,21,4300,6.89,Debit Card,Tier2
18,71754.86,88,19,65,25.97,87.11,16,907,2.62,UPI,Tier3
53,63872.81,8,6,55,,50.65,5,3454,1.72,Debit Card,Tier2
42,78762.86,82,7,28,66.02,8.07,19,2815,1.78,Credit Card,Tier2
54,60088.03,11,9,27,52.98,14.11,43,7266,3.4,Debit Card,Tier2
18,232962.32,54,20,40,64.05,45.61,44,1137,8.06,Cash,Tier3
32,95120.08,60,9,53,61.31,13.24,30,4511,6.22,Debit Card,Tier1
54,62828.14,10,10,12,41.09,41.71,48,8172,6.32,UPI,Tier1
30,83181.29,90,10,55,39.63,30.53,35,8586,5.41,Cash,Tier3
57,240169.08,70,40,49,40.19,2.64,57,488,6.44,Credit Card,Tier2
25,101666.59,81,4,5,46.35,97.55,74,6315,9.58,Debit Card,Tier1
22,50076.64,87,11,7,,75.49,112,9369,8.71,Debit Card,Tier2
26,51488.84,42,7,54,68.3,60.45,3,3382,1.32,Credit Card,Tier1
18,98539.38,37,10,53,53.95,29.28,81,200,4.41,Credit Card,Tier2
53,55211.18,92,8,23,41.54,15.84,73,1810,7.91,Credit Card,Tier1
52,100223.63,80,6,10,,39.81,113,9244,9.72,Debit Card,Tier2
19,84620.49,76,14,55,47.54,1.23,53,9118,2.66,Cash,Tier3
57,61597.71,58,12,72,47.34,54.43,44,9834,6.59,Cash,Tier2
40,25107.54,85,10,60,30.29,0.34,98,3118,9.08,Credit Card,Tier1
26,64575.0,59,11,62,37.85,29.47,11,7815,4.38,Credit Card,Tier1
51,,24,6,18,24.09,16.78,61,2714,4.35,Cash,Tier1
63,90678.79,28,6,5,42.35,88.51,82,7105,1.92,Credit Card,Tier3
31,99945.84,37,12,6,53.24,86.21,52,2491,4.08,Credit Card,Tier3
21,49930.28,21,6,70,27.12,77.84,54,4717,9.42,UPI,Tier3
47,82626.0,33,9,11,51.82,72.5,3,268,8.31,Credit Card,Tier1
48,81838.85,2,5,29,34.95,78.59,42,3340,3.1,Debit Card,Tier1
55,88615.08,83,11,71,44.53,11.07,100,3707,9.66,UPI,Tier3
28,75971.18,28,7,76,67.54,74.42,103,2620,1.95,Debit Card,Tier2
52,22265.05,15,9,62,49.14,84.88,39,1508,9.94,Debit Card,Tier1
25,61580.71,1,13,64,23.29,25.55,35,4664,5.16,UPI,Tier2
20,39574.43,28,11,62,41.78,,17,4840,3.1,UPI,Tier3
31,60542.67,50,5,55,22.6,55.82,98,7788,2.73,Credit Card,Tier3
30,86560.09,35,12,16,51.03,24.24,9,5603,7.59,Credit Card,Tier3
62,71713.32,96,5,8,51.29,3.94,60,9144,6.52,UPI,Tier1
49,90258.0,28,5,69,52.81,90.16,72,7063,9.7,UPI,Tier3
51,72518.59,9,5,30,19.21,56.95,16,3168,9.43,Cash,Tier3
62,36436.83,24,6,9,70.86,45.43,32,7908,8.53,Credit Card,Tier3
36,10000.0,63,6,32,51.87,86.46,116,8332,3.37,Cash,Tier1
55,68273.79,4,9,15,58.38,71.91,110,7269,8.39,Credit Card,Tier1
33,60293.62,56,15,18,62.75,17.45,86,4652,7.57,Credit Card,Tier2
19,,41,10,33,61.78,49.72,102,4365,9.06,Credit Card,Tier2
57,27586.2,67,5,62,48.26,64.09,67,1605,5.18,Debit Card,Tier1
34,48835.65,48,6,73,30.29,70.78,94,9513,3.04,Credit Card,Tier2
51,60721.19,86,5,27,27.49,60.78,103,9460,8.63,Debit Card,Tier2
59,,58,7,69,19.74,47.97,18,6617,6.53,Cash,Tier1
33,69149.88,39,10,7,46.44,0.54,72,4666,5.33,UPI,Tier3
55,100377.48,25,10,52,45.15,35.04,102,3892,6.63,Cash,Tier2
19,42216.71,60,4,69,41.29,,98,3827,9.08,Cash,Tier1
19,84383.3,86,6,28,48.02,,85,9666,2.18,Cash,Tier3
43,66040.57,47,9,64,38.61,1.63,80,9014,2.79,Debit Card,Tier3
30,80282.72,98,9,64,36.75,2.54,79,7989,2.09,Debit Card,Tier1
64,55396.67,61,3,18,45.02,94.61,77,261,6.34,UPI,Tier1
48,88576.97,84,12,77,46.7,23.04,59,7625,2.58,UPI,Tier3
51,71494.94,27,10,34,55.76,75.71,98,1035,1.62,Credit Card,Tier2
56,50052.21,96,9,12,56.33,61.49,2,5852,6.42,Cash,Tier1
20,64735.47,42,12,64,47.64,72.14,67,1741,3.41,Credit Card,Tier1
25,59729.77,52,4,30,40.84,2.78,15,6329,6.47,Credit Card,Tier1
40,75761.92,93,4,56,19.49,17.33,39,8766,6.45,Debit Card,Tier1
31,39044.91,48,6,68,46.14,63.03,74,847,3.47,Cash,Tier3
44,64354.26,32,7,58,48.36,8.97,56,9840,8.81,UPI,Tier3
46,73696.76,24,12,41,50.75,76.49,78,8942,6.58,Debit Card,Tier1
56,65726.51,3,11,72,60.24,98.14,69,6014,6.47,UPI,Tier2
56,94632.71,27,4,36,31.8,51.02,82,2585,8.94,Credit Card,Tier3
18,82028.5,73,7,15,50.54,38.1,72,8146,9.37,Cash,Tier2
34,64835.42,40,5,12,16.84,6.17,65,952,8.39,Cash,Tier2
58,69767.16,23,10,73,37.96,20.45,98,5186,6.18,UPI,Tier1
47,71504.64,7,6,79,68.16,99.08,12,3522,5.82,UPI,Tier3
30,73872.59,81,12,34,38.91,23.05,76,5364,3.92,Credit Card,Tier2
38,99342.08,37,55,61,50.58,,92,9854,2.29,Debit Card,Tier3
36,58366.42,7,6,29,37.6,91.96,39,8618,7.93,Credit Card,Tier1
36,32342.34,94,15,32,45.3,61.35,89,2051,8.66,Cash,Tier2
42,93122.18,77,8,76,41.86,8.61,39,8082,4.48,UPI,Tier3
39,63661.31,82,12,69,26.74,52.43,103,7529,8.9,Debit Card,Tier3
48,60746.5,95,12,44,52.5,64.1,7,196,7.44,Debit Card,Tier1
34,84729.54,22,7,30,27.45,49.82,91,8717,9.18,UPI,Tier2
40,74291.15,78,8,23,44.92,68.35,55,2247,8.53,Credit Card,Tier1
49,40170.04,82,12,78,67.25,27.11,109,1049,1.25,Credit Card,Tier1
27,63440.08,99,8,25,,2.9,6,729,3.31,UPI,Tier3
27,,17,7,67,43.59,95.92,114,9508,6.86,UPI,Tier1
53,26620.28,19,10,47,21.07,65.87,11,3619,8.35,Cash,Tier1
25,49813.92,95,4,69,65.06,17.11,106,2911,8.78,Cash,Tier1
69,60962.11,39,4,45,47.77,1.21,7,9600,7.84,Cash,Tier3
37,62471.08,36,7,24,77.98,21.9,92,8195,1.97,Debit Card,Tier3
49,32390.91,15,4,23,20.61,42.41,100,4109,1.5,Credit Card,Tier2
67,90336.64,63,10,25,42.96,97.14,10,177,6.72,Debit Card,Tier2
31,62753.73,29,6,39,46.28,72.14,36,2909,3.73,Cash,Tier2
67,65826.17,60,9,38,54.13,28.47,71,6393,8.68,UPI,Tier1
45,,56,6,46,36.08,83.2,8,643,7.58,Cash,Tier2
63,47662.32,40,6,50,26.27,69.48,31,3447,9.63,Debit Card,Tier3
69,75039.83,16,10,33,48.35,51.6,35,3404,2.46,Debit Card,Tier2
41,56924.36,33,5,30,40.62,6.76,90,1879,9.91,Credit Card,Tier2
32,45275.12,89,7,35,65.62,59.73,42,1242,5.01,Debit Card,Tier1
39,77615.84,16,9,73,,12.01,18,4826,4.02,Credit Card,Tier3
47,97816.82,30,2,45,46.9,84.41,79,725,6.5,Cash,Tier3
21,80946.25,98,9,72,45.76,16.39,62,561,8.85,Credit Card,Tier3
30,85305.51,66,5,42,57.45,27.0,21,3568,9.64,Cash,Tier2
40,53546.13,44,14,63,62.44,32.1,21,7878,5.85,Cash,Tier2
25,29852.37,38,8,42,34.56,77.32,27,6665,4.74,Cash,Tier2
35,97783.03,51,6,77,47.6,43.84,10,8364,3.83,Credit Card,Tier2
29,110199.33,60,11,38,30.92,85.29,102,8537,5.45,UPI,Tier3
48,98941.75,18,10,29,56.82,36.29,35,1433,7.92,Cash,Tier1
31,57612.71,5,12,60,45.89,25.86,78,8542,1.32,UPI,Tier1
51,39598.04,40,11,51,44.91,89.47,110,1989,7.73,Debit Card,Tier1
35,41554.98,6,10,31,44.7,82.54,29,5540,2.25,Credit Card,Tier2
51,27957.88,76,13,58,19.1,71.73,65,7666,7.96,Credit Card,Tier3
28,62637.67,12,7,62,27.34,15.79,115,6410,1.73,Cash,Tier2
58,100324.92,12,5,26,44.66,23.51,37,3621,2.29,Debit Card,Tier1
29,61883.42,73,4,73,64.9,95.04,2,8605,7.32,UPI,Tier1
66,71651.1,22,13,40,57.71,38.0,22,7395,6.71,Debit Card,Tier2
32,95263.13,49,15,21,44.71,66.44,101,1544,3.46,Cash,Tier2
48,56109.9,50,5,32,20.61,31.15,97,3359,5.67,Debit Card,Tier2
66,109781.69,80,11,48,30.01,35.95,93,6356,8.29,Debit Card,Tier2
46,108826.08,4,7,33,44.77,31.48,83,6032,5.4,Debit Card,Tier3
43,62115.55,50,7,7,59.77,29.77,65,188,4.31,Debit Card,Tier3
35,209177.0,3,40,15,66.04,95.95,43,9770,4.48,Debit Card,Tier3
49,80339.24,16,5,7,35.31,87.11,18,6276,2.61,Debit Card,Tier1
39,57354.45,14,11,41,41.75,73.83,80,332,7.95,UPI,Tier1
55,39555.79,64,7,60,17.92,56.4,110,4729,5.29,Debit Card,Tier1
34,93187.25,41,8,35,20.34,92.82,40,3026,4.62,Cash,Tier1
40,91761.84,68,8,51,,78.39,76,3447,5.75,UPI,Tier2
41,68421.26,59,10,64,40.7,85.93,39,8848,6.8,Cash,Tier2
67,37216.98,2,9,53,48.26,75.05,14,1266,3.89,Credit Card,Tier3
25,37950.42,10,7,79,62.16,91.42,117,8591,7.27,Debit Card,Tier3
58,67359.04,75,13,28,60.5,59.53,73,8753,2.12,Credit Card,Tier1
23,54002.84,90,10,32,45.85,57.32,24,9177,8.23,Cash,Tier2
22,57495.96,26,9,60,36.08,53.72,86,6172,3.53,Cash,Tier1
61,87483.19,4,8,35,37.8,77.94,54,5540,2.72,Credit Card,Tier2
46,81129.94,90,6,76,38.87,8.97,109,8545,9.84,Cash,Tier1
45,95319.14,28,14,33,41.13,80.87,49,2856,8.85,Debit Card,Tier1
28,43206.29,2,11,79,46.61,34.77,35,7940,6.94,Debit Card,Tier1
18,57449.79,66,6,70,50.25,86.46,60,3601,5.97,UPI,Tier2
60,81697.6,16,5,9,48.24,49.75,82,7075,3.75,Cash,Tier3
36,,57,9,13,36.14,52.74,25,4542,6.71,Credit Card,Tier3
26,98712.37,23,2,53,69.79,80.9,17,4925,3.53,Cash,Tier2
44,74251.81,23,9,41,29.06,50.21,23,8121,5.03,UPI,Tier1
51,105658.4,77,3,68,10.7,32.89,53,9173,6.12,UPI,Tier2
61,76880.39,21,11,25,75.61,8.22,98,9261,3.14,Debit Card,Tier2
21,88367.68,25,10,43,63.3,93.77,96,3430,6.5,Cash,Tier2
53,57882.67,58,12,38,84.51,73.51,50,7063,3.19,Debit Card,Tier2
35,65314.32,37,6,7,66.54,62.41,38,7090,2.35,Cash,Tier2
32,85040.78,49,5,27,78.47,74.59,55,6462,8.21,UPI,Tier3
68,100485.52,77,11,40,,72.46,66,1874,7.21,Credit Card,Tier3
30,81043.21,15,8,74,35.38,7.42,6,9329,3.55,UPI,Tier2
36,63170.22,28,9,51,37.52,11.28,44,6111,7.6,Cash,Tier3
66,95301.37,67,7,61,33.16,55.68,92,3414,2.68,Cash,Tier1
23,16776.47,87,9,39,35.16,74.02,72,6927,7.61,Cash,Tier3
65,33710.84,4,11,11,27.71,30.08,4,8084,1.08,UPI,Tier1
29,79995.95,47,5,50,40.21,92.57,93,1225,1.15,Credit Card,Tier2
68,65310.38,50,2,63,85.17,17.35,102,8278,1.7,UPI,Tier3
54,78321.3,60,8,6,24.04,78.48,66,8103,5.0,UPI,Tier2
34,66416.97,62,12,32,64.1,14.27,83,4638,2.62,Credit Card,Tier3
40,77560.81,67,14,77,43.08,22.71,64,9860,7.79,Cash,Tier1
43,47083.14,72,12,34,36.24,42.1,48,8669,9.66,UPI,Tier2
46,77550.69,43,10,11,39.36,48.59,119,1918,5.21,Debit Card,Tier3
50,86877.12,89,17,42,15.65,28.17,101,2254,6.35,Credit Card,Tier3
44,91852.11,58,5,36,67.44,19.34,3,8137,4.05,UPI,Tier3
42,109298.19,52,7,39,38.89,96.9,32,3422,4.75,Debit Card,Tier2
27,70370.17,76,6,23,27.23,87.08,27,1421,6.64,UPI,Tier2
64,71026.04,69,8,16,48.62,60.49,44,942,5.83,UPI,Tier3
40,31490.21,97,4,47,57.34,75.83,105,528,3.79,Cash,Tier3
38,53308.95,46,8,70,45.31,41.65,58,4864,3.24,UPI,Tier2
38,60752.19,25,9,46,52.8,72.31,63,5604,6.53,Cash,Tier3
60,88107.03,25,4,71,24.75,27.3,107,4279,9.22,UPI,Tier3
30,,35,8,13,40.87,15.84,26,9465,1.39,Debit Card,Tier2
54,82519.48,61,10,60,25.05,73.35,107,1766,1.74,Cash,Tier1
50,64964.32,15,14,76,45.15,86.62,114,9758,2.87,Cash,Tier2
41,61102.3,90,6,69,46.55,22.58,2,9625,7.13,Credit Card,Tier2
61,70475.67,74,6,54,36.21,76.47,116,6184,1.71,Debit Card,Tier2
28,56394.56,88,12,19,71.66,61.24,54,2775,9.05,Cash,Tier1
34,55561.18,35,12,68,40.31,92.24,99,6723,4.47,UPI,Tier3
21,27494.71,29,10,64,52.11,97.36,43,6922,2.39,Debit Card,Tier3
64,59545.01,38,9,64,64.38,64.76,55,1515,7.09,Cash,Tier3
42,54440.7,69,12,51,31.72,65.03,2,1507,9.81,Cash,Tier1
47,53648.42,24,3,22,57.51,81.71,41,9974,7.6,Credit Card,Tier2
26,74171.21,19,6,57,55.4,94.11,26,2120,4.88,Debit Card,Tier2
38,79489.9,46,10,69,48.72,,66,7300,9.19,Cash,Tier3
37,70108.28,49,6,49,57.94,30.79,97,2633,4.09,Credit Card,Tier3
36,86899.13,44,7,36,32.46,36.52,15,6492,2.57,Debit Card,Tier3
36,77662.36,73,5,35,59.02,8.48,65,5518,9.8,Cash,Tier2
29,58508.76,26,4,63,,23.83,32,1554,7.51,Cash,Tier1
54,54817.16,25,8,65,55.68,25.95,50,7274,3.13,Debit Card,Tier3
59,71882.09,35,9,31,40.94,73.04,19,3494,6.53,Credit Card,Tier2
34,77622.88,36,13,73,36.16,27.39,14,3501,6.79,UPI,Tier3
54,95752.57,14,7,17,28.05,47.62,61,6732,4.63,Cash,Tier3
65,91205.81,56,11,43,42.17,97.78,105,9283,7.37,Debit Card,Tier1
56,53087.59,6,8,73,38.67,65.13,63,8155,4.07,UPI,Tier1
45,62755.86,32,9,42,33.17,30.09,54,1538,4.78,Credit Card,Tier3
58,79762.39,26,12,24,65.57,64.12,48,4754,9.96,Credit Card,Tier1
52,88495.95,15,9,29,56.91,23.96,72,439,9.81,Cash,Tier3
64,85657.33,49,8,49,,20.0,12,9349,1.94,Debit Card,Tier1
65,63594.69,95,6,23,32.95,38.92,15,6738,6.03,Cash,Tier2
35,,56,13,40,56.36,14.47,50,1391,2.9,Credit Card,Tier1
31,43023.4,37,8,27,35.29,40.39,114,4702,3.56,Cash,Tier1
52,70997.94,53,8,26,36.66,86.05,60,1733,7.2,Debit Card,Tier2
61,72528.96,58,10,37,49.3,45.79,44,4320,7.72,Cash,Tier2
58,,83,6,33,52.79,18.38,114,7548,3.91,Debit Card,Tier2
24,65980.53,78,7,31,34.29,26.87,34,6886,6.03,Cash,Tier3
58,78886.94,36,3,72,42.56,43.27,6,7179,6.92,UPI,Tier1
30,39673.01,11,11,32,28.79,50.91,27,5925,5.7,UPI,Tier1
35,89309.94,27,8,15,49.22,66.78,57,7350,1.02,Credit Card,Tier1
54,,2,4,35,21.39,85.71,27,768,1.97,Credit Card,Tier3
30,92667.49,22,6,7,51.07,21.16,91,6476,1.86,Credit Card,Tier3
53,53264.05,66,11,25,55.92,76.87,61,4271,4.47,UPI,Tier3
48,42414.24,84,7,78,,65.66,38,3775,4.93,UPI,Tier2
19,54920.99,17,9,26,40.56,38.6,74,7982,3.92,Credit Card,Tier3
33,62906.74,4,11,15,41.19,17.33,52,1748,6.13,Cash,Tier3
26,56453.44,14,13,73,53.72,75.56,48,3397,1.86,UPI,Tier2
26,60247.97,7,16,18,24.24,22.39,107,5391,9.91,Debit Card,Tier1
55,72347.23,79,7,72,22.95,49.23,37,5735,4.61,Debit Card,Tier3
28,61234.05,94,11,48,38.01,42.89,91,9921,1.4,Cash,Tier1
39,63545.53,16,8,34,89.45,71.52,57,2261,7.67,UPI,Tier3
50,27397.02,66,8,59,57.21,59.96,45,1233,2.96,UPI,Tier3
53,73617.36,19,11,29,60.59,24.88,92,5741,1.4,Credit Card,Tier1
62,63037.53,1,5,14,36.57,74.96,119,8595,3.12,Debit Card,Tier3
40,100426.45,31,6,67,45.73,68.3,9,6249,1.23,Credit Card,Tier2
62,44329.57,4,5,26,47.3,59.87,92,1729,5.35,Debit Card,Tier3
62,25217.5,91,7,57,84.21,5.46,31,7374,2.26,Credit Card,Tier3
51,78597.51,58,5,29,46.95,,105,1333,8.83,Credit Card,Tier2
26,72623.59,56,6,57,53.81,3.17,60,1698,7.57,Credit Card,Tier3
41,42814.47,53,8,28,45.62,79.81,113,3737,8.98,UPI,Tier3
25,31345.52,89,6,41,37.59,21.28,4,5432,3.87,Credit Card,Tier1
24,98822.73,86,12,49,59.48,0.17,112,6827,8.72,Cash,Tier1
53,96110.43,43,7,18,33.12,3.5,50,2480,8.46,Debit Card,Tier3
35,41103.8,74,40,43,48.22,6.71,86,6325,1.76,UPI,Tier1
20,54919.09,97,8,72,54.82,,33,4749,6.77,Credit Card,Tier3
45,101612.23,49,7,9,28.17,75.04,89,5428,8.97,Debit Card,Tier3
23,,60,10,28,60.63,49.67,84,1517,8.04,Credit Card,Tier1
61,54206.53,94,5,44,66.89,90.94,1,5900,7.39,Cash,Tier3
61,58779.29,94,12,47,44.54,54.41,16,8016,5.5,Credit Card,Tier1
38,40340.27,16,6,19,54.64,32.81,2,9536,9.4,Credit Card,Tier3
45,27494.93,73,10,76,55.64,0.61,73,5358,8.83,Credit Card,Tier1
57,88156.04,81,9,25,31.71,79.86,52,366,6.61,Cash,Tier1
18,24455.39,99,9,64,71.3,96.65,77,8562,1.48,Cash,Tier2
53,70439.97,60,15,9,39.98,15.12,6,2666,8.78,Debit Card,Tier1
38,84504.75,47,8,14,43.49,97.31,49,6465,9.25,UPI,Tier2
60,33073.02,15,10,78,49.38,23.02,12,3418,1.64,Cash,Tier3
52,,63,11,54,52.46,57.13,105,2598,6.31,Cash,Tier3
30,91689.94,28,7,70,36.64,18.7,77,1225,2.11,UPI,Tier2
66,76723.62,20,9,64,42.98,27.72,72,5727,5.36,Debit Card,Tier1
27,51419.71,97,3,72,56.77,98.82,55,1537,3.98,Credit Card,Tier3
61,91449.48,63,16,78,27.89,40.57,41,9353,5.21,Debit Card,Tier1
64,91543.79,33,7,65,57.34,32.43,1,9006,4.57,UPI,Tier3
27,70919.16,36,10,16,63.98,60.35,74,8011,9.52,UPI,Tier2
63,45196.47,13,5,27,41.67,5.43,1,1579,8.62,Credit Card,Tier2
30,55904.13,62,7,36,54.42,19.94,81,386,6.28,Credit Card,Tier3
54,71300.51,68,11,30,51.98,94.39,85,5547,4.19,Credit Card,Tier2
55,60850.91,23,7,62,55.26,86.71,64,6750,2.83,Credit Card,Tier1
41,,72,5,32,71.84,47.63,43,395,3.84,Debit Card,Tier3
19,31344.97,13,7,24,19.37,75.58,76,6819,1.18,Debit Card,Tier3
39,32126.2,88,9,59,30.13,33.22,6,2141,2.44,Debit Card,Tier1
34,68979.16,40,2,9,27.91,78.78,2,3655,1.8,Credit Card,Tier3
53,54186.02,30,10,54,28.19,58.77,100,4781,6.63,Credit Card,Tier3
31,51204.93,94,7,14,47.08,8.13,3,7339,4.88,UPI,Tier1
27,26102.75,25,8,13,44.47,58.49,44,1140,2.64,Credit Card,Tier3
52,65430.01,97,6,5,47.37,41.17,18,5560,6.25,Debit Card,Tier1
42,63839.39,73,10,37,17.56,,94,2816,4.91,Debit Card,Tier1
20,79376.54,26,7,63,37.34,62.62,63,6261,9.44,Cash,Tier3
64,66515.93,24,8,20,67.01,24.72,58,8267,6.28,Debit Card,Tier3
55,,97,12,70,45.52,65.25,84,112,6.9,Debit Card,Tier3
34,90894.01,39,5,77,49.86,86.53,118,9479,6.84,Cash,Tier2
29,36125.72,89,9,14,54.19,82.73,96,651,3.73,Credit Card,Tier2
69,76800.56,79,7,31,40.54,55.08,116,8176,8.93,Credit Card,Tier3
41,28234.76,61,9,59,34.87,66.15,21,135,6.63,Credit Card,Tier2
46,46556.04,49,14,40,43.77,12.64,24,3191,9.78,UPI,Tier3
60,38321.54,41,6,59,53.87,34.3,84,6886,9.64,UPI,Tier3
42,82202.74,70,4,58,49.51,12.99,102,8268,6.28,Credit Card,Tier3
53,63560.97,20,3,35,54.27,80.9,74,1650,1.65,Cash,Tier1
43,64702.93,44,5,46,34.25,70.73,110,6418,7.35,Cash,Tier1
55,40651.87,16,6,30,49.48,31.97,117,7771,1.08,Credit Card,Tier3
18,58406.74,21,10,24,54.42,83.32,62,7285,7.21,Cash,Tier3
37,48203.76,15,6,16,42.43,68.47,70,2747,5.27,Credit Card,Tier3
45,73436.01,39,9,51,32.91,42.57,17,856,5.95,Credit Card,Tier1
33,43196.0,42,14,33,61.28,65.03,64,9019,9.03,Cash,Tier3
64,94255.48,61,15,55,31.22,65.94,37,8692,7.26,Credit Card,Tier3
34,28137.23,4,11,20,65.55,4.94,66,2736,5.18,Debit Card,Tier3
57,47256.56,24,4,30,44.54,80.38,84,1635,8.5,UPI,Tier1
45,101898.41,3,10,22,31.32,70.82,60,7045,3.86,Credit Card,Tier2
29,55426.95,1,8,57,39.46,14.03,15,7740,9.04,Cash,Tier2
44,,94,5,35,29.15,73.76,93,1670,1.97,Debit Card,Tier2
59,69819.57,13,6,57,14.62,,71,408,9.18,Cash,Tier3
64,54541.37,54,4,61,22.48,63.1,36,5365,6.51,UPI,Tier3
47,46610.85,82,12,19,28.85,96.2,47,9666,8.75,Debit Card,Tier2
58,40890.84,40,8,28,81.48,40.06,48,7750,6.93,UPI,Tier1
51,,11,7,63,50.03,54.78,92,2748,8.92,Debit Card,Tier3
54,59465.86,42,12,69,34.84,87.31,89,882,7.79,Credit Card,Tier2
23,22637.52,93,11,25,71.79,37.15,56,6665,1.31,Debit Card,Tier3
24,97861.61,4,11,18,27.35,0.59,109,7934,2.69,Credit Card,Tier1
49,78443.56,25,8,62,52.94,5.45,69,1371,4.91,Cash,Tier2
49,48137.74,36,7,33,40.31,69.52,50,7593,9.07,Debit Card,Tier2
42,44471.38,64,5,71,46.61,64.97,46,6649,9.92,Debit Card,Tier3
50,79816.4,44,14,69,42.2,80.2,30,8892,2.37,Debit Card,Tier3
24,59567.8,40,9,29,42.05,9.51,30,482,9.53,Cash,Tier2
69,22628.49,92,16,11,27.39,76.51,98,8467,4.08,Credit Card,Tier2
29,104319.28,45,7,17,59.34,77.42,7,3679,2.93,Credit Card,Tier2
33,55452.21,8,4,24,31.35,80.75,114,7088,1.95,Credit Card,Tier2
33,97902.58,85,5,13,43.05,4.71,50,5827,1.87,Debit Card,Tier2
60,93125.57,35,7,9,39.43,83.64,51,9236,9.41,Debit Card,Tier1
53,42977.79,44,10,32,49.65,87.64,113,6164,4.43,Cash,Tier1
30,87730.18,18,6,30,24.23,58.04,17,4968,9.58,Cash,Tier3
24,50668.26,47,7,74,49.98,96.19,5,8926,5.56,Credit Card,Tier2
53,23932.59,25,10,10,31.01,51.5,103,1874,4.5,Credit Card,Tier3
64,,41,15,33,28.27,81.41,78,8439,8.02,UPI,Tier3
68,73748.03,5,10,64,18.35,17.77,64,9904,5.17,UPI,Tier2
26,54819.79,64,8,79,63.4,38.94,9,9901,5.68,Credit Card,Tier3
49,58244.94,62,13,14,43.89,41.43,59,8219,8.9,Debit Card,Tier3
28,90158.45,72,8,65,61.65,35.57,65,1140,7.9,Credit Card,Tier3
25,67342.87,87,8,18,48.15,11.13,19,5331,8.11,Credit Card,Tier2
50,46447.44,3,8,25,45.72,40.22,33,1555,6.74,Credit Card,Tier1
40,80444.67,37,7,59,47.82,95.09,50,7352,2.46,Cash,Tier1
42,69348.86,95,13,58,,57.22,113,4630,2.01,UPI,Tier1
25,10000.0,93,7,41,71.59,96.27,59,2502,7.73,Cash,Tier1
62,74423.76,41,8,50,56.26,69.73,18,5624,7.66,Debit Card,Tier2
39,73620.23,20,5,51,45.31,41.02,72,2184,5.1,Credit Card,Tier1
21,65442.66,67,11,18,44.35,31.82,2,3255,4.24,Credit Card,Tier1
57,84617.41,87,11,68,65.06,9.88,70,282,9.09,UPI,Tier1
20,50207.34,40,7,43,29.03,46.19,38,4590,4.13,Cash,Tier2
46,72403.0,85,12,61,80.16,83.09,29,789,3.36,Credit Card,Tier3
58,30526.89,77,5,17,47.46,13.64,4,6238,7.67,Debit Card,Tier1
46,73955.99,8,8,34,76.31,92.69,46,8361,2.42,Cash,Tier2
51,107967.31,5,7,12,77.58,69.14,60,5468,6.83,Cash,Tier3
51,43113.16,25,7,17,45.95,71.58,7,4981,8.22,Credit Card,Tier1
45,48284.35,39,5,40,35.15,61.37,86,1281,7.35,Credit Card,Tier1
30,49379.66,37,9,65,42.03,23.0,44,7924,4.01,Cash,Tier2
32,67859.96,5,7,60,21.88,28.35,65,4553,6.99,Cash,Tier3
40,166452.8,8,50,30,44.21,94.01,55,873,4.9,UPI,Tier1
61,74267.44,4,9,13,50.83,54.09,17,9303,5.32,Cash,Tier1
43,83630.48,41,12,45,54.08,,42,871,7.53,Cash,Tier2
21,76755.64,60,7,19,46.24,2.19,59,1900,6.79,UPI,Tier1
43,26094.86,54,8,5,68.79,40.38,40,6607,3.62,Cash,Tier1
57,86893.69,22,6,5,22.76,9.88,104,4447,3.21,Debit Card,Tier3
26,85622.08,78,5,66,48.24,20.47,88,8613,8.82,UPI,Tier2
22,83263.55,19,5,10,62.98,71.33,59,269,8.64,Cash,Tier1
49,73202.53,77,7,5,63.59,6.33,61,8527,4.62,Cash,Tier3
37,69844.16,99,11,23,75.06,0.81,44,4863,8.78,UPI,Tier3
67,87712.57,68,7,70,53.19,,118,5684,5.4,Debit Card,Tier1
28,107317.3,33,6,76,38.5,61.06,93,9771,8.65,UPI,Tier1
32,44033.11,22,9,6,57.05,20.49,8,1983,2.64,Cash,Tier1
49,88718.76,65,7,20,28.06,95.87,81,8513,7.89,Credit Card,Tier2
45,63103.22,11,6,42,41.33,80.95,114,3372,4.7,Cash,Tier1
39,62147.19,16,9,70,41.26,26.32,53,8564,5.51,UPI,Tier2
58,31196.32,68,10,6,45.73,97.04,81,6019,5.98,Cash,Tier1
34,58734.63,93,5,21,33.21,38.14,38,2437,7.11,Debit Card,Tier2
43,43060.17,44,9,56,53.16,9.63,43,3248,1.95,Cash,Tier2
61,54795.2,88,12,73,34.1,51.48,20,1654,3.26,Cash,Tier1
24,40839.9,9,7,51,,85.8,32,6024,7.49,UPI,Tier2
59,55124.02,72,6,37,37.24,23.84,17,8103,1.0,UPI,Tier3
43,56065.57,78,12,55,,67.76,90,9174,4.39,Cash,Tier1
42,67128.61,79,4,26,73.49,64.76,51,3740,3.95,Credit Card,Tier1
27,29475.5,62,14,68,47.21,44.38,30,1324,5.46,Cash,Tier2
62,33198.6,86,4,62,69.97,47.0,51,1063,9.84,Cash,Tier2
36,72962.11,15,10,30,47.34,52.16,108,5334,7.74,Debit Card,Tier2
28,,6,13,39,66.14,8.8,48,793,9.62,Debit Card,Tier2
30,88639.66,1,8,6,63.56,27.58,21,373,3.08,UPI,Tier3
25,69955.93,20,10,42,47.76,16.8,112,3201,7.19,Debit Card,Tier1
57,78348.77,36,9,72,42.06,35.55,23,172,7.44,Cash,Tier1
21,96035.23,2,5,48,,83.87,26,9090,9.7,Cash,Tier1
64,58186.36,70,4,54,41.55,53.46,13,1915,9.97,Cash,Tier1
48,52361.29,2,7,63,31.4,38.17,67,4780,6.2,Cash,Tier2
45,84177.46,3,7,29,50.95,80.08,65,2287,4.31,Debit Card,Tier2
28,76209.3,7,5,25,22.09,54.9,86,1067,7.78,Cash,Tier1
60,60878.73,84,10,75,63.32,,109,289,4.07,Debit Card,Tier3
18,95612.08,64,9,62,55.77,19.27,85,3855,2.62,Debit Card,Tier3
66,60330.63,41,7,46,50.79,98.57,50,1849,6.49,Cash,Tier2
64,65721.02,54,6,54,50.73,9.67,107,4206,7.4,Cash,Tier2
69,65466.9,41,3,48,15.89,92.37,102,4435,4.59,Credit Card,Tier3
55,44438.93,5,15,62,41.37,68.87,20,456,9.99,Debit Card,Tier1
41,66706.88,89,5,23,50.78,23.51,89,2006,3.66,Credit Card,Tier3
64,95728.72,82,8,17,76.58,41.79,82,4880,3.1,UPI,Tier1
48,74789.3,63,4,20,60.51,83.63,109,656,7.56,Cash,Tier3
58,65683.4,1,6,28,41.81,40.22,77,6404,1.13,Debit Card,Tier2
63,,25,6,56,16.1,29.85,19,7439,5.72,UPI,Tier2
67,72279.07,81,14,61,55.09,17.66,65,7436,4.45,UPI,Tier2
43,81494.87,46,6,78,46.83,7.53,39,2616,1.86,Debit Card,Tier3
66,78403.25,15,10,38,53.0,94.1,82,6376,4.33,UPI,Tier3
67,57698.97,69,8,43,60.2,66.59,23,8693,6.09,Debit Card,Tier3
22,72145.2,17,7,8,55.0,22.39,25,4920,5.87,Debit Card,Tier3
37,75558.67,21,9,25,44.33,54.8,45,2964,9.91,UPI,Tier3
69,42841.71,53,10,36,64.47,88.25,40,9990,2.94,Debit Card,Tier1
58,68701.07,55,9,56,24.19,52.63,107,4220,8.17,Credit Card,Tier3
28,17451.31,87,10,6,36.83,28.96,81,5754,8.79,Cash,Tier3
50,75615.74,10,7,77,57.95,28.21,42,9515,1.71,Credit Card,Tier1
67,79527.55,81,3,38,49.47,3.27,86,5703,1.13,Debit Card,Tier3
55,81446.01,57,5,63,4.4,2.2,36,124,2.24,Cash,Tier3
44,56308.97,65,10,36,11.53,45.12,37,104,1.67,Credit Card,Tier2
51,71799.03,37,6,51,48.33,46.42,16,3908,9.23,Debit Card,Tier3
32,96326.98,7,7,12,24.63,71.74,116,786,1.69,UPI,Tier2
49,96102.93,76,15,27,41.72,97.98,90,8649,5.45,Cash,Tier2
38,64358.2,40,7,49,42.27,10.54,96,1988,9.94,Debit Card,Tier1
63,68065.03,50,9,52,24.95,0.21,82,3329,4.46,Debit Card,Tier3
22,89440.05,1,3,19,35.53,6.33,114,9712,3.44,Credit Card,Tier3
23,31982.36,20,7,8,36.84,37.71,101,6960,9.16,UPI,Tier1
55,,31,13,24,41.38,80.16,94,3817,5.35,Credit Card,Tier3
39,94382.55,68,10,68,28.4,24.54,85,9210,7.78,Debit Card,Tier3
35,86454.41,90,6,53,23.21,14.11,89,2112,5.01,Credit Card,Tier1
31,73123.8,12,5,66,71.28,0.82,61,8783,5.4,Debit Card,Tier2
27,31871.69,22,9,12,48.46,59.46,80,4083,8.83,Credit Card,Tier1
63,63901.97,1,10,38,54.5,49.48,73,853,9.15,Cash,Tier3
30,52021.86,1,8,75,21.41,68.39,35,1876,3.11,UPI,Tier2
48,72282.86,3,5,66,24.44,65.2,32,1607,6.09,Debit Card,Tier3
47,47194.37,76,9,75,30.45,66.66,102,7376,9.59,Credit Card,Tier2
20,,21,11,13,26.49,64.92,57,3088,9.39,Cash,Tier2
47,19572.96,13,4,69,24.13,19.35,57,2001,9.02,Debit Card,Tier3
23,,61,10,15,31.86,42.02,74,8847,8.96,Credit Card,Tier2
46,56205.05,13,5,75,44.46,19.89,2,3209,9.54,Cash,Tier1
25,68457.21,82,9,70,30.76,88.89,24,825,8.91,UPI,Tier1
61,64950.76,33,10,73,70.8,58.43,34,9711,6.25,Debit Card,Tier1
62,41516.45,6,11,52,39.5,78.2,29,4796,9.11,Debit Card,Tier2
60,37300.57,25,7,35,48.02,27.36,103,1484,5.4,Cash,Tier3
61,42883.07,23,7,44,56.19,82.74,94,4623,2.01,Cash,Tier1
50,49090.29,88,10,10,46.17,14.76,62,732,4.06,UPI,Tier2
34,73065.34,26,11,6,71.38,0.31,105,7233,3.32,Debit Card,Tier3
65,47494.21,4,6,66,36.53,98.44,31,1104,2.02,Cash,Tier1
28,103422.79,35,3,66,,,110,5489,6.77,Credit Card,Tier3
30,87597.32,75,11,74,48.49,29.06,62,1294,2.77,Debit Card,Tier2
67,82783.91,25,8,19,9.45,,104,6088,2.67,Debit Card,Tier3
28,62367.5,20,8,70,30.41,26.04,112,406,3.74,Cash,Tier1
48,98314.18,1,12,37,23.49,22.27,80,927,3.18,Debit Card,Tier1
45,60203.88,94,8,36,54.73,12.2,94,9924,5.96,UPI,Tier3
61,64312.25,68,8,72,14.44,77.26,99,5849,1.14,Debit Card,Tier1
23,68739.44,23,8,71,64.28,75.39,38,2033,4.98,Credit Card,Tier1
58,80440.11,99,8,21,37.25,71.97,58,1625,6.93,Debit Card,Tier1
33,79011.98,22,10,56,42.41,65.21,75,3871,2.69,Cash,Tier1
21,54547.24,95,9,43,7.74,48.95,43,6975,2.35,UPI,Tier1
52,53274.14,62,5,11,49.3,58.44,6,7811,9.15,Credit Card,Tier3
65,79077.87,1,6,6,67.63,3.08,18,6456,8.38,Debit Card,Tier3
43,,59,3,72,28.14,47.77,45,3450,3.3,Credit Card,Tier2
29,,68,5,41,43.73,85.25,7,6691,8.51,Debit Card,Tier2
28,30081.86,19,5,28,77.0,21.1,56,9607,8.98,Cash,Tier1
54,60439.05,30,10,51,32.33,70.79,79,7823,2.03,Credit Card,Tier3
42,78717.57,1,8,6,53.22,9.51,107,9139,7.77,Credit Card,Tier1
35,104719.17,48,12,59,62.15,7.73,29,1405,5.71,UPI,Tier2
36,38644.92,19,6,47,70.53,73.9,102,7917,7.55,Debit Card,Tier3
40,55615.43,52,8,63,23.73,30.77,119,2644,7.41,Debit Card,Tier1
55,56433.12,85,10,41,66.99,33.31,4,2211,5.16,Debit Card,Tier2
35,,22,14,6,8.37,55.19,29,1294,1.15,UPI,Tier1
43,,50,12,18,36.47,77.68,16,3775,7.0,Credit Card,Tier2
23,45038.82,66,5,22,43.69,94.04,60,8607,6.33,Debit Card,Tier3
21,77291.3,6,6,38,45.07,25.61,63,5125,5.39,UPI,Tier2
61,56097.95,64,7,38,14.07,51.18,16,2121,7.22,Cash,Tier3
68,38063.48,21,1,40,34.0,47.71,50,1949,6.08,Cash,Tier2
46,45358.99,97,6,79,44.65,31.52,5,7050,4.17,Credit Card,Tier3
51,103148.92,19,13,59,36.56,,18,8826,8.15,Debit Card,Tier2
34,73452.6,91,5,56,,42.8,85,3353,7.66,Credit Card,Tier1
60,67370.72,37,11,40,41.03,44.68,89,5543,6.25,UPI,Tier1
60,59502.34,63,6,20,60.68,2.84,65,562,5.64,Debit Card,Tier2
33,71427.27,29,13,45,36.54,51.82,100,7182,6.81,Credit Card,Tier2
19,71165.19,60,12,60,56.23,84.52,42,6530,6.51,Debit Card,Tier3
51,71427.71,92,8,36,36.66,,43,9651,2.86,UPI,Tier3
25,67526.59,34,6,46,34.3,94.71,70,2677,2.46,Cash,Tier2
30,336454.24,1,35,26,50.87,54.97,68,4245,3.29,Cash,Tier3
59,65508.3,48,13,41,37.34,45.63,4,6949,4.24,Cash,Tier3
25,173941.4,89,20,12,21.2,50.66,1,5892,8.73,Credit Card,Tier3
47,,21,6,11,,31.43,97,9113,2.0,Credit Card,Tier2
49,21461.59,34,10,14,48.53,69.51,3,6083,7.03,Cash,Tier1
53,109589.98,26,4,48,47.6,78.77,60,2235,2.03,Cash,Tier3
64,83980.6,36,8,44,56.9,2.38,58,3617,4.36,UPI,Tier3
47,46738.45,99,10,38,44.46,84.73,52,4203,4.58,Cash,Tier1
18,58799.41,23,5,11,11.35,2.79,7,6941,7.45,Debit Card,Tier1
60,50988.72,81,9,28,58.78,73.79,80,6777,9.02,Credit Card,Tier3
56,98936.04,47,6,16,,64.48,23,6567,6.75,Debit Card,Tier2
34,33762.7,76,6,51,42.41,66.12,80,1709,9.14,Cash,Tier1
37,67518.47,44,7,70,17.29,58.57,65,3961,4.4,Debit Card,Tier3
41,62612.39,20,10,76,63.43,97.32,57,7633,7.8,UPI,Tier2
67,83190.45,27,8,45,39.97,2.86,109,8353,6.17,Credit Card,Tier1
39,62711.8,61,4,24,61.28,74.51,66,3664,7.86,Cash,Tier2
46,,37,12,24,41.56,38.69,108,1419,7.12,UPI,Tier2
39,59475.41,84,7,16,40.71,56.76,108,5106,4.16,Debit Card,Tier3
61,43612.43,52,4,74,18.55,62.91,75,2574,5.92,UPI,Tier2
26,66750.75,75,8,71,36.99,14.68,106,5773,9.8,Debit Card,Tier2
54,96551.89,92,13,34,23.1,11.9,1,156,6.86,Cash,Tier2
27,26732.64,62,9,28,37.39,19.56,78,3224,7.21,UPI,Tier1
53,47395.1,66,4,59,55.46,27.48,2,3114,3.03,Cash,Tier3
54,52840.76,24,16,52,34.17,35.59,96,9271,6.02,Credit Card,Tier2
45,56604.12,80,5,53,30.32,7.92,94,3050,3.35,Debit Card,Tier2
45,81282.76,12,7,67,41.97,40.64,32,5544,7.79,UPI,Tier3
59,61182.02,16,3,33,44.82,92.15,16,2672,7.62,Debit Card,Tier3
60,74147.66,36,12,33,28.22,74.22,43,9456,8.09,Debit Card,Tier3
38,51232.99,2,12,78,16.47,73.11,91,9726,1.02,Debit Card,Tier3
41,70058.34,89,10,43,27.26,36.35,37,6904,7.14,UPI,Tier3
59,82111.55,62,10,37,52.81,59.94,30,4689,2.6,UPI,Tier1
57,48889.41,64,5,76,49.14,27.34,1,6351,1.11,UPI,Tier1
19,82189.88,29,4,17,61.53,38.6,75,9470,8.32,Cash,Tier2
25,66152.2,92,3,32,73.82,37.96,97,6483,8.89,UPI,Tier2
65,,74,2,15,77.34,77.59,115,572,8.7,Cash,Tier2
44,60568.76,87,8,20,35.63,,29,3456,1.04,Credit Card,Tier3
39,73387.38,96,10,37,41.24,39.68,92,4531,1.26,UPI,Tier3
54,64106.66,31,6,62,50.96,16.89,93,2514,7.72,Debit Card,Tier2
44,62883.33,83,2,46,35.99,92.03,46,9801,8.98,Cash,Tier2
46,70696.47,15,10,17,43.82,35.6,18,5350,1.59,UPI,Tier3
20,76809.76,55,9,70,28.16,33.46,38,614,7.5,Debit Card,Tier3
61,37509.57,33,7,54,51.73,36.47,11,4946,6.27,UPI,Tier2
30,96539.94,81,8,30,43.02,25.68,18,8692,4.77,Debit Card,Tier2
62,24087.41,52,8,64,38.3,83.55,26,2745,7.49,UPI,Tier3
27,49934.13,20,6,16,58.14,69.5,53,9689,8.65,Debit Card,Tier1
53,62926.08,73,10,7,17.38,,108,5161,7.95,Credit Card,Tier1
26,74071.83,38,6,22,47.58,50.82,61,5200,6.41,Cash,Tier1
44,99675.8,3,13,58,48.77,21.17,23,7857,2.47,Cash,Tier1
51,24117.59,54,9,54,31.87,44.38,35,3974,1.87,Debit Card,Tier1
68,53830.73,66,14,77,18.86,84.82,100,4655,4.04,UPI,Tier1
18,18209.66,18,9,13,41.7,72.95,10,1034,4.12,Cash,Tier2
49,65695.68,87,8,46,51.55,53.16,58,7365,5.14,Debit Card,Tier3
42,70977.04,83,8,59,52.97,80.76,89,4178,3.79,Debit Card,Tier1
46,99997.51,7,9,45,39.93,44.78,23,3249,5.05,Debit Card,Tier2
24,67653.96,35,6,68,67.04,80.14,78,4674,9.96,Debit Card,Tier3
66,87968.55,84,10,53,80.19,55.21,46,4224,4.56,Debit Card,Tier1
20,77844.42,84,14,6,72.14,28.91,57,2917,4.14,Cash,Tier3
37,55424.54,83,10,35,32.06,61.08,58,2699,5.22,Credit Card,Tier3
37,34002.86,80,6,60,25.4,70.42,18,1310,7.43,UPI,Tier3
47,71050.05,85,5,11,38.79,69.03,32,4793,8.82,Credit Card,Tier2
52,32173.76,93,15,65,47.28,72.72,7,1404,4.31,UPI,Tier1
52,373978.24,60,60,38,34.92,89.23,79,9948,7.83,Credit Card,Tier3
66,61434.63,24,4,44,,15.85,44,4575,1.4,Credit Card,Tier2
56,91293.9,93,3,52,70.16,70.52,33,520,6.32,UPI,Tier1
44,54435.28,95,5,25,69.97,85.98,14,9875,8.61,Debit Card,Tier1
43,70914.72,39,6,53,48.44,37.26,2,1874,2.63,Cash,Tier2
31,69605.67,12,8,6,76.09,40.16,78,9009,6.42,Debit Card,Tier2
34,64009.03,94,8,76,34.34,18.53,53,4727,9.65,Cash,Tier3
35,55481.49,53,7,24,53.06,57.17,100,3957,2.27,UPI,Tier2
62,73634.03,64,4,23,55.92,94.57,27,5277,8.8,UPI,Tier1
69,44624.41,4,8,34,54.49,20.39,114,7883,7.6,Cash,Tier2
46,38392.42,94,8,24,45.95,81.09,71,2793,3.89,Credit Card,Tier1
37,92342.19,5,5,35,41.64,21.61,92,1205,8.37,UPI,Tier1
44,80997.7,16,9,21,39.79,14.45,74,7783,7.36,Cash,Tier1
35,66449.62,27,7,7,39.15,59.25,70,5764,7.5,UPI,Tier2
21,101633.13,4,8,15,66.9,63.58,92,7784,8.69,Debit Card,Tier1
18,59109.16,72,8,7,,77.34,3,8063,3.87,UPI,Tier2
67,94099.47,48,8,49,46.63,,46,3167,9.17,UPI,Tier3
18,68862.63,8,1,63,44.55,40.72,94,4222,2.9,Debit Card,Tier3
43,42455.48,81,10,60,47.86,14.69,34,1345,3.56,Debit Card,Tier3
62,105656.88,46,7,59,55.88,45.27,40,9010,4.39,Cash,Tier2
37,86795.64,44,8,31,57.11,77.35,90,8987,7.26,Cash,Tier1
69,62337.54,67,9,5,65.11,93.24,119,2475,1.67,Debit Card,Tier3
40,80997.77,91,5,75,43.55,68.03,54,9145,3.27,Cash,Tier3
27,56118.52,52,13,9,38.51,81.13,59,9189,4.84,UPI,Tier2
28,83241.28,34,9,54,42.57,69.0,52,9028,4.18,Credit Card,Tier1
58,12396.27,62,13,8,,23.59,50,5709,9.56,Credit Card,Tier2
58,42564.37,21,8,45,18.25,84.47,36,5236,2.43,Cash,Tier1
22,86543.71,24,4,23,47.0,75.78,3,5352,1.52,Cash,Tier1
18,59507.58,44,8,29,,21.35,115,5199,4.89,Debit Card,Tier1
34,69565.93,41,12,11,36.46,50.57,108,6187,2.21,Cash,Tier2
39,35370.72,29,6,21,30.85,93.41,44,621,5.6,Debit Card,Tier3
51,105653.07,6,11,37,23.2,68.02,108,1881,1.46,Cash,Tier2
62,91191.65,56,9,64,54.98,90.07,67,3349,9.3,Credit Card,Tier3
58,60584.93,14,8,37,55.62,25.99,67,1853,3.68,UPI,Tier2
46,56096.69,50,8,32,43.63,82.7,44,5016,3.93,Credit Card,Tier1
21,87651.3,78,7,21,23.08,17.94,28,8832,5.32,Credit Card,Tier2
22,108614.35,52,9,52,56.72,77.5,28,2227,3.28,Credit Card,Tier2
28,85982.73,88,7,16,58.45,66.05,26,2717,3.36,Cash,Tier3
68,112779.66,77,6,7,65.97,80.95,16,9323,8.77,UPI,Tier2
38,44708.27,1,13,70,50.32,75.58,11,8408,8.94,Credit Card,Tier3
52,46973.49,12,7,56,53.87,46.79,32,7982,1.51,UPI,Tier2
29,38843.3,24,10,65,19.45,90.61,26,9417,2.88,Credit Card,Tier3
43,74718.73,37,6,18,47.84,39.09,7,8943,5.69,Credit Card,Tier3
68,68863.28,84,10,77,37.62,43.39,46,8225,9.95,Credit Card,Tier1
36,61657.08,70,6,71,13.05,76.08,35,3970,9.55,Credit Card,Tier2
62,82803.69,76,6,9,43.6,80.82,45,2175,7.69,Credit Card,Tier2
24,92111.23,85,13,67,35.58,33.56,34,2645,5.09,Debit Card,Tier1
64,31435.43,3,9,63,35.22,53.83,28,1874,8.94,Credit Card,Tier1
24,51866.62,27,6,62,73.99,19.47,59,6835,6.05,Credit Card,Tier2
43,83043.16,53,6,57,27.13,6.81,112,1781,2.14,UPI,Tier1
57,54709.75,17,6,77,34.96,38.25,69,6034,3.88,Cash,Tier2
22,47439.47,15,7,48,42.74,94.45,76,5562,9.17,Cash,Tier1
38,87407.82,39,8,76,39.33,26.78,91,8241,9.8,Credit Card,Tier1
31,36631.0,4,6,78,19.57,4.05,17,5554,8.75,Credit Card,Tier1
21,58365.24,17,8,31,53.01,64.54,87,9045,3.82,UPI,Tier1
40,72230.17,11,11,18,36.22,37.92,25,3950,8.85,Cash,Tier2
59,52375.96,12,8,11,69.9,74.05,13,2772,1.37,Debit Card,Tier1
37,82229.42,32,12,73,18.39,25.91,8,9679,7.92,Credit Card,Tier2
32,209938.84,27,60,68,35.42,70.68,82,3907,9.47,Debit Card,Tier1
67,95989.63,44,4,36,33.76,86.14,118,8207,3.39,UPI,Tier3
69,62233.58,43,8,36,63.42,49.74,80,1200,1.13,Credit Card,Tier1
62,79767.94,91,6,23,61.27,95.48,77,9523,8.28,UPI,Tier2
46,81412.53,49,6,58,35.53,80.33,6,778,3.77,Credit Card,Tier3
25,51194.12,93,10,21,28.91,44.0,118,6540,2.39,UPI,Tier2
58,19823.3,73,6,53,44.3,33.43,24,1682,2.1,Debit Card,Tier1
65,72936.63,43,7,15,49.28,99.31,92,5372,1.36,Credit Card,Tier1
36,66590.34,3,8,26,,93.2,90,3449,9.51,Debit Card,Tier3
65,77228.17,29,3,29,38.19,73.14,55,8090,7.21,Credit Card,Tier1
56,60016.4,85,9,49,35.94,35.45,15,3653,4.7,Cash,Tier1
63,55530.59,35,5,41,50.95,9.4,32,3473,7.47,Debit Card,Tier3
45,109186.41,48,8,15,61.01,13.25,64,7170,7.38,Credit Card,Tier2
63,32608.21,74,10,48,,75.93,53,2554,8.38,Credit Card,Tier1
44,81146.91,87,13,46,39.48,65.23,45,9700,3.4,UPI,Tier1
21,52358.76,39,10,31,30.13,26.18,33,1002,8.22,Cash,Tier3
32,57612.87,89,7,47,18.24,8.37,26,2843,2.1,Credit Card,Tier1
52,58023.74,24,10,70,38.48,98.74,113,8548,3.4,Credit Card,Tier3
54,47324.45,20,3,37,38.39,68.99,43,2685,9.25,Cash,Tier1
18,77566.93,15,9,6,47.31,0.86,36,8552,3.8,Cash,Tier3
20,95594.16,85,12,14,36.79,15.93,113,5901,9.21,UPI,Tier3
64,75340.3,76,9,37,29.75,62.63,112,6148,5.74,Credit Card,Tier1
41,67274.4,18,8,73,32.13,13.07,11,4470,4.12,UPI,Tier2
44,43298.31,60,8,28,55.65,36.99,36,454,4.95,Credit Card,Tier3
57,76370.16,87,8,55,17.26,66.64,28,4669,1.3,Cash,Tier2
53,112439.69,93,4,76,44.7,0.35,14,351,3.97,Credit Card,Tier3
51,56624.72,41,8,69,56.17,0.26,31,2358,2.02,Debit Card,Tier1
46,56728.36,69,5,35,26.5,36.81,54,1319,8.62,Debit Card,Tier2
41,52656.04,90,7,30,49.57,98.37,66,2749,8.89,Cash,Tier3
41,54232.89,75,6,65,62.94,19.86,76,1385,8.18,UPI,Tier3
59,10000.0,11,8,51,32.09,44.49,101,8491,1.33,Debit Card,Tier2
21,73910.78,56,7,47,43.97,,44,808,1.8,UPI,Tier2
20,46397.85,18,9,16,36.58,,17,5790,4.66,Cash,Tier1
51,29574.21,12,10,18,44.47,59.84,104,2979,4.88,Credit Card,Tier3
66,,16,17,9,25.19,4.27,93,8742,9.7,Debit Card,Tier3
40,41195.61,27,5,36,30.34,51.53,73,5097,7.53,Debit Card,Tier3
69,57549.28,17,7,12,59.61,29.08,1,8971,5.85,Credit Card,Tier3
40,97261.73,85,8,26,34.21,92.63,65,9028,6.09,UPI,Tier3
62,33997.25,31,7,71,41.87,52.83,64,2633,7.18,Cash,Tier3
22,31282.84,35,8,51,37.97,33.11,102,9171,7.04,Cash,Tier2
48,70924.74,27,8,42,71.74,26.33,119,2698,9.87,Credit Card,Tier1
58,90288.72,87,7,37,17.0,8.94,6,4693,9.86,UPI,Tier2
23,30364.48,32,9,53,50.13,59.19,83,4994,9.04,UPI,Tier2
54,73969.17,17,4,56,,18.21,54,2510,7.44,Cash,Tier2
27,77781.99,11,13,65,39.82,90.29,90,9213,6.01,Cash,Tier3
57,19698.47,1,10,54,46.53,94.17,115,3808,1.93,UPI,Tier3
24,82567.03,92,7,54,39.35,46.41,22,4113,9.95,Credit Card,Tier2
56,84285.33,82,8,62,45.82,37.13,65,9499,8.24,UPI,Tier1
55,58140.72,49,8,78,,42.22,100,3952,7.92,UPI,Tier1
38,92551.62,41,6,79,19.5,32.26,4,1742,6.1,Credit Card,Tier3
37,90002.02,20,8,52,40.21,,16,8169,2.08,Cash,Tier3
20,67268.59,71,5,6,44.63,94.63,88,9749,2.04,Cash,Tier2
68,55068.2,37,5,50,26.31,38.96,47,8775,5.81,Debit Card,Tier2
39,43597.79,16,9,46,36.47,87.45,81,3319,5.16,Credit Card,Tier1
64,64173.6,39,9,13,46.74,62.75,78,7786,7.28,UPI,Tier3
21,77534.7,45,4,56,42.54,83.72,28,7545,8.77,Debit Card,Tier1
45,57868.11,64,8,23,54.85,52.1,107,1386,1.15,Cash,Tier3
29,16654.98,47,6,40,36.19,11.7,119,2254,6.29,Credit Card,Tier1
55,92911.71,23,6,42,62.89,43.33,20,6641,5.07,Cash,Tier3
68,69184.91,32,9,64,35.34,50.71,15,1740,2.72,Cash,Tier3
53,56648.26,49,9,76,,70.68,112,4762,3.69,Cash,Tier1
64,83857.48,81,13,66,24.04,78.39,82,312,9.4,Debit Card,Tier2
58,98542.05,19,7,40,33.67,11.49,97,6664,7.62,Credit Card,Tier1
22,10000.0,98,8,66,35.12,65.16,21,8835,9.18,UPI,Tier2
30,74553.8,78,6,56,54.85,49.92,34,298,4.03,Debit Card,Tier3
40,33613.72,67,7,61,,55.04,44,8223,3.52,Cash,Tier1
67,,39,60,21,73.54,17.86,9,1011,3.34,Debit Card,Tier2
47,67814.4,89,3,64,50.65,9.95,101,1242,5.71,Credit Card,Tier1
54,78985.98,60,9,76,46.79,30.84,74,9088,6.85,Cash,Tier2
42,54016.55,11,9,23,27.22,29.12,108,633,7.67,UPI,Tier1
65,23788.72,49,9,38,91.03,30.7,4,5489,2.25,UPI,Tier2
44,55091.9,15,10,16,53.82,99.64,94,2418,3.26,Cash,Tier3
68,73950.65,83,5,54,76.71,53.83,38,7869,4.22,UPI,Tier3
31,87338.63,61,9,63,48.92,90.3,81,5790,1.28,UPI,Tier2
65,39219.71,43,9,30,38.95,66.68,44,9839,7.46,UPI,Tier2
64,87595.33,15,7,41,59.05,8.96,57,4378,2.35,Cash,Tier1
53,,79,25,76,10.29,41.33,23,846,4.56,Cash,Tier1
56,72973.9,79,9,67,28.23,57.2,69,8629,9.65,Credit Card,Tier2
33,53782.33,73,5,69,25.2,73.95,99,8715,7.12,UPI,Tier2
39,69007.75,5,4,57,65.78,,24,9727,6.46,UPI,Tier2
38,84621.31,83,8,43,14.69,83.13,25,2599,1.61,Cash,Tier2
38,38005.69,88,11,63,50.12,68.87,119,9297,1.64,Credit Card,Tier1
25,50042.07,29,9,48,63.33,2.07,23,3077,6.78,UPI,Tier3
66,69069.18,62,15,78,55.53,7.82,98,9701,3.84,Credit Card,Tier2
33,117834.84,60,2,7,71.99,67.74,79,4197,3.68,Debit Card,Tier2
48,46009.83,69,11,65,41.44,57.18,11,7688,4.03,UPI,Tier2
59,109882.95,22,11,31,63.89,21.1,56,8963,6.8,Debit Card,Tier2
27,109097.31,13,6,12,57.21,27.59,35,9976,2.38,Cash,Tier2
49,62859.15,50,10,68,18.4,36.86,55,4554,9.52,UPI,Tier1
51,58440.64,47,6,27,30.62,53.67,55,1489,9.61,Credit Card,Tier3
26,49774.57,29,7,44,9.48,99.9,74,5304,7.29,Debit Card,Tier1
34,63499.54,80,12,30,-4.43,95.76,3,9390,9.63,Debit Card,Tier1
28,34052.17,17,9,57,51.81,,91,1815,4.27,Debit Card,Tier1
49,63322.74,20,10,67,34.99,72.45,55,5319,2.67,Cash,Tier1
27,97931.37,78,11,75,22.36,17.96,10,7436,2.64,UPI,Tier3
39,51556.13,6,12,56,43.43,,10,4908,5.82,Credit Card,Tier3
34,59704.07,22,5,41,53.35,91.0,1,5605,2.69,UPI,Tier1
21,27574.91,9,7,66,75.23,13.36,73,4294,2.66,UPI,Tier3
65,,32,10,6,51.27,85.31,113,7285,8.81,Credit Card,Tier1
69,70818.6,88,6,72,78.37,5.46,27,5989,4.2,Cash,Tier2
64,66401.45,33,6,46,47.17,29.68,31,4721,7.38,UPI,Tier3
42,60229.8,77,9,5,36.36,26.82,7,6132,9.32,Debit Card,Tier3
38,58559.33,99,9,65,42.07,59.52,81,6016,3.53,Cash,Tier3
54,76041.81,70,8,9,53.17,22.73,39,2003,5.21,Credit Card,Tier3
55,64366.03,49,4,41,5.49,20.03,83,6242,7.01,UPI,Tier3
66,71929.38,30,10,73,47.43,61.42,107,9216,2.74,Debit Card,Tier2
18,69729.62,16,11,56,46.49,93.84,3,8899,6.4,Debit Card,Tier2
42,89715.4,65,4,13,55.07,0.36,34,814,9.85,UPI,Tier2
68,79893.87,82,9,18,68.4,94.3,77,1363,9.76,Debit Card,Tier1
53,69242.96,86,6,55,33.54,32.48,112,2822,6.89,Cash,Tier3
34,98405.28,90,11,70,37.94,19.96,80,5127,4.62,Cash,Tier2
58,,14,8,65,46.28,42.88,93,4756,2.99,Cash,Tier1
41,93709.18,56,10,72,43.84,99.73,54,6120,8.64,Credit Card,Tier2
19,78352.74,37,1,71,53.91,56.94,4,9677,7.0,Cash,Tier3
57,24477.78,49,7,46,30.65,91.47,80,8772,8.25,Credit Card,Tier2
32,93706.36,78,7,41,55.44,69.29,83,7274,9.0,Cash,Tier2
49,67973.88,90,6,64,,61.92,91,8269,9.7,Credit Card,Tier3
56,63857.0,50,15,75,54.83,15.36,39,4767,2.02,Credit Card,Tier1
23,71189.66,36,8,6,74.0,43.06,33,6994,4.8,Credit Card,Tier3
18,57410.37,52,10,8,49.39,51.85,80,5506,6.45,Debit Card,Tier3
64,69994.63,23,7,78,45.8,81.48,46,856,2.02,UPI,Tier3
40,51978.73,66,8,55,49.48,78.83,22,8569,1.96,Debit Card,Tier2
56,93033.99,71,8,56,20.01,88.48,24,4656,1.02,Cash,Tier3
34,62501.06,45,8,32,28.33,82.96,102,4513,6.88,Cash,Tier1
51,56583.16,86,12,17,48.18,85.56,47,1961,6.59,Debit Card,Tier2
58,44651.63,28,8,56,52.54,0.38,79,5517,4.96,Cash,Tier3
46,70913.07,20,7,23,,17.86,75,4121,2.82,Credit Card,Tier3
26,69116.36,49,8,23,,10.26,89,8917,3.77,Debit Card,Tier1
30,73545.34,57,4,48,44.18,11.16,105,8998,6.8,Cash,Tier1
23,42400.46,82,13,30,41.6,10.58,8,6783,4.96,UPI,Tier1
23,29774.01,88,13,25,23.11,46.44,80,2378,9.75,UPI,Tier1
37,78763.01,97,6,44,44.01,42.61,61,4834,6.94,Cash,Tier1
69,97662.12,59,13,19,96.9,40.9,51,8668,5.54,UPI,Tier3
20,42420.22,26,6,76,33.59,21.14,63,7174,1.35,Debit Card,Tier2
34,99967.71,19,5,13,56.41,43.15,81,9261,7.15,Credit Card,Tier3
66,71246.04,13,10,60,62.58,13.0,39,4604,6.12,UPI,Tier3
29,64844.62,74,9,62,61.35,78.27,35,9076,6.7,Cash,Tier2
65,56253.93,62,7,55,36.83,80.75,112,6271,4.52,UPI,Tier1
64,34540.6,14,8,75,11.58,84.27,65,7090,5.73,Credit Card,Tier2
62,86730.03,73,10,7,17.87,99.39,114,5070,9.31,Credit Card,Tier1
18,47936.66,11,10,53,55.36,3.62,22,7695,2.95,Cash,Tier2
34,,67,5,53,49.3,56.96,28,8894,2.89,UPI,Tier3
20,86822.38,12,10,12,60.79,,47,6803,1.24,Cash,Tier3
43,23574.36,35,5,27,51.5,40.24,117,1478,3.92,UPI,Tier2
32,31480.85,39,9,51,57.45,83.33,22,3807,8.55,UPI,Tier3
53,64601.05,32,11,26,62.26,23.23,56,8823,3.31,Cash,Tier2
49,71452.26,14,7,65,35.33,88.35,2,5671,8.58,UPI,Tier2
49,75664.16,65,10,7,25.73,75.61,70,147,6.07,UPI,Tier3
21,58360.43,27,11,53,42.04,33.56,118,4785,2.65,Credit Card,Tier3
35,120668.13,60,8,52,57.75,30.97,79,6620,2.17,Cash,Tier3
66,59986.36,43,10,42,70.54,28.42,109,6111,7.16,Credit Card,Tier1
36,59922.7,65,4,64,68.98,5.25,30,4113,3.07,Debit Card,Tier1
60,47466.29,55,7,59,77.11,4.38,118,3798,9.36,UPI,Tier2
69,67725.95,93,4,33,56.16,19.23,86,7280,8.32,Debit Card,Tier2
52,78529.15,88,6,16,43.39,73.8,13,1548,8.38,UPI,Tier3
57,91478.72,81,9,22,64.32,75.03,93,2514,1.44,Debit Card,Tier1
31,32235.75,35,8,69,54.33,65.13,101,4873,3.17,Debit Card,Tier1
50,59588.1,95,7,58,37.0,59.84,38,2478,4.79,Cash,Tier3
31,74827.48,32,9,61,54.84,7.83,85,4019,3.2,UPI,Tier1
51,77915.27,19,11,65,56.0,9.79,50,639,3.94,Credit Card,Tier1
21,65144.07,95,5,60,42.4,61.42,53,9144,2.3,Credit Card,Tier1
41,76933.33,39,4,72,55.31,72.32,30,492,2.1,Cash,Tier2
46,47202.79,20,11,33,38.47,13.19,81,4445,4.3,Cash,Tier3
36,99273.92,28,6,61,72.07,24.29,47,6909,9.22,Credit Card,Tier1
23,86837.82,3,9,73,56.0,50.68,94,2675,8.92,Credit Card,Tier1
50,35411.59,32,9,20,65.66,18.64,34,478,5.83,Cash,Tier2
66,41347.73,86,7,64,,11.76,56,319,7.26,Cash,Tier1
57,41967.72,58,7,35,33.19,87.23,37,974,3.93,Cash,Tier1
36,79915.34,54,5,73,53.47,22.48,94,2451,2.3,Cash,Tier3
18,36735.99,42,8,34,64.55,5.36,96,2178,1.54,UPI,Tier1
22,57717.46,15,7,28,54.31,90.58,36,742,5.05,Debit Card,Tier3
44,75003.5,83,7,25,41.0,5.77,98,371,5.28,Debit Card,Tier3
33,63544.35,62,10,9,40.29,73.96,7,123,4.86,Cash,Tier1
23,70695.53,31,9,66,23.72,88.24,81,9900,5.88,Credit Card,Tier2
57,41552.34,61,8,39,63.16,38.39,49,9394,5.69,Credit Card,Tier2
30,,26,9,69,35.02,34.75,40,7401,7.3,Cash,Tier3
65,51509.34,69,8,35,78.93,19.48,108,1999,8.69,UPI,Tier3
52,57858.37,57,7,44,14.36,37.8,91,6088,8.84,Credit Card,Tier1
36,70230.1,20,8,48,16.75,44.61,43,3938,3.72,UPI,Tier2
29,67267.72,66,7,9,,12.65,29,5061,6.66,Debit Card,Tier1
33,65527.56,21,11,78,18.03,21.62,48,3237,9.68,Credit Card,Tier3
60,48486.21,60,12,53,44.54,37.37,114,7784,6.02,Credit Card,Tier1
27,58409.91,63,7,52,43.85,36.7,37,716,6.74,UPI,Tier1
42,65048.04,51,10,25,56.13,13.89,70,478,8.41,Credit Card,Tier2
37,34748.12,92,11,51,18.45,97.27,56,4163,2.16,UPI,Tier3
48,54824.27,84,7,6,31.46,88.44,25,5262,2.56,Cash,Tier2
21,73528.96,39,10,66,74.93,88.99,102,1411,9.12,Debit Card,Tier1
61,36896.39,11,6,19,49.53,14.48,115,9832,9.5,Credit Card,Tier3
40,90444.8,57,2,61,64.38,48.62,79,122,3.18,Debit Card,Tier2
19,92931.49,3,8,73,63.84,68.54,53,6209,1.71,UPI,Tier1
39,37606.69,37,4,5,42.51,4.34,87,8132,8.23,Cash,Tier1
68,94867.63,84,15,15,52.62,2.23,101,4635,3.07,Credit Card,Tier1
54,,96,7,38,64.86,19.22,104,2970,7.0,Debit Card,Tier3
25,74207.32,25,13,21,61.62,36.82,52,5201,2.29,Credit Card,Tier2
24,54073.68,21,8,68,21.41,13.26,24,3220,4.42,Cash,Tier1
31,85306.99,80,5,63,24.25,17.18,43,2578,5.39,Debit Card,Tier2
20,73934.07,42,12,18,34.42,81.69,97,357,4.23,Debit Card,Tier2
67,47088.63,1,8,46,47.59,79.72,111,362,6.59,UPI,Tier3
33,39365.56,23,9,48,,77.59,85,9804,8.72,Credit Card,Tier2
36,32873.35,24,7,22,44.15,24.05,35,4640,6.07,Debit Card,Tier3
68,69134.72,47,9,41,48.71,21.84,94,1412,5.96,UPI,Tier3
35,77594.37,89,5,58,53.74,88.75,40,251,5.47,Debit Card,Tier3
69,79321.24,7,6,33,,86.73,30,6403,9.64,Cash,Tier1
33,62404.42,38,13,35,48.84,36.77,90,8538,1.18,Cash,Tier3
25,39546.08,47,10,56,38.75,57.7,48,1698,1.96,Debit Card,Tier2
50,49994.35,35,10,63,34.75,71.56,95,3314,4.77,Cash,Tier3
66,,78,10,62,33.14,93.37,87,4804,8.56,Credit Card,Tier2
29,54338.17,62,6,78,41.78,5.98,34,9650,9.38,UPI,Tier1
28,68155.19,73,10,21,56.83,57.15,47,8570,9.52,UPI,Tier2
22,41335.69,3,8,5,38.7,91.69,25,2039,3.13,Credit Card,Tier3
44,72404.83,20,10,73,61.67,26.17,74,5206,4.78,Debit Card,Tier3
29,54930.94,97,6,71,36.1,7.6,61,1898,7.01,UPI,Tier3
34,88027.68,44,10,49,36.41,12.39,12,346,8.63,Credit Card,Tier1
23,82018.27,32,5,34,16.99,9.5,71,9748,7.04,Cash,Tier2
50,54094.47,26,5,76,27.01,7.41,93,3674,9.11,Cash,Tier2
22,62213.39,48,13,7,32.94,16.95,31,4133,2.92,Debit Card,Tier2
45,52875.44,5,10,77,24.74,67.83,34,9119,5.96,UPI,Tier1
31,33772.47,59,5,69,47.87,2.53,108,1002,5.47,UPI,Tier1
22,46136.27,61,9,8,45.51,31.91,80,3611,8.72,Credit Card,Tier3
50,69360.78,49,6,19,31.2,48.07,83,7887,2.1,Debit Card,Tier1
67,72155.71,30,6,74,30.84,18.11,13,512,6.36,Cash,Tier3
65,68268.05,17,4,39,52.9,12.77,25,9969,7.08,UPI,Tier1
58,58361.87,70,9,31,48.66,5.9,32,5899,2.41,Credit Card,Tier1
36,85527.47,58,12,45,45.54,99.86,25,2137,7.86,UPI,Tier1
39,66397.92,63,8,26,38.67,14.75,74,8933,6.51,Debit Card,Tier2
22,80471.58,61,6,44,61.39,68.26,47,6420,2.62,Cash,Tier3
19,25976.95,63,5,62,35.79,66.78,52,6605,9.14,Debit Card,Tier3
47,10000.0,15,5,41,38.55,60.34,82,2116,8.63,Credit Card,Tier3
64,71243.34,1,7,62,25.51,76.95,102,7696,1.41,UPI,Tier3
56,33655.16,13,5,47,61.59,36.23,105,7460,2.87,Credit Card,Tier2
21,60326.06,48,8,49,60.27,58.43,58,356,4.43,Credit Card,Tier1
50,58353.87,34,10,16,49.98,16.77,23,6462,5.81,UPI,Tier1
30,99922.81,30,10,73,52.76,37.55,34,1974,6.01,Debit Card,Tier1
37,73799.92,19,5,73,28.13,97.41,48,103,2.29,UPI,Tier1
24,68648.9,64,13,63,,62.83,2,2780,2.0,Debit Card,Tier2
32,,66,6,54,44.32,17.33,28,8805,9.39,Cash,Tier1
40,73106.95,57,11,30,79.74,92.25,59,6492,7.64,Credit Card,Tier2
31,54931.11,44,8,14,42.56,42.15,109,4330,2.11,UPI,Tier2
40,88572.47,12,8,53,22.33,36.0,8,6607,9.0,Debit Card,Tier2
36,40585.5,40,12,7,88.55,41.6,37,6901,3.32,Debit Card,Tier2
46,72111.44,24,8,68,56.9,47.13,5,5194,4.46,Cash,Tier2
37,30953.46,11,5,75,39.53,34.77,29,8043,6.78,Cash,Tier2
46,69486.76,66,3,10,35.08,18.41,18,9909,6.83,Debit Card,Tier2
41,69245.77,1,11,59,45.78,14.69,101,5821,5.59,Cash,Tier1
35,101882.01,58,10,70,23.5,53.1,50,4910,2.2,Cash,Tier3
27,30570.57,28,5,62,54.35,23.48,59,4765,3.77,Debit Card,Tier2
58,51780.48,68,9,59,37.55,88.73,115,161,5.33,UPI,Tier2
25,83099.01,94,9,6,62.67,90.86,116,8293,9.23,UPI,Tier1
43,,59,12,35,48.83,33.38,53,7553,4.17,UPI,Tier2
46,68966.71,71,10,47,,,19,7743,8.18,UPI,Tier1
27,43965.01,22,10,69,27.41,77.53,53,1904,1.08,Credit Card,Tier2
34,52002.0,90,13,79,29.47,10.09,83,8690,3.84,Debit Card,Tier3
19,92390.9,29,13,59,4.12,88.8,67,6818,3.26,Cash,Tier3
23,63866.8,89,6,69,34.22,38.79,49,1662,8.74,Cash,Tier2
22,73257.91,74,6,29,59.02,23.44,6,1722,2.82,UPI,Tier3
45,62465.86,84,4,71,59.19,85.34,91,7780,9.07,UPI,Tier3
58,38972.12,78,11,43,45.51,64.33,8,2986,5.73,UPI,Tier3
22,,97,7,45,66.98,2.56,10,2027,8.4,Credit Card,Tier1
35,76071.11,69,5,54,36.63,96.97,37,3000,4.13,UPI,Tier3
43,115724.01,45,6,61,31.77,98.02,9,6429,3.81,UPI,Tier3
37,42657.21,70,10,66,,84.4,83,9740,2.05,Debit Card,Tier3
58,83096.6,86,3,23,76.76,83.28,49,5986,6.68,UPI,Tier1
66,36146.03,17,7,56,30.44,11.1,97,8632,2.41,Credit Card,Tier1
44,68461.62,79,10,52,33.8,9.78,61,6621,6.86,Cash,Tier3
66,86483.14,39,14,32,55.14,6.09,99,6774,1.6,Cash,Tier2
29,19413.03,40,7,46,43.6,,95,7249,2.31,Credit Card,Tier2
24,60491.49,28,10,39,16.07,21.31,109,4809,9.63,UPI,Tier3
20,52609.39,2,8,63,53.92,32.11,80,7334,7.63,Cash,Tier1
27,49556.94,82,5,40,39.24,65.73,62,8486,2.02,UPI,Tier2
51,73474.68,27,12,12,58.99,26.79,14,2831,4.5,Debit Card,Tier2
42,89655.09,21,7,5,25.46,48.57,84,5311,2.23,Cash,Tier1
52,62067.87,87,6,67,43.17,68.1,34,4299,5.34,Cash,Tier2
33,69520.7,7,6,39,31.06,15.34,60,6463,9.43,Credit Card,Tier1
19,67514.79,61,10,13,44.29,99.14,55,3485,3.97,Cash,Tier1
41,65039.68,52,7,10,35.67,86.82,48,4061,7.9,Credit Card,Tier1
27,41034.46,48,9,45,40.81,73.6,101,6610,2.07,Credit Card,Tier1
55,89385.78,19,9,28,45.3,98.88,8,9741,4.09,Credit Card,Tier2
39,71494.3,73,8,64,35.63,8.48,5,5679,3.61,UPI,Tier3
43,73687.39,12,14,8,58.84,5.23,118,6409,2.68,Credit Card,Tier1
60,47256.79,94,6,76,45.37,25.68,71,604,3.57,Cash,Tier3
56,54897.15,71,4,18,29.46,33.61,65,9364,8.1,Debit Card,Tier3
44,61125.05,2,5,35,49.62,66.52,16,597,6.0,Credit Card,Tier3
46,31249.26,17,8,43,48.36,99.75,26,8046,7.76,Debit Card,Tier2
64,27863.24,75,12,23,51.11,90.82,73,5659,5.05,Cash,Tier2
55,51783.55,76,8,29,66.38,65.06,29,986,4.06,Credit Card,Tier1
37,76495.46,3,4,32,43.62,20.6,27,2788,8.28,Cash,Tier2
44,50630.98,21,7,68,,55.58,42,4447,7.22,UPI,Tier2
58,42586.29,78,6,28,28.66,75.25,88,8103,5.4,UPI,Tier1
37,47076.92,79,8,44,56.29,79.17,46,2961,8.36,Credit Card,Tier2
61,54982.47,51,7,64,20.64,98.97,74,2325,1.87,Cash,Tier3
36,57215.1,10,4,19,18.26,6.54,7,3933,2.42,Credit Card,Tier1
37,112641.47,55,3,58,21.2,94.24,92,2947,7.36,Debit Card,Tier2
52,88201.65,36,14,62,17.61,16.53,20,3944,5.11,UPI,Tier2
64,87545.03,51,7,9,75.0,63.53,44,1824,9.19,UPI,Tier1
19,90708.77,74,5,43,44.11,67.14,113,5095,7.44,Credit Card,Tier3
47,43025.94,17,6,67,28.07,27.17,98,3152,1.02,Debit Card,Tier1
51,38107.98,89,6,76,36.74,15.68,93,7566,8.27,Credit Card,Tier3
39,40648.85,61,5,5,66.76,31.14,113,6675,5.94,Debit Card,Tier3
20,94359.13,91,4,24,43.16,29.62,54,3140,6.86,Credit Card,Tier2
23,52961.78,97,8,73,51.55,79.2,116,290,9.62,Cash,Tier2
32,37470.16,75,8,53,34.47,21.08,41,4075,9.51,Cash,Tier3
44,55518.08,13,5,22,15.05,,2,3672,4.46,UPI,Tier1
27,59750.68,65,8,27,42.87,14.93,66,6916,4.04,Cash,Tier3
26,70905.09,95,11,22,42.45,40.26,118,7125,3.5,Cash,Tier3
50,70520.92,97,5,64,69.65,16.93,60,2807,5.93,Cash,Tier3
49,,85,6,47,24.54,92.75,17,5445,5.67,Credit Card,Tier2
65,80084.44,80,11,76,46.39,80.5,94,3244,7.88,Cash,Tier3
23,50937.74,87,12,58,52.78,1.76,74,8563,6.21,Cash,Tier2
58,61561.92,74,7,55,49.15,35.8,32,2390,7.72,Debit Card,Tier2
53,80109.03,48,9,64,42.28,34.88,51,1883,2.23,Credit Card,Tier3
19,50879.93,97,9,28,39.27,47.78,61,5165,5.47,Credit Card,Tier3
46,52474.27,86,11,54,41.26,21.78,71,4567,4.62,Credit Card,Tier1
21,78016.7,70,8,41,34.84,,22,7935,3.49,Credit Card,Tier3
18,46129.87,47,9,61,36.55,31.93,81,6933,8.1,Credit Card,Tier3
36,56534.58,10,8,34,,41.39,15,942,8.71,UPI,Tier2
43,77226.33,57,8,52,55.64,41.54,38,190,4.65,Cash,Tier1
42,110190.03,80,8,25,17.17,79.86,58,5209,7.04,Credit Card,Tier2
27,78318.9,13,6,19,53.82,60.77,60,923,2.67,Debit Card,Tier3
32,75398.07,61,4,75,,33.58,79,9273,6.1,Debit Card,Tier3
39,76677.63,58,7,36,46.68,81.61,91,765,4.49,Credit Card,Tier1
68,41389.81,84,16,51,11.34,26.61,109,2177,6.39,Debit Card,Tier1
65,67543.13,68,8,46,60.98,17.7,46,1937,1.17,Credit Card,Tier1
38,64345.14,84,7,9,51.57,10.33,1,9050,4.55,Cash,Tier1
39,,86,4,25,46.02,68.01,43,6968,5.71,Debit Card,Tier1
53,67563.18,29,6,77,38.02,28.12,30,849,9.76,Debit Card,Tier2
51,73353.39,16,10,29,20.61,41.01,45,8623,9.83,Cash,Tier2
47,58147.72,63,10,42,48.97,91.86,9,9522,5.54,Credit Card,Tier1
42,66289.4,47,13,29,41.35,46.24,104,7989,2.61,Debit Card,Tier1
62,37987.77,43,12,49,32.47,23.07,55,4544,3.73,UPI,Tier3
45,57962.04,23,7,50,54.74,72.34,24,9981,4.2,Cash,Tier1
18,95598.34,30,8,69,61.14,74.88,109,3577,3.03,Debit Card,Tier2
66,72013.78,57,2,68,40.97,99.04,41,4734,7.72,Cash,Tier2
62,64539.74,30,10,68,28.54,11.54,8,1376,1.5,UPI,Tier3
21,106714.71,67,16,38,54.83,27.93,102,3488,5.07,Debit Card,Tier2
24,35061.63,56,11,72,32.37,20.19,11,4597,9.4,Debit Card,Tier1
66,40591.98,24,10,55,30.4,55.58,29,1004,7.95,Credit Card,Tier3
26,102679.65,77,16,21,49.49,,113,2184,3.09,Debit Card,Tier1
53,66011.14,96,8,19,53.61,56.55,26,8309,1.53,UPI,Tier2
36,59663.17,76,10,71,67.26,24.78,71,1110,7.97,Debit Card,Tier3
18,38617.5,8,4,61,33.85,39.61,40,4481,2.1,UPI,Tier3
27,,88,7,73,,77.31,10,1649,1.03,Debit Card,Tier1
53,76978.12,44,7,14,43.27,50.96,91,7477,1.37,Debit Card,Tier1
26,,80,5,22,25.72,20.89,68,1412,6.56,Credit Card,Tier3
62,61913.94,96,6,12,46.84,69.64,35,1685,2.16,Credit Card,Tier2
63,57618.65,34,12,68,40.83,69.78,54,6131,2.85,Debit Card,Tier2
59,70631.5,35,10,20,25.55,96.06,104,2282,1.36,UPI,Tier2
49,40376.49,96,7,76,52.28,85.37,101,4322,5.87,Credit Card,Tier1
49,92542.84,50,7,75,50.84,84.77,24,8478,1.77,Credit Card,Tier2
23,85148.12,17,12,8,63.57,90.2,60,5706,3.1,Cash,Tier2
65,57010.14,2,9,24,43.19,62.49,58,7782,5.31,Debit Card,Tier1
55,60238.79,90,7,34,26.05,47.78,26,3613,1.17,Cash,Tier3
34,61998.71,54,2,36,70.36,4.79,59,8086,5.63,Credit Card,Tier3
27,47877.21,44,8,29,66.11,39.47,110,8729,2.48,Debit Card,Tier1
67,55244.55,81,5,53,33.51,50.0,27,2340,6.45,Debit Card,Tier3
44,59054.05,49,9,6,27.12,94.35,106,3728,3.32,UPI,Tier3
67,100483.1,2,8,64,40.93,54.35,59,260,8.34,Debit Card,Tier3
52,85825.6,72,4,71,34.36,59.51,30,6603,7.15,UPI,Tier1
69,85562.4,70,3,35,27.39,63.31,32,864,6.05,UPI,Tier2
38,73138.36,9,4,52,19.3,92.14,113,3995,6.74,Credit Card,Tier2
42,40418.81,1,6,70,25.2,39.43,59,7678,9.99,Debit Card,Tier3
45,64087.2,69,8,52,0.84,91.49,26,4648,4.61,Debit Card,Tier2
64,,9,7,34,,58.12,93,1043,4.12,Cash,Tier2
32,37318.18,14,6,21,38.01,5.58,42,9728,6.05,Cash,Tier2
21,79004.17,27,4,23,52.57,40.35,84,7487,1.66,Debit Card,Tier1
46,116097.4,9,4,75,36.78,8.7,24,3374,1.64,Credit Card,Tier2
26,88359.97,36,6,50,44.04,21.01,115,3457,6.49,Cash,Tier2
44,96108.64,93,7,42,37.0,36.18,101,1211,7.55,Cash,Tier3
43,69803.45,84,4,64,45.0,96.16,34,4888,7.73,Credit Card,Tier3
36,86294.5,79,6,60,56.76,58.76,1,3389,7.07,Debit Card,Tier1
45,49207.23,3,7,32,44.03,98.33,81,2469,7.74,UPI,Tier3
34,,23,8,11,33.87,30.67,96,858,4.24,UPI,Tier1
60,79396.54,73,5,54,45.92,66.86,50,6373,7.94,Debit Card,Tier3
58,71378.05,30,8,43,38.74,54.74,22,5341,3.0,Debit Card,Tier3
59,93952.16,19,6,47,41.42,39.09,87,3178,3.85,Debit Card,Tier2
67,53146.73,67,8,39,35.88,90.81,115,926,1.32,Credit Card,Tier1
37,,50,6,12,55.88,47.02,25,2865,8.97,Cash,Tier2
62,67100.16,48,8,59,67.45,,102,6698,7.21,Debit Card,Tier2
57,42348.56,3,6,72,36.99,24.16,95,1799,9.32,Credit Card,Tier1
56,69992.5,98,6,21,41.42,74.25,81,9238,3.91,Cash,Tier1
66,27183.53,66,4,25,47.52,61.24,86,4163,8.9,Credit Card,Tier1
40,88033.0,27,4,27,55.61,24.22,79,9583,6.03,UPI,Tier3
64,66026.02,87,4,71,49.13,82.06,29,6750,8.2,Cash,Tier1
49,53540.36,96,6,35,52.33,94.86,111,2406,5.69,Credit Card,Tier3
69,46643.78,99,7,48,56.82,68.91,81,1207,1.18,UPI,Tier1
64,59839.26,40,9,76,42.13,42.19,71,7340,5.46,Cash,Tier1
50,80141.71,18,1,31,52.19,79.16,64,3279,7.85,Credit Card,Tier1
63,77050.26,27,6,53,47.64,55.42,51,6053,9.73,Debit Card,Tier3
22,,11,12,29,37.78,2.79,26,3004,6.53,Debit Card,Tier2
60,46387.13,39,5,69,60.22,65.46,89,335,7.36,UPI,Tier2
65,79451.77,19,3,64,42.32,75.99,49,1948,9.16,Debit Card,Tier1
51,49108.36,89,5,46,32.63,28.93,107,8998,7.94,Credit Card,Tier3
57,66318.02,7,8,35,52.99,29.76,36,4648,8.52,Credit Card,Tier2
28,67722.6,95,6,47,53.88,32.9,70,2228,7.49,UPI,Tier3
67,71865.37,57,9,32,43.68,67.91,39,3003,5.87,Cash,Tier2
20,83881.95,2,8,35,,22.32,41,1174,7.37,Cash,Tier1
50,37214.82,38,6,79,21.24,70.96,4,3818,2.25,UPI,Tier2
28,22954.49,5,9,59,,,14,6258,2.0,Cash,Tier3
33,52516.16,78,7,17,46.09,51.42,86,880,4.51,Credit Card,Tier3
35,104633.62,82,8,13,30.78,75.54,86,2926,2.17,Cash,Tier2
47,109487.83,36,5,47,82.46,66.77,117,9251,4.69,Credit Card,Tier2
65,105285.9,68,9,52,41.01,62.32,46,2027,9.14,Debit Card,Tier3
27,60754.41,88,9,53,25.03,73.26,25,388,8.06,Credit Card,Tier3
35,25793.47,77,10,43,52.0,12.16,53,1534,3.49,Cash,Tier3
55,13453.14,85,7,8,65.47,52.94,115,9747,9.36,Debit Card,Tier3
36,51491.16,57,11,17,63.01,82.37,31,1671,1.63,UPI,Tier1
53,60642.38,97,7,48,55.04,43.83,112,9592,5.63,Debit Card,Tier3
30,93613.76,20,12,5,60.45,,106,6739,2.46,UPI,Tier3
63,336366.88,5,35,48,30.51,9.21,5,3911,4.01,Debit Card,Tier2
20,70002.91,24,6,57,85.28,84.41,41,4853,4.42,UPI,Tier1
27,45423.42,99,5,20,45.65,93.9,63,9585,4.84,Credit Card,Tier3
55,43862.85,30,8,14,44.86,62.7,28,8637,7.19,Cash,Tier1
18,70590.81,28,7,70,47.97,0.77,73,7881,6.95,UPI,Tier3
44,80335.12,53,5,79,42.22,4.65,45,5059,5.8,Cash,Tier2
63,73621.39,51,6,7,61.19,17.2,48,3282,3.42,Debit Card,Tier1
25,42238.84,7,5,76,45.97,1.11,89,7768,4.21,Cash,Tier3
68,79314.69,42,12,51,33.37,51.9,63,4263,2.72,Debit Card,Tier2
63,74370.04,35,13,13,10.59,27.77,31,2284,1.58,Cash,Tier1
59,41445.34,94,9,50,25.72,18.58,64,7788,4.18,Debit Card,Tier1
34,47744.94,34,6,31,49.64,,66,5780,6.11,UPI,Tier1
26,,73,9,55,45.64,16.2,78,2325,5.72,UPI,Tier3
23,59840.83,76,5,67,45.07,58.86,60,5333,6.83,Credit Card,Tier2
60,99961.24,54,6,63,48.35,7.73,101,4350,3.46,Debit Card,Tier1
42,76024.84,29,8,42,46.04,,9,3500,5.18,Credit Card,Tier3
56,54294.11,10,5,54,71.61,9.02,94,2432,9.69,UPI,Tier3
66,64775.48,27,9,64,30.26,89.79,85,6597,4.16,UPI,Tier1
45,66394.43,83,13,74,53.11,31.44,92,656,4.94,Credit Card,Tier2
50,48975.41,13,11,48,87.8,75.44,98,309,1.76,Credit Card,Tier1
54,44923.06,42,8,38,50.05,12.9,42,4884,2.27,Debit Card,Tier1
26,80430.58,37,6,75,47.16,77.45,35,4852,6.78,Cash,Tier3
35,83596.01,61,9,56,72.15,48.46,104,2594,9.56,UPI,Tier1
38,78283.19,96,6,14,61.39,74.52,74,7467,9.39,Credit Card,Tier3
19,98337.0,79,13,51,46.22,,100,142,6.03,Credit Card,Tier3
60,53080.99,21,9,64,26.23,17.19,77,4053,5.36,Credit Card,Tier3
55,101833.96,3,7,20,41.31,12.97,98,1750,9.74,UPI,Tier1
57,45179.74,8,6,38,57.74,22.17,26,6435,6.0,UPI,Tier3
53,42720.92,70,7,32,51.34,46.46,82,4156,9.39,Debit Card,Tier2
67,26280.9,93,3,11,43.11,49.4,73,9350,8.41,UPI,Tier3
60,55192.5,83,14,77,59.83,49.0,90,5432,5.66,UPI,Tier3
54,53918.11,17,8,61,46.01,60.19,2,4080,3.08,Debit Card,Tier2
32,76570.62,10,4,30,29.81,11.92,48,9995,5.6,UPI,Tier2
45,70365.6,97,5,78,30.0,85.76,48,1716,7.6,Debit Card,Tier1
35,38754.59,13,7,54,49.77,86.37,74,1680,7.64,Credit Card,Tier3
51,56360.02,91,8,44,61.78,62.08,69,6789,8.62,UPI,Tier1
39,56827.84,12,4,33,29.36,82.06,92,368,5.22,UPI,Tier2
28,,66,7,18,45.61,19.77,80,242,5.51,Cash,Tier1
30,43419.17,74,8,18,45.21,49.77,95,6197,1.29,Debit Card,Tier2
21,48042.1,85,7,65,67.4,13.21,105,4078,4.82,UPI,Tier3
39,96539.75,23,5,42,30.92,56.43,103,3215,8.31,Credit Card,Tier1
24,69211.92,65,9,12,44.18,98.33,24,9575,6.52,Debit Card,Tier3
60,79567.71,97,5,78,35.17,19.3,50,7812,1.31,Credit Card,Tier2
41,32030.02,52,9,33,36.32,19.18,53,3730,3.36,Credit Card,Tier1
21,91272.72,61,3,43,44.3,81.28,74,5723,7.03,Debit Card,Tier1
45,93624.25,26,12,40,70.86,40.39,58,2370,7.23,Credit Card,Tier1
32,21036.41,15,7,56,54.7,26.65,101,4283,7.29,Credit Card,Tier1
18,49483.03,22,12,53,19.47,20.55,45,4395,4.43,Credit Card,Tier2
20,75906.84,89,8,64,41.09,57.14,24,9624,6.35,Debit Card,Tier2
31,79176.55,65,5,22,41.1,52.66,37,2756,5.86,Cash,Tier3
55,50073.12,26,17,35,67.49,,112,8564,8.69,Debit Card,Tier1
67,58279.01,21,6,64,38.99,47.64,110,3493,2.2,Debit Card,Tier3
18,51857.62,24,8,18,37.37,58.63,26,2304,2.74,Credit Card,Tier2
55,67429.2,16,3,49,32.99,48.25,20,9384,9.2,Cash,Tier1
55,91337.93,32,8,44,61.48,85.46,13,6987,3.73,Cash,Tier1
38,48037.07,16,6,66,37.85,12.2,86,7512,8.02,Credit Card,Tier1
65,87018.05,77,7,73,62.81,43.37,21,9239,9.19,Cash,Tier2
46,47803.21,42,5,75,60.71,86.82,94,1104,5.25,UPI,Tier3
22,,32,5,5,36.6,3.86,109,3317,4.51,UPI,Tier1
66,83009.08,50,11,36,30.32,75.36,68,8878,4.41,Debit Card,Tier1
27,85282.6,41,9,71,31.2,26.06,8,9215,5.59,Debit Card,Tier3
45,83731.02,24,7,59,50.69,77.72,86,3965,3.95,UPI,Tier3
38,36052.46,13,13,19,59.08,59.19,111,3095,8.95,Cash,Tier2
67,54749.08,75,7,65,56.48,40.57,113,6947,5.33,Debit Card,Tier3
24,83105.75,79,7,60,43.43,78.43,57,8671,1.22,Cash,Tier3
20,65913.92,10,6,43,19.88,24.07,113,9465,3.92,Debit Card,Tier1
62,41378.76,42,4,26,33.53,40.44,77,9167,3.98,UPI,Tier3
64,75082.99,41,8,23,49.06,12.55,100,2344,7.86,UPI,Tier3
37,49274.24,3,4,65,24.61,18.15,33,6801,8.13,Cash,Tier1
36,104479.55,55,5,54,40.82,50.91,78,6097,8.77,Cash,Tier2
52,98986.51,16,8,22,54.96,24.35,90,4293,9.29,Cash,Tier3
21,78290.14,44,4,65,43.31,,75,9104,8.43,UPI,Tier3
22,94942.15,81,6,49,43.96,43.46,71,3281,3.53,UPI,Tier1
18,66425.41,89,6,15,,17.45,75,6872,4.33,Credit Card,Tier3
21,81839.62,30,7,17,23.93,88.08,3,9047,6.08,UPI,Tier2
29,97509.85,99,4,43,48.22,88.76,82,7838,1.62,Debit Card,Tier2
44,70400.97,37,9,70,,90.78,68,6790,7.86,Cash,Tier1
59,59385.88,60,8,49,28.2,96.15,10,1329,5.3,Credit Card,Tier3
40,27498.32,77,15,39,58.72,24.69,95,9376,9.33,Cash,Tier2
42,63171.06,24,7,37,40.06,56.6,12,7881,7.36,Debit Card,Tier1
38,83115.31,26,5,35,51.33,29.59,52,9196,7.42,Credit Card,Tier2
69,85803.94,58,2,78,50.96,17.48,34,7240,2.63,Debit Card,Tier1
41,76096.03,9,6,22,59.69,27.2,21,783,9.62,UPI,Tier2
42,53091.42,61,11,69,39.95,32.41,16,4239,9.74,UPI,Tier2
62,21509.93,19,7,53,63.53,45.98,28,6689,6.31,Credit Card,Tier2
63,54105.27,28,6,19,25.96,14.91,62,8082,2.83,Credit Card,Tier1
49,58304.41,7,8,68,60.14,7.47,29,8606,1.74,UPI,Tier3
49,58115.56,45,11,11,37.17,38.92,37,6404,8.0,Debit Card,Tier1
22,78608.24,86,7,61,53.73,57.01,102,2723,6.68,Debit Card,Tier1
53,,94,7,53,41.71,81.37,70,6724,2.42,Debit Card,Tier3
63,67717.64,63,1,25,52.73,49.71,59,9342,8.25,Credit Card,Tier3
59,60231.9,37,12,44,59.33,69.75,27,370,2.58,Credit Card,Tier2
66,59297.12,16,6,16,50.5,86.21,84,1793,2.71,UPI,Tier2
59,67736.46,5,7,26,37.55,67.64,22,422,6.11,Credit Card,Tier1
56,46777.54,29,4,13,52.48,18.02,2,2757,5.49,Debit Card,Tier2
33,67644.37,52,9,79,50.45,64.1,18,1889,6.63,Credit Card,Tier1
50,74917.87,23,10,35,42.27,98.03,85,732,5.72,Credit Card,Tier2
66,69613.09,6,5,7,11.08,,6,115,8.48,Cash,Tier1
38,75065.92,36,7,47,49.43,54.68,23,6588,1.04,Cash,Tier1
26,74542.45,57,4,52,33.63,88.64,98,1902,4.53,UPI,Tier3
23,26018.27,33,9,27,50.0,5.37,14,3132,8.38,Cash,Tier1
68,79011.14,49,11,65,67.62,77.98,59,806,5.93,Credit Card,Tier1
62,50237.67,41,5,19,70.91,63.54,68,8413,9.9,Debit Card,Tier2
52,40891.54,80,7,50,43.4,18.1,80,4855,9.82,Debit Card,Tier3
56,40702.06,55,6,60,62.91,78.05,103,1874,9.63,Debit Card,Tier1
39,74537.92,98,7,18,52.77,93.47,21,5035,9.82,Debit Card,Tier3
58,60103.35,26,13,52,59.71,75.5,83,8273,5.83,Debit Card,Tier2
22,27996.69,37,2,49,29.81,70.06,93,9482,5.53,UPI,Tier2
59,75516.83,77,10,28,51.73,74.95,25,3930,5.64,UPI,Tier1
40,33328.62,17,8,57,38.78,11.22,113,1816,1.06,Cash,Tier1
34,68076.07,96,7,23,56.88,89.27,40,8875,2.94,Debit Card,Tier2
29,70246.98,32,5,11,62.35,62.58,83,779,2.67,Credit Card,Tier3
40,84482.7,28,12,66,29.36,,62,7451,2.19,Credit Card,Tier2
33,104197.07,93,7,51,31.58,7.4,77,6942,3.22,Cash,Tier3
20,34977.12,25,9,54,43.05,76.11,22,5676,9.9,Credit Card,Tier2
47,63845.58,47,10,67,59.96,65.65,102,7468,1.03,Credit Card,Tier2
39,58920.62,22,12,54,39.57,66.45,28,5270,5.3,Credit Card,Tier2
26,74542.49,91,10,79,,46.2,118,8895,8.51,Credit Card,Tier3
46,69744.71,61,6,29,26.98,86.08,9,5878,4.32,Debit Card,Tier3
64,57243.98,44,7,43,48.23,90.21,17,7571,3.76,Credit Card,Tier3
54,55300.15,20,9,16,21.37,56.32,34,8447,5.1,Debit Card,Tier1
40,40438.08,50,9,59,47.61,79.08,5,8733,8.26,Cash,Tier1
30,86732.95,88,10,78,65.12,78.85,7,5743,3.46,UPI,Tier3
49,75102.49,47,10,27,70.08,67.95,31,8290,8.94,Credit Card,Tier1
63,85190.9,47,11,79,28.96,39.1,105,2209,3.38,Cash,Tier2
69,58171.28,72,7,63,38.34,39.16,118,5234,4.43,UPI,Tier1
64,,51,5,36,,21.5,93,2022,4.54,Cash,Tier1
65,41277.07,55,9,21,47.02,3.63,71,9451,6.94,Credit Card,Tier2
40,,78,5,32,53.47,36.39,72,7641,2.09,Debit Card,Tier2
62,42124.55,39,5,47,70.53,65.95,50,2662,3.44,Credit Card,Tier1
34,105670.59,14,3,53,56.48,40.48,34,7809,2.11,Debit Card,Tier1
57,36231.86,69,11,48,47.36,62.77,103,6724,2.25,Credit Card,Tier3
38,71020.52,47,10,61,68.61,82.56,81,9607,4.97,Cash,Tier2
19,,21,11,18,32.4,55.08,112,4614,6.56,UPI,Tier3
54,78179.97,15,10,31,39.8,40.32,112,7475,6.35,Debit Card,Tier2
23,68864.82,97,4,11,74.31,3.57,4,7853,7.7,Debit Card,Tier2
61,43693.36,81,7,60,23.26,38.66,46,1551,6.85,Debit Card,Tier2
35,34601.08,84,10,51,47.99,61.39,24,8164,8.14,Credit Card,Tier3
47,81941.1,1,8,16,46.31,87.13,58,3715,9.04,Cash,Tier3
39,98135.24,80,9,6,53.78,28.8,31,1291,6.32,UPI,Tier1
50,55345.3,82,9,76,,36.67,12,5865,9.68,Credit Card,Tier2
47,39940.65,10,7,60,18.51,39.64,57,4648,3.27,Debit Card,Tier1
34,10920.27,23,8,20,52.1,78.36,88,9292,7.81,Debit Card,Tier3
60,43423.17,18,7,29,50.94,70.33,52,325,7.12,UPI,Tier3
49,62499.55,58,5,7,29.8,9.8,59,9801,6.37,Debit Card,Tier2
59,100180.71,73,9,49,66.34,30.24,73,6403,2.08,Debit Card,Tier3
68,79808.94,94,8,54,74.37,90.03,5,2145,4.49,Cash,Tier2
31,71711.88,77,11,9,33.67,72.44,97,5700,6.67,UPI,Tier1
27,56197.37,52,4,37,,83.13,113,3102,8.15,Debit Card,Tier3
64,52170.35,95,8,69,50.72,63.6,33,2139,1.17,Debit Card,Tier3
68,95924.25,46,8,36,44.49,82.44,105,3084,2.96,Cash,Tier1
53,69416.25,13,10,33,,74.47,112,7388,9.15,Debit Card,Tier3
51,18742.78,96,5,27,21.95,75.97,55,6966,1.3,Debit Card,Tier3
26,50182.13,17,6,78,58.35,47.51,45,7346,2.14,UPI,Tier3
59,46119.25,67,14,16,41.11,,85,3821,7.96,UPI,Tier1
45,52982.19,61,8,64,79.47,66.78,69,141,6.25,Debit Card,Tier1
28,77384.03,65,7,51,14.77,12.44,7,8246,9.7,Debit Card,Tier2
31,62636.21,53,10,77,52.49,90.52,105,6216,9.29,Credit Card,Tier2
56,63308.96,5,5,79,28.04,30.6,92,5413,7.31,UPI,Tier3
64,93896.41,32,9,15,41.05,27.14,72,558,2.19,Debit Card,Tier1
36,49677.86,89,11,42,27.93,47.77,36,4941,3.57,UPI,Tier2
32,106012.39,45,5,72,35.52,69.17,14,6424,4.44,Cash,Tier1
45,50231.23,56,5,25,39.85,62.28,4,4648,2.72,Credit Card,Tier1
41,66962.36,5,5,10,51.21,51.49,24,7366,9.14,Cash,Tier1
25,58813.52,87,7,75,51.45,9.59,36,1022,4.15,Cash,Tier2
60,67715.22,76,9,40,32.74,95.41,61,4609,4.96,UPI,Tier3
26,74781.02,34,11,19,,,8,3046,5.68,Debit Card,Tier3
64,74544.38,61,14,13,65.6,43.09,98,8009,9.81,UPI,Tier1
50,48431.42,87,14,51,47.71,84.45,33,4951,5.59,Credit Card,Tier2
50,,80,4,15,62.07,2.04,62,3067,5.06,UPI,Tier3
36,120069.78,62,8,21,60.89,60.4,23,9576,1.08,UPI,Tier3
20,54352.34,69,8,77,42.62,,16,8816,1.78,Debit Card,Tier1
27,80382.67,63,8,38,,14.09,84,6542,7.86,UPI,Tier3
57,29631.89,44,4,50,60.73,45.13,18,9146,3.0,Credit Card,Tier1
64,58848.52,28,5,34,44.76,94.78,100,783,5.88,Credit Card,Tier3
59,62201.61,70,10,16,40.03,88.39,41,9457,1.96,Credit Card,Tier1
18,75401.93,13,9,11,43.18,6.21,20,7539,8.95,Debit Card,Tier1
46,10000.0,43,9,70,27.27,48.51,78,6410,4.34,Credit Card,Tier3
67,68655.09,30,9,25,80.06,,81,9741,1.83,UPI,Tier3
51,39705.69,26,15,54,39.44,71.92,7,755,2.51,Cash,Tier2
68,72135.61,81,8,5,45.66,50.43,81,617,3.58,Credit Card,Tier3
30,42200.76,63,7,53,27.05,,101,1132,2.75,Debit Card,Tier1
18,46179.38,73,7,70,25.33,51.77,1,3199,7.66,Credit Card,Tier2
51,58980.19,57,15,30,53.44,92.0,111,2085,4.76,UPI,Tier2
46,41848.75,64,8,29,32.49,,41,5856,7.3,Cash,Tier1
65,54538.24,80,6,33,57.97,15.24,93,7886,2.1,Credit Card,Tier1
64,38745.73,49,14,56,64.91,74.59,41,2526,4.33,Cash,Tier2
30,24670.25,52,9,68,39.96,41.0,83,3275,6.67,UPI,Tier1
65,87395.06,63,6,32,49.45,61.38,97,1534,2.42,Debit Card,Tier3
66,36486.93,82,5,43,46.26,98.94,80,7986,5.87,Cash,Tier1
46,61069.02,13,11,72,68.22,93.26,103,8204,2.03,UPI,Tier2
56,81563.6,93,13,65,33.5,49.66,68,4697,3.22,Cash,Tier2
41,51471.23,88,13,14,17.59,25.47,35,5717,7.26,UPI,Tier3
43,46846.35,45,7,14,44.01,2.45,5,6416,1.8,Cash,Tier2
34,69977.24,46,9,44,47.24,,16,3440,2.58,Credit Card,Tier2
24,89594.54,77,7,55,40.88,13.92,43,3942,8.6,Cash,Tier1
30,39275.06,89,8,47,48.03,22.52,28,8148,9.49,Cash,Tier3
22,246787.0,41,40,43,27.99,70.92,2,8558,9.98,Debit Card,Tier2
43,26885.12,46,8,17,,14.14,98,2166,7.97,Cash,Tier1
66,56349.58,1,7,46,46.45,97.94,116,1113,6.46,Credit Card,Tier3
20,65752.5,73,5,30,51.02,15.4,14,7854,4.43,Cash,Tier2
24,46198.26,68,7,63,67.38,89.57,28,2481,6.35,Credit Card,Tier1
66,54946.18,92,4,62,17.35,34.03,87,554,3.01,Credit Card,Tier1
56,34019.01,12,7,35,34.64,62.15,53,1091,6.13,Cash,Tier3
18,66695.73,88,7,31,52.98,53.32,64,1235,2.72,Cash,Tier2
66,88225.27,73,10,66,52.8,4.96,64,9857,3.11,UPI,Tier1
34,40862.83,35,6,61,56.95,77.54,39,6607,8.36,UPI,Tier2
60,51301.22,99,9,8,55.85,16.98,45,2003,4.45,Credit Card,Tier1
42,76056.02,33,8,56,33.69,20.23,53,8868,3.48,Credit Card,Tier1
20,91666.0,58,7,43,45.72,51.79,81,5098,8.85,Credit Card,Tier1
32,32149.82,35,7,5,45.76,2.19,81,4199,8.91,Credit Card,Tier3
46,61286.74,46,11,20,33.23,70.29,14,2712,3.6,Credit Card,Tier3
60,71228.88,84,13,49,58.97,22.79,39,7631,1.34,Credit Card,Tier3
49,62754.76,66,8,38,14.84,52.71,26,431,2.95,Cash,Tier3
43,10510.57,44,9,26,31.1,16.68,96,5961,3.03,UPI,Tier2
33,76023.98,26,5,7,55.71,69.63,56,1838,5.41,Debit Card,Tier3
42,393701.6,42,45,42,30.53,1.48,30,1365,5.29,Credit Card,Tier3
45,67566.56,77,4,6,58.16,33.42,56,7312,4.92,Cash,Tier1
26,169262.68,30,35,58,31.55,48.18,44,7618,1.64,Credit Card,Tier3
18,53711.2,32,12,44,48.9,16.92,55,3411,7.06,Debit Card,Tier3
46,103938.09,36,6,77,,0.09,36,8504,2.15,UPI,Tier2
39,85019.18,19,10,46,34.65,89.76,13,5378,7.73,UPI,Tier1
33,,22,12,62,50.17,83.92,42,2515,2.48,Credit Card,Tier2
58,72841.08,65,7,39,35.4,4.9,77,2707,6.27,Debit Card,Tier2
68,50454.98,57,3,53,22.22,75.98,90,9089,8.57,UPI,Tier3
61,60587.43,11,11,65,64.69,25.4,94,8236,2.79,Debit Card,Tier3
68,63285.7,26,5,46,10.52,3.27,101,5972,7.81,Credit Card,Tier3
58,77090.63,48,10,31,53.19,52.96,111,9156,3.29,UPI,Tier2
24,98196.22,19,11,24,42.0,,34,8603,6.95,Cash,Tier1
31,89603.44,83,14,25,57.7,,53,9077,9.41,Cash,Tier2
46,33773.54,12,11,10,24.35,17.7,2,207,3.77,Credit Card,Tier2
36,69927.89,67,12,26,58.2,91.57,111,3563,8.41,Cash,Tier1
36,81208.79,56,6,33,12.99,16.67,26,4889,2.17,Cash,Tier2
19,78614.93,18,10,44,46.1,1.03,28,4637,7.29,Credit Card,Tier1
58,51156.86,5,9,31,25.26,85.82,59,2617,3.09,Cash,Tier1
62,129110.4,24,8,19,28.19,4.59,45,3719,3.78,Cash,Tier1
32,36904.14,78,15,54,46.19,28.5,65,3041,3.82,Cash,Tier1
20,41169.85,38,5,16,19.74,25.64,53,897,7.43,UPI,Tier3
28,70139.09,67,5,58,51.37,65.14,119,2937,6.96,Debit Card,Tier3
63,,70,7,45,46.94,23.18,53,9303,2.48,UPI,Tier1
47,46603.71,76,10,76,43.45,,71,4289,8.59,Debit Card,Tier1
57,59151.78,52,6,55,23.21,71.39,3,2285,3.77,UPI,Tier1
35,,75,9,53,50.74,49.63,95,3216,3.72,Cash,Tier1
68,64607.03,39,12,29,73.21,66.33,118,1125,2.61,Cash,Tier3
65,,59,10,51,54.18,16.78,49,8193,2.62,UPI,Tier1
19,77443.92,26,10,21,67.08,,67,1017,5.69,UPI,Tier2
49,70995.4,65,9,42,69.67,52.42,41,650,4.36,Cash,Tier1
25,87669.65,80,5,16,2.74,,15,6631,4.72,UPI,Tier3
39,93412.32,48,8,10,46.19,36.69,35,848,4.51,Cash,Tier2
23,287016.28,53,25,13,29.46,73.91,97,9351,7.17,UPI,Tier1
29,71418.12,9,12,50,56.62,,82,5791,1.75,UPI,Tier2
64,69710.44,5,5,26,13.35,,63,771,3.75,UPI,Tier1
57,75760.87,72,7,59,68.05,17.22,15,4234,9.63,Cash,Tier3
53,66213.75,61,9,7,,24.36,2,4534,5.33,Debit Card,Tier2
32,64986.61,21,7,38,53.6,3.02,79,1107,2.17,Debit Card,Tier1
45,91325.8,97,8,8,55.21,53.4,46,5118,5.52,UPI,Tier1
69,98354.56,63,7,6,44.95,58.22,61,6544,8.54,Debit Card,Tier1
66,31833.84,20,9,62,29.28,12.91,80,7785,4.25,UPI,Tier2
62,65220.47,58,1,17,45.28,34.1,117,2622,5.88,UPI,Tier1
35,49848.72,45,2,41,75.43,46.44,24,2226,9.23,Debit Card,Tier2
19,58158.63,22,8,13,49.71,98.46,96,7791,6.0,Cash,Tier1
30,73855.36,77,9,12,67.49,41.17,44,2620,6.92,Credit Card,Tier2
62,79727.64,75,6,54,56.39,29.73,5,7507,1.19,Credit Card,Tier3
32,62533.22,82,6,66,56.07,53.52,56,5460,8.24,Credit Card,Tier2
37,22906.51,63,5,34,35.53,64.81,119,8895,8.48,Debit Card,Tier1
46,43769.0,30,12,28,36.89,49.48,80,7450,6.37,Credit Card,Tier3
59,84722.99,63,5,52,73.31,42.96,54,6223,1.82,UPI,Tier3
46,10000.0,97,6,26,43.51,57.97,24,9502,9.77,Cash,Tier3
20,91123.4,44,8,72,48.92,54.11,48,7778,7.16,Debit Card,Tier3
36,76467.06,67,11,55,70.92,31.6,22,9288,4.99,Cash,Tier1
20,93955.87,58,11,77,63.3,42.81,78,9347,8.88,UPI,Tier1
31,60631.48,65,7,66,53.18,33.93,79,7499,4.67,Cash,Tier1
57,19649.08,36,15,71,45.02,45.7,81,5641,6.78,Cash,Tier2
21,74467.98,6,5,20,62.11,84.62,19,1806,3.02,UPI,Tier3
69,93042.37,37,7,57,52.58,51.17,14,8747,9.04,UPI,Tier3
28,85343.88,93,8,42,31.52,36.8,22,5252,5.76,Debit Card,Tier1
48,50420.79,75,7,52,36.85,89.84,11,5551,3.13,Credit Card,Tier2
60,66908.74,55,3,63,35.76,32.05,42,7625,1.77,UPI,Tier1
49,53277.6,77,5,11,43.18,55.45,34,4166,9.09,Cash,Tier1
44,46976.14,75,9,49,67.45,49.25,53,5754,2.78,UPI,Tier2
47,86018.55,59,9,65,21.22,93.5,114,996,9.91,Debit Card,Tier2
60,38654.29,38,8,79,24.79,35.23,1,2798,2.28,Credit Card,Tier1
19,45336.04,25,7,31,37.2,70.34,86,9031,5.15,Cash,Tier2
66,40711.44,79,3,35,66.75,64.0,14,358,5.77,Cash,Tier1
26,32214.55,77,15,74,19.05,0.2,58,8317,3.22,Credit Card,Tier1
45,68221.11,33,9,61,39.59,71.61,11,3998,9.94,Debit Card,Tier3
48,90553.07,13,12,17,68.46,61.07,50,8939,6.2,Debit Card,Tier1
51,60932.71,38,11,60,52.89,38.6,3,4733,6.14,Cash,Tier3
32,31873.55,58,12,11,57.0,85.42,12,6992,8.87,UPI,Tier1
65,83478.78,88,10,43,39.05,18.85,41,2484,6.23,Debit Card,Tier1
42,102085.44,20,5,55,54.89,83.21,116,2259,5.3,Cash,Tier2
53,50782.67,17,8,61,38.68,99.58,70,3202,5.29,Cash,Tier3
25,54471.81,24,8,50,35.45,44.58,6,7441,7.43,Debit Card,Tier2
26,76344.53,26,7,18,41.88,45.23,84,7088,4.14,Cash,Tier2
54,100681.22,40,6,60,23.01,82.8,15,454,5.6,UPI,Tier2
65,53563.65,32,8,22,60.51,56.13,84,9773,3.91,Debit Card,Tier2
62,35686.1,93,8,58,48.83,39.29,11,9584,9.04,Debit Card,Tier3
56,78891.21,78,11,57,29.39,41.33,10,4324,2.85,Credit Card,Tier1
49,82579.5,37,6,47,43.3,8.89,94,2929,6.18,Debit Card,Tier3
69,65134.89,86,12,22,31.41,51.31,47,7247,3.89,Cash,Tier2
34,52721.07,98,7,7,45.73,20.08,68,4899,5.98,Credit Card,Tier3
52,86876.33,91,6,56,52.93,70.01,22,2295,5.69,Cash,Tier1
54,76616.79,92,12,36,37.29,79.38,112,8234,5.17,UPI,Tier1
36,48094.42,86,6,6,44.49,,28,4199,5.06,Debit Card,Tier2
61,66080.08,60,5,15,23.75,32.84,112,8815,4.97,Cash,Tier3
46,35262.43,57,11,6,62.36,60.39,23,9053,4.7,Cash,Tier3
24,,58,9,33,61.69,0.87,33,9743,2.28,Credit Card,Tier1
45,59230.86,67,9,7,32.22,57.73,8,9488,9.35,Debit Card,Tier1
26,55414.36,22,9,64,61.32,68.62,115,9790,9.79,UPI,Tier2
45,64276.76,58,9,60,58.47,24.02,80,251,5.16,Debit Card,Tier1
23,65886.77,85,4,5,36.96,78.39,90,2995,5.0,Debit Card,Tier1
46,84688.46,80,8,68,52.18,63.62,116,8254,4.62,Credit Card,Tier3
34,78003.99,73,4,16,58.62,45.9,118,1343,2.96,Cash,Tier3
33,61559.0,77,11,9,74.22,3.12,76,2468,1.69,UPI,Tier2
40,81800.7,74,9,56,33.9,2.83,114,529,1.21,UPI,Tier2
48,,49,5,75,29.29,7.42,105,1714,6.08,Credit Card,Tier3
20,55614.81,85,6,47,,59.68,36,9666,7.38,UPI,Tier1
38,62256.2,49,7,62,22.39,61.73,108,4657,1.83,Cash,Tier1
43,61739.1,42,8,34,33.66,62.79,66,7622,5.4,Debit Card,Tier3
53,76115.75,40,8,22,58.67,2.73,80,6871,2.53,Credit Card,Tier1
59,56925.5,71,9,41,43.18,64.67,31,2360,2.4,UPI,Tier2
54,56411.0,46,11,22,45.08,37.97,29,1481,7.61,Cash,Tier3
39,108312.66,22,7,40,61.7,60.63,78,730,9.3,Cash,Tier3
59,85674.18,82,5,59,41.82,82.83,5,1234,9.16,Cash,Tier2
29,48266.79,21,10,78,37.83,2.51,69,3440,3.55,UPI,Tier2
59,77560.7,51,9,60,33.42,85.33,23,4396,3.33,UPI,Tier3
30,67603.7,14,6,64,19.72,36.77,37,7341,5.57,Debit Card,Tier1
28,73614.13,74,7,51,73.91,57.37,73,6143,9.72,Debit Card,Tier2
33,68021.51,97,9,25,28.98,77.23,38,6144,1.4,Cash,Tier2
25,91172.14,9,9,36,30.78,71.5,53,2405,9.39,Credit Card,Tier2
57,72603.65,18,4,34,,1.6,115,9509,2.35,UPI,Tier2
57,63634.05,13,3,45,31.03,45.3,77,8591,4.11,UPI,Tier2
62,87928.19,17,13,62,46.62,80.64,36,3417,3.5,Credit Card,Tier2
19,70132.27,87,9,66,54.4,20.93,63,8181,7.2,Credit Card,Tier2
47,67672.53,25,10,45,33.03,,70,9402,7.65,UPI,Tier3
47,71908.5,54,4,22,47.74,46.67,50,7419,7.85,Credit Card,Tier2
29,62940.6,16,4,42,63.19,81.99,116,7718,1.7,Credit Card,Tier1
27,65202.99,24,9,51,67.58,85.44,62,4566,1.73,Cash,Tier3
61,,95,8,61,46.07,20.7,62,6979,9.14,Debit Card,Tier2
28,48474.32,75,10,26,40.36,94.32,29,1981,8.16,Debit Card,Tier2
32,43031.45,23,10,49,56.33,76.0,24,9415,9.26,Credit Card,Tier3
33,34376.37,41,6,59,34.04,41.65,36,2525,7.23,Debit Card,Tier3
34,45646.22,86,7,43,56.02,83.49,101,2323,1.52,UPI,Tier2
43,61166.13,33,10,72,60.04,10.98,10,5360,7.18,Cash,Tier3
19,67268.59,42,7,44,59.25,7.52,85,8792,9.13,Debit Card,Tier2
67,59031.48,48,5,78,44.03,79.45,83,7129,3.99,Debit Card,Tier3
29,13174.52,18,8,20,39.8,27.98,7,2690,1.97,UPI,Tier1
68,99640.9,63,9,66,69.41,87.62,38,7186,1.74,Credit Card,Tier1
43,88902.56,78,8,78,,5.2,49,4300,2.0,Debit Card,Tier3
40,74806.72,92,6,12,58.45,16.66,5,9654,1.84,Credit Card,Tier3
35,106964.79,11,11,39,42.68,75.13,49,5820,6.31,Cash,Tier2
49,43497.99,24,5,36,34.82,89.52,50,9670,3.11,Credit Card,Tier3
66,106527.75,61,4,50,34.84,64.94,47,5840,1.37,UPI,Tier3
55,43765.29,64,9,48,51.08,93.76,112,6921,9.19,Cash,Tier2
64,70252.23,36,7,55,64.22,44.71,9,5044,7.14,Debit Card,Tier3
20,36975.58,83,12,24,46.61,81.6,91,6541,8.91,UPI,Tier1
55,65323.27,77,3,60,44.04,25.44,3,7181,5.42,UPI,Tier1
20,73495.66,97,12,12,42.61,98.13,8,4998,8.91,Debit Card,Tier3
47,61596.81,53,7,55,44.11,35.02,58,4281,7.41,Credit Card,Tier1
18,80705.3,83,5,5,81.47,93.09,20,3571,7.73,Debit Card,Tier3
47,67178.32,47,8,47,73.88,22.79,74,6087,4.11,Cash,Tier3
62,53506.88,52,7,69,38.48,9.2,16,2116,4.3,Cash,Tier1
49,52530.11,96,9,63,33.1,36.36,12,8537,9.44,Debit Card,Tier1
45,82840.1,79,8,45,51.89,0.96,2,383,5.62,Cash,Tier2
38,50617.68,57,3,14,49.03,4.26,54,2276,9.79,Credit Card,Tier1
63,85138.87,75,8,41,33.87,93.24,104,852,4.93,Cash,Tier1
30,91899.66,23,11,21,66.97,94.74,106,8872,9.17,UPI,Tier3
44,28288.3,59,6,18,51.14,1.26,116,9018,2.32,UPI,Tier1
53,89924.38,69,6,20,50.09,3.33,67,1156,2.87,Debit Card,Tier3
24,110329.3,56,8,8,40.66,46.81,25,385,7.3,UPI,Tier2
39,70544.08,86,9,22,59.29,,9,6483,8.83,Credit Card,Tier3
27,78179.85,42,11,43,21.21,60.35,46,3829,5.46,Debit Card,Tier1
56,87814.12,18,8,8,43.58,91.58,31,9462,6.91,Credit Card,Tier2
32,58939.39,71,8,17,25.6,90.18,100,993,6.19,Debit Card,Tier1
32,69010.16,33,5,58,35.31,69.74,21,400,3.31,Debit Card,Tier2
21,36087.61,3,10,25,15.91,64.73,71,3632,8.77,Debit Card,Tier1
49,68049.97,28,8,17,15.0,49.61,43,4813,8.52,Cash,Tier1
40,75958.46,1,9,35,,,84,8783,4.56,Debit Card,Tier2
23,76355.59,63,8,9,48.36,95.23,37,6604,1.14,UPI,Tier3
41,88439.34,47,5,13,66.74,74.59,30,8065,3.14,UPI,Tier3
37,47954.35,37,6,49,58.3,87.66,47,9290,1.08,Credit Card,Tier3
54,53282.65,86,13,77,19.38,81.37,103,2215,9.76,Cash,Tier1
37,106701.16,48,12,13,60.25,98.81,34,6952,8.25,Credit Card,Tier1
29,61692.78,19,7,13,60.63,74.4,110,9427,8.07,UPI,Tier1
50,69400.74,14,4,62,34.9,51.48,4,5623,8.32,Credit Card,Tier3
45,63525.78,67,7,26,89.5,96.55,93,2726,4.3,Credit Card,Tier1
25,46923.02,83,13,60,55.34,94.2,6,1530,1.82,Debit Card,Tier1
18,100717.64,97,7,8,41.83,10.52,40,6274,6.68,UPI,Tier1
54,53390.57,85,13,47,56.13,11.23,19,8037,6.93,UPI,Tier3
39,40199.72,65,8,34,69.23,32.05,113,7847,5.39,Credit Card,Tier1
23,55083.71,26,8,33,47.7,,10,9404,9.94,Debit Card,Tier2
38,20962.47,10,8,20,49.42,81.81,34,4450,5.48,Debit Card,Tier2
49,50671.68,99,10,19,29.98,66.95,105,488,4.58,UPI,Tier3
52,43701.17,77,8,12,48.63,,16,716,2.95,Credit Card,Tier2
32,78583.43,70,5,78,59.27,,67,9419,4.22,Cash,Tier1
22,50184.89,43,11,19,48.68,25.52,86,5507,6.41,Debit Card,Tier1
63,,70,3,64,38.02,17.48,16,6154,3.14,Debit Card,Tier3
67,95766.65,99,2,37,,50.27,31,9810,4.64,Credit Card,Tier2
65,82185.86,80,11,76,45.69,66.46,81,8192,3.31,Debit Card,Tier3
23,60261.46,72,4,45,54.72,71.97,119,1441,9.41,Cash,Tier1
42,68104.52,59,11,63,36.15,6.73,101,8102,8.79,Credit Card,Tier2
63,31450.33,3,10,37,61.86,48.55,23,211,2.09,Credit Card,Tier2
57,62056.85,5,10,46,40.95,45.99,38,8355,9.23,UPI,Tier3
46,46070.35,85,6,19,30.5,5.98,91,6360,7.12,Credit Card,Tier1
24,80275.18,95,8,23,15.37,42.0,69,6220,5.65,Credit Card,Tier3
57,121600.55,78,7,50,19.85,96.39,25,4037,1.53,Cash,Tier3
30,75996.08,83,7,33,54.98,9.33,75,4418,5.26,Credit Card,Tier2
55,21194.92,37,11,14,35.84,17.92,115,1287,6.39,UPI,Tier3
35,57052.94,84,11,65,37.57,26.99,73,2652,8.2,Cash,Tier3
19,67694.8,52,12,35,48.13,46.84,69,964,1.28,Debit Card,Tier3
25,66921.86,66,7,6,17.83,48.17,52,244,5.4,UPI,Tier3
28,48922.11,63,8,15,21.84,48.95,88,7117,7.0,UPI,Tier3
50,70396.42,7,5,44,50.06,80.16,118,1000,6.55,Credit Card,Tier2
55,37664.98,97,5,43,52.86,76.97,80,4046,4.48,Cash,Tier1
65,44212.01,53,7,54,46.7,,66,8978,7.07,Debit Card,Tier2
44,79207.55,6,9,10,53.92,55.79,66,9942,8.67,UPI,Tier1
37,42655.41,7,7,32,58.57,63.55,84,8417,1.38,Debit Card,Tier1
29,76840.66,44,13,16,67.78,8.84,68,5210,2.3,UPI,Tier1
60,34871.8,18,6,52,50.02,62.98,34,805,8.54,Debit Card,Tier3
48,,54,4,60,30.39,21.23,118,5756,3.96,Debit Card,Tier3
44,47966.06,29,8,37,39.74,62.44,72,9360,4.45,UPI,Tier2
49,60079.34,83,11,14,33.47,95.84,66,7898,7.21,Credit Card,Tier1
27,72273.49,25,8,13,52.74,51.36,15,7439,9.92,Cash,Tier3
20,52562.3,63,4,63,25.62,1.22,106,6491,7.59,UPI,Tier3
62,,68,5,26,19.98,6.51,72,9356,4.24,Cash,Tier1
44,77657.85,13,9,53,64.22,4.48,116,3921,4.88,UPI,Tier2
52,86133.49,32,6,65,25.31,61.66,88,5458,6.9,UPI,Tier3
48,82412.94,27,7,35,21.48,4.43,64,3578,5.53,UPI,Tier2
32,61220.17,51,12,69,57.54,50.9,109,4551,5.21,Credit Card,Tier3
33,61774.1,34,9,11,30.22,9.32,33,3806,5.68,UPI,Tier1
30,116680.39,28,2,26,48.67,43.05,93,6488,7.14,UPI,Tier2
66,85897.56,73,7,25,37.37,66.23,1,6257,4.63,Cash,Tier2
52,44719.88,72,16,51,44.98,92.18,90,4031,2.52,Debit Card,Tier2
69,67199.74,85,9,36,49.44,10.81,48,5296,6.27,Debit Card,Tier1
28,57626.85,30,7,51,27.26,73.03,68,6502,4.21,Debit Card,Tier1
38,62022.65,93,8,70,53.59,58.93,2,3630,5.43,Cash,Tier1
68,37951.11,9,8,69,68.34,89.96,88,3027,9.83,Cash,Tier3
28,55937.69,13,7,65,37.45,70.24,5,6258,3.02,Credit Card,Tier1
47,104854.23,82,12,21,49.08,34.86,70,5459,6.31,Cash,Tier2
65,77739.68,64,10,27,29.45,81.43,57,6063,8.36,Cash,Tier2
52,10194.45,38,11,54,48.6,49.31,119,9674,4.46,Cash,Tier3
39,,22,6,73,45.79,28.86,95,7327,6.83,UPI,Tier2
55,88971.85,31,6,68,46.22,76.27,27,3005,3.76,Debit Card,Tier1
48,57095.72,99,5,52,46.87,38.74,49,8557,2.86,Credit Card,Tier3
31,80779.8,42,7,17,38.01,71.31,32,9675,4.98,Cash,Tier3
41,46093.22,62,9,21,57.05,29.71,95,3121,7.94,UPI,Tier2
67,54654.37,64,6,68,40.55,76.64,17,7706,6.04,Credit Card,Tier3
66,97968.02,74,8,78,55.99,96.44,36,6068,8.53,Credit Card,Tier1
49,59021.94,9,7,55,43.41,93.72,17,7575,3.64,Cash,Tier2
53,,95,6,29,40.92,37.06,62,362,8.42,Credit Card,Tier2
49,63607.33,44,6,24,51.5,29.44,117,9251,9.43,UPI,Tier2
32,63271.06,63,10,63,33.53,37.47,107,8909,4.4,Credit Card,Tier3
60,91364.11,40,10,73,48.49,9.73,15,4368,9.34,Credit Card,Tier1
52,65315.4,88,10,25,25.46,6.07,97,8606,8.94,Credit Card,Tier3
20,55725.19,41,6,78,48.3,55.03,86,1956,1.71,Debit Card,Tier2
33,87991.24,72,6,37,30.34,99.5,14,5131,7.27,Credit Card,Tier3
22,67657.39,50,6,67,65.17,83.43,90,3175,8.29,Cash,Tier2
38,48499.5,20,9,60,74.36,37.88,79,3421,4.41,Debit Card,Tier1
27,90409.95,81,10,10,46.12,,117,2235,4.12,Cash,Tier3
36,69260.56,92,7,16,41.81,83.99,61,6543,8.86,Credit Card,Tier1
42,65064.37,70,8,61,47.65,51.42,66,2001,4.96,Credit Card,Tier3
21,68913.98,42,8,61,48.11,10.42,28,700,7.1,Cash,Tier2
46,41445.3,33,3,72,,63.69,76,399,5.29,Debit Card,Tier1
36,53391.62,92,9,79,22.23,34.63,60,5455,3.9,Debit Card,Tier1
60,65078.82,63,14,54,,2.5,6,3571,8.44,Credit Card,Tier2
19,60717.4,57,6,31,21.46,72.07,104,1874,5.4,Cash,Tier1
27,92993.42,65,8,65,26.24,19.34,42,3039,3.36,UPI,Tier3
60,69782.93,52,7,9,35.37,63.27,4,6332,9.73,Debit Card,Tier2
42,83807.89,99,13,71,49.78,51.65,76,1228,2.33,UPI,Tier3
37,,88,11,8,52.09,41.0,9,4479,2.17,Cash,Tier3
65,88238.35,6,8,17,47.74,,18,8035,9.11,Debit Card,Tier2
36,73745.61,7,7,7,18.63,10.06,4,3445,9.13,Debit Card,Tier2
40,65295.25,9,7,75,52.44,0.09,5,3749,7.86,Credit Card,Tier3
41,64707.77,61,6,19,30.73,86.87,92,2420,2.36,Credit Card,Tier2
28,44002.35,80,8,23,53.07,70.67,105,5639,7.76,Credit Card,Tier2
63,76152.15,34,8,35,36.77,1.54,63,7141,2.54,Debit Card,Tier1
51,64115.5,35,12,19,55.2,12.62,66,6094,1.54,Cash,Tier2
45,53956.18,99,6,52,53.8,5.82,88,6544,3.86,Cash,Tier2
22,89342.16,20,9,58,35.4,15.32,68,7331,7.39,Cash,Tier3
22,37495.25,58,8,59,47.33,63.44,40,9481,3.94,Credit Card,Tier3
68,55705.09,87,6,62,32.05,2.56,56,882,7.45,Credit Card,Tier2
38,87609.81,60,5,60,41.32,50.13,105,9077,9.43,UPI,Tier2
29,71941.5,54,3,67,58.83,62.26,92,2122,6.25,Credit Card,Tier1
67,63947.1,35,6,68,42.03,5.55,115,5383,1.33,Cash,Tier3
21,70522.08,47,7,39,31.51,59.63,79,5489,1.38,UPI,Tier1
66,68947.11,46,8,35,18.6,49.59,54,4028,2.44,Cash,Tier3
59,31633.42,87,11,23,33.04,9.87,68,3386,7.04,Cash,Tier2
37,,4,10,62,56.62,50.12,32,8340,3.78,Credit Card,Tier1
55,402253.92,10,20,77,21.73,29.43,83,5747,4.34,Cash,Tier3
42,50494.87,75,7,57,43.02,41.37,86,8963,4.18,Credit Card,Tier2
31,57997.38,40,1,72,,49.48,66,5254,4.29,Cash,Tier1
28,53084.34,55,7,13,41.7,2.87,72,5060,6.56,UPI,Tier3
49,63085.67,73,9,14,34.04,70.91,36,4974,6.25,Debit Card,Tier3
28,52171.3,40,11,52,46.71,63.54,58,4091,8.81,Credit Card,Tier3
35,75708.31,76,10,27,42.49,13.25,72,3284,9.88,Debit Card,Tier2
44,69340.9,81,9,29,79.18,23.25,24,537,8.56,Cash,Tier1
35,82018.05,96,16,61,34.14,4.03,40,2695,7.96,Cash,Tier2
40,41879.29,23,7,40,49.78,36.83,97,748,4.34,Cash,Tier2
28,57512.51,15,9,30,28.05,72.59,69,4715,9.23,Credit Card,Tier3
38,60034.1,92,12,31,57.35,49.97,74,5335,4.28,Debit Card,Tier2
61,75024.23,5,6,40,55.31,60.78,102,2907,1.57,Debit Card,Tier1
22,47549.13,40,5,36,41.83,43.66,76,2037,5.57,Cash,Tier3
40,85144.38,18,7,31,27.55,53.84,14,1248,3.37,Debit Card,Tier3
58,91101.14,21,5,18,46.16,38.17,41,6450,5.36,Cash,Tier1
42,43244.81,79,4,50,55.19,1.68,25,467,7.13,Cash,Tier1
58,54200.8,3,8,53,50.25,81.81,53,1287,8.76,Debit Card,Tier3
27,53297.51,46,9,38,44.12,,48,3431,3.26,Debit Card,Tier1
39,122912.5,90,14,34,35.69,75.88,99,5474,9.29,Debit Card,Tier1
36,55542.2,79,10,37,55.75,95.68,25,7179,9.93,Debit Card,Tier3
18,101907.76,53,5,47,35.9,57.73,44,6316,2.81,Cash,Tier1
24,37134.1,20,8,12,25.37,86.36,86,9972,4.12,UPI,Tier1
21,43227.68,59,9,73,60.85,52.31,119,3059,7.44,UPI,Tier3
18,49894.7,21,8,18,27.07,74.31,46,9124,4.33,Cash,Tier2
32,46394.84,90,12,65,54.01,33.07,61,4962,2.99,Credit Card,Tier1
57,59106.23,87,9,25,29.6,54.93,68,6885,4.63,Credit Card,Tier2
29,49406.88,51,6,33,43.6,,19,8870,7.34,UPI,Tier3
39,,25,7,77,64.27,91.74,20,1229,1.15,Cash,Tier2
39,90486.38,68,6,13,50.87,20.64,27,9229,7.02,Debit Card,Tier1
67,91923.46,10,5,78,60.36,96.21,23,6396,9.11,Cash,Tier1
64,85884.52,86,8,66,52.18,91.83,39,4054,9.89,UPI,Tier3
34,76527.98,67,6,61,27.35,36.38,47,3877,3.29,Debit Card,Tier3
46,67040.35,83,8,32,39.58,14.75,110,9111,7.71,Debit Card,Tier3
63,54065.32,95,10,33,40.64,,77,5369,2.51,UPI,Tier1
31,44030.53,9,9,53,62.88,54.02,44,5495,3.1,Credit Card,Tier1
67,72985.91,29,3,55,73.63,56.83,47,8208,6.94,Credit Card,Tier3
37,39180.13,37,10,63,,97.56,79,5356,8.37,Debit Card,Tier3
67,43133.74,71,9,45,34.82,32.62,80,213,1.85,Credit Card,Tier3
65,90364.09,38,7,23,33.0,13.51,39,7487,4.46,Credit Card,Tier3
50,106814.28,88,9,27,65.69,28.01,119,5394,8.8,Debit Card,Tier2
60,73652.49,72,7,72,,5.45,62,9389,7.78,UPI,Tier3
32,89342.06,98,7,32,35.32,82.87,42,3172,1.46,Cash,Tier3
29,59591.34,59,10,78,51.14,67.19,48,9150,4.67,Cash,Tier1
57,35571.17,57,13,76,67.25,48.07,108,6143,4.63,UPI,Tier3
37,78467.78,90,7,38,38.21,32.06,90,4112,6.9,Debit Card,Tier2
47,77524.37,60,7,22,,45.46,58,381,1.82,Debit Card,Tier1
55,66576.71,28,6,37,33.25,99.73,108,1895,4.27,Cash,Tier2
20,59667.74,28,7,59,47.41,2.06,119,8239,9.15,Debit Card,Tier3
45,,46,4,34,33.05,11.33,26,4541,1.72,UPI,Tier3
43,43313.87,71,9,7,35.8,23.73,7,4631,2.12,UPI,Tier3
47,47976.83,67,7,26,24.86,81.37,65,5195,6.38,Credit Card,Tier3
30,42821.66,86,9,20,17.9,18.89,73,8357,4.28,Credit Card,Tier1
30,66869.41,55,8,13,37.86,98.4,72,2435,1.14,Credit Card,Tier3
19,41066.35,38,9,43,68.0,5.16,87,2861,3.21,Debit Card,Tier1
54,49946.67,18,6,67,,68.82,55,3164,6.05,Credit Card,Tier1
66,49473.38,76,5,37,50.79,26.53,113,7658,8.47,Debit Card,Tier1
55,59266.62,95,5,19,26.76,93.0,63,7209,6.83,Debit Card,Tier1
19,32277.76,63,4,29,6.87,24.32,79,9753,1.05,Debit Card,Tier3
53,66918.51,5,4,35,59.93,93.66,18,7660,2.92,UPI,Tier3
43,92440.68,44,10,64,37.23,,54,6073,2.3,Debit Card,Tier2
28,67980.81,29,6,48,22.61,45.66,118,4993,5.12,Cash,Tier1
25,98909.07,14,4,54,43.03,17.29,61,2395,3.78,Debit Card,Tier3
61,94347.96,58,7,20,54.64,12.86,56,2789,6.01,UPI,Tier2
57,82110.17,44,7,77,38.37,34.38,119,1411,2.77,Debit Card,Tier1
60,66643.09,18,10,74,35.8,16.47,108,8634,7.29,Cash,Tier3
39,65495.01,7,6,54,52.16,,83,3684,4.76,UPI,Tier2
37,81803.59,87,5,34,,37.75,113,3045,4.21,Cash,Tier3
25,56383.25,97,10,44,25.25,47.5,103,223,7.18,Cash,Tier3
46,23584.54,62,8,46,75.9,74.96,113,4676,7.27,Credit Card,Tier3
57,75824.09,45,9,5,38.73,74.75,26,1531,1.9,UPI,Tier1
43,40116.49,16,6,68,49.3,95.17,76,2360,8.93,Credit Card,Tier1
47,43832.89,64,5,46,70.78,8.91,101,4176,7.02,UPI,Tier1
34,65004.93,37,11,39,39.63,29.5,36,367,4.03,Credit Card,Tier1
37,62907.25,25,6,50,19.88,33.15,7,330,5.45,Cash,Tier3
69,33934.34,9,4,22,26.62,48.19,73,270,2.67,Cash,Tier2
33,68640.81,55,11,62,38.0,49.27,31,4549,2.41,UPI,Tier2
63,86255.07,28,9,68,44.73,82.24,102,5865,9.08,Debit Card,Tier2
60,40176.49,9,4,12,56.93,56.14,22,3889,6.15,Credit Card,Tier1
24,92994.63,12,10,35,57.79,73.3,63,7109,6.99,Debit Card,Tier2
33,30676.24,18,15,18,42.56,57.03,43,7406,8.45,UPI,Tier2
62,446324.52,91,30,25,47.27,24.59,76,1172,8.21,UPI,Tier3
64,55952.27,90,7,75,54.83,99.34,98,1203,2.02,Debit Card,Tier3
65,68203.57,56,9,59,56.28,77.49,40,1526,7.97,Cash,Tier1
44,23375.26,90,8,40,38.46,42.74,2,799,4.05,UPI,Tier3
40,63633.01,74,8,43,62.79,55.31,53,225,5.06,UPI,Tier3
41,70026.61,58,7,30,53.64,43.52,108,2537,1.2,Credit Card,Tier1
26,63104.43,81,7,40,64.65,2.31,32,5967,5.3,UPI,Tier1
52,,51,7,40,18.21,9.61,117,7561,3.68,Debit Card,Tier3
68,44175.58,32,10,64,42.48,6.12,116,4111,5.33,Credit Card,Tier3
37,89871.59,88,7,30,47.3,34.2,1,1813,8.87,Debit Card,Tier3
54,65677.76,48,8,37,,88.08,89,7698,7.77,Cash,Tier3
59,,8,12,20,14.19,57.78,68,9113,4.81,Credit Card,Tier3
34,53417.39,30,7,5,27.57,33.07,38,7862,3.65,UPI,Tier2
64,55434.52,26,6,69,29.63,60.92,45,7573,3.33,Cash,Tier1
48,82943.07,24,7,66,68.8,22.76,4,6577,6.63,UPI,Tier2
25,29294.55,27,9,19,46.87,28.56,73,9118,4.22,Cash,Tier1
32,38303.81,79,6,32,21.86,66.79,82,9940,5.34,Credit Card,Tier3
48,89144.67,92,9,39,32.63,20.51,41,9309,3.57,Cash,Tier3
47,39217.45,75,5,10,25.29,68.93,48,2089,5.81,Credit Card,Tier1
63,24980.88,39,11,11,62.07,83.5,11,6751,1.24,Cash,Tier2
37,,66,5,32,53.06,12.78,61,285,4.55,Credit Card,Tier2
56,34336.01,51,5,54,43.36,,70,3486,8.36,Cash,Tier2
29,69050.63,73,6,41,34.11,35.63,80,9999,2.84,Cash,Tier1
66,66519.87,50,4,35,40.61,7.33,8,7784,4.79,Cash,Tier2
34,10000.0,45,6,11,48.87,55.25,19,1072,5.13,Credit Card,Tier1
59,59119.03,87,9,57,53.11,72.65,5,8602,9.73,Cash,Tier2
47,74865.09,33,8,42,87.74,28.34,104,8481,8.49,Credit Card,Tier3
46,72794.81,19,8,45,61.69,75.02,90,2042,5.65,UPI,Tier1
36,84877.46,13,9,45,42.78,36.97,89,4239,2.82,Credit Card,Tier1
63,56475.19,78,8,63,21.9,50.33,25,9499,6.01,Cash,Tier1
28,80675.1,96,8,17,50.47,38.56,9,3389,6.37,Cash,Tier1
51,49834.76,22,5,16,52.69,86.37,99,5088,5.24,Cash,Tier2
67,33969.72,20,7,30,39.59,85.48,65,2417,3.64,Debit Card,Tier1
24,36449.98,97,6,58,60.66,92.06,47,2933,8.28,Cash,Tier2
61,32833.57,5,11,50,44.76,20.05,66,7721,4.05,UPI,Tier1
51,87210.89,84,3,38,37.88,50.16,44,2811,4.6,Credit Card,Tier3
37,31679.38,78,11,60,73.74,72.84,42,8033,4.02,Cash,Tier2
67,71028.85,91,12,61,43.09,51.1,25,5361,9.17,Cash,Tier1
55,59149.67,90,8,39,55.55,74.21,100,6840,6.68,Debit Card,Tier2
41,62741.73,32,8,21,34.7,50.99,100,568,1.57,UPI,Tier1
27,94999.36,30,4,37,35.51,76.78,12,1827,3.11,Debit Card,Tier1
49,55354.6,91,10,59,33.43,33.4,29,6117,7.33,UPI,Tier2
69,78455.23,26,11,22,,47.47,12,2612,5.41,Credit Card,Tier1
32,65826.39,82,5,38,15.53,41.5,77,9016,5.73,Credit Card,Tier1
54,61655.58,87,6,10,84.73,13.64,75,2526,2.63,UPI,Tier2
37,,88,6,66,29.89,93.12,117,7425,8.58,UPI,Tier1
20,33290.48,4,8,72,24.45,23.11,71,9649,7.73,Credit Card,Tier1
54,93360.9,67,11,65,27.6,1.14,39,6249,5.54,Debit Card,Tier1
57,79440.94,43,5,67,56.75,68.51,86,7161,4.15,Debit Card,Tier1
25,54450.45,30,7,26,45.27,32.67,55,7584,6.31,Debit Card,Tier3
57,100845.01,16,8,24,36.4,36.53,73,7893,2.05,Debit Card,Tier2
61,24341.58,71,10,14,28.96,94.66,39,5685,5.16,Debit Card,Tier3
40,53521.13,39,11,59,49.7,,96,8104,1.85,Debit Card,Tier1
57,38413.39,86,8,60,36.95,6.24,78,8393,9.33,Credit Card,Tier3
28,74065.84,41,5,69,20.63,4.05,52,3882,3.35,Cash,Tier2
63,40512.59,31,10,19,41.55,75.18,29,213,4.42,Debit Card,Tier2
25,74527.41,49,5,32,32.41,95.47,99,7118,6.25,Debit Card,Tier3
46,60898.4,13,8,20,58.97,19.18,42,1395,3.1,Debit Card,Tier3
47,54454.21,41,7,64,41.26,95.0,12,7758,3.71,Credit Card,Tier3
27,73550.24,93,9,61,50.31,20.5,31,8178,9.11,Cash,Tier2
56,59090.32,28,10,79,45.56,70.92,38,5058,8.49,Cash,Tier2
45,41050.03,64,11,19,33.2,6.05,35,5201,2.77,UPI,Tier3
66,126630.21,19,9,54,47.41,26.54,114,9080,4.66,Cash,Tier3
53,54282.32,87,9,25,23.63,38.55,61,5618,5.2,Cash,Tier3
30,,72,13,52,66.59,59.73,118,8563,7.03,Cash,Tier3
49,46473.83,25,4,35,32.14,90.7,116,4509,7.73,Credit Card,Tier2
53,37119.91,38,9,68,,83.56,55,8948,9.34,Cash,Tier1
54,83175.2,99,6,63,63.32,40.48,15,6089,5.84,Cash,Tier3
43,72076.36,90,8,42,26.41,52.84,114,4513,7.63,Debit Card,Tier3
39,73771.68,3,5,41,42.46,68.03,16,3902,8.76,Credit Card,Tier1
21,56859.51,2,8,18,44.53,3.64,19,2412,8.69,Credit Card,Tier1
48,58854.29,5,6,66,48.85,45.15,58,8654,8.97,Credit Card,Tier1
35,56839.52,61,6,74,24.82,65.29,80,5962,3.9,Credit Card,Tier2
55,63213.75,20,12,51,32.77,95.18,93,4530,6.91,UPI,Tier1
41,83377.34,76,4,74,65.47,,29,9951,7.18,Cash,Tier2
40,72393.66,38,7,43,15.18,16.76,93,2950,3.08,UPI,Tier2
39,76002.48,80,11,75,33.96,72.35,30,7045,9.35,Debit Card,Tier1
19,75990.3,36,8,37,29.14,15.33,85,1229,7.33,UPI,Tier2
48,84457.73,46,10,55,44.54,44.82,56,7797,2.43,Cash,Tier1
28,71339.3,93,7,49,43.54,67.95,53,9244,1.92,UPI,Tier1
45,72894.66,99,7,38,60.16,39.67,25,4936,7.36,UPI,Tier2
63,91153.74,37,10,51,68.99,63.92,72,4546,5.9,Debit Card,Tier2
49,50368.99,54,10,41,46.08,94.07,14,1393,7.93,Debit Card,Tier3
22,,21,9,7,56.38,48.46,18,1683,3.86,Credit Card,Tier3
55,38909.72,21,8,72,-5.5,78.42,8,4999,3.5,Credit Card,Tier1
27,69024.12,92,6,14,44.66,16.54,116,3274,3.03,Cash,Tier3
57,24217.89,70,7,25,33.54,95.97,32,9637,1.57,Debit Card,Tier3
63,75167.39,84,7,76,,65.69,55,3842,2.86,Debit Card,Tier3
41,62597.75,60,8,59,24.26,69.98,103,4832,6.72,Credit Card,Tier2
52,89962.07,36,15,71,35.04,97.87,98,6294,3.54,Cash,Tier1
61,50217.82,77,10,68,46.87,38.83,113,1837,3.85,Credit Card,Tier2
65,60527.0,11,5,6,42.09,42.17,15,1170,2.81,Cash,Tier2
40,89688.47,88,9,37,33.11,56.73,18,5723,5.33,UPI,Tier1
34,95428.98,83,3,43,64.64,37.48,12,6346,5.76,Credit Card,Tier2
18,50036.65,87,8,69,59.8,6.95,116,9910,9.77,Debit Card,Tier1
48,68999.19,31,6,69,53.91,52.81,14,8580,5.41,Cash,Tier3
48,71477.22,37,8,64,38.94,5.19,58,2641,7.32,Debit Card,Tier2
59,73220.37,60,9,21,39.9,,103,5677,5.62,Debit Card,Tier2
59,59223.34,61,12,62,21.11,8.32,83,6186,9.09,UPI,Tier1
51,93190.43,67,14,35,52.59,80.93,19,1483,3.99,Debit Card,Tier2
26,23426.52,98,5,10,47.41,27.34,38,2605,7.21,Credit Card,Tier1
39,55735.13,29,4,55,48.38,67.24,64,539,3.75,UPI,Tier3
30,74854.48,67,11,54,57.34,65.14,47,9898,8.34,Credit Card,Tier1
42,,79,10,71,55.99,31.61,102,2797,3.7,UPI,Tier2
65,94760.7,71,11,60,50.05,49.15,68,580,2.65,Debit Card,Tier1
35,91360.96,67,9,15,24.49,85.95,28,751,9.35,UPI,Tier2
68,58718.08,16,3,11,53.14,88.91,90,6987,9.08,Cash,Tier2
29,93597.17,45,10,54,,24.37,21,3669,6.91,Cash,Tier2
57,,34,4,62,35.7,51.58,36,1910,3.17,UPI,Tier1
34,85479.52,84,9,38,56.38,58.19,80,4808,3.82,Credit Card,Tier1
32,104831.49,44,10,11,60.11,86.28,2,7433,7.47,Credit Card,Tier3
59,,97,7,6,39.29,11.5,17,8367,2.29,Credit Card,Tier2
32,67326.95,78,9,39,84.15,22.43,65,1368,4.2,UPI,Tier3
32,57700.87,42,9,40,37.3,19.9,27,9142,9.94,UPI,Tier2
56,31370.99,35,4,31,48.36,71.43,115,5860,6.86,Cash,Tier2
30,71831.87,75,5,30,23.51,14.49,116,4838,1.81,Credit Card,Tier1
34,40465.22,84,7,74,47.05,42.91,42,5728,8.61,Credit Card,Tier3
49,47551.04,30,11,76,42.05,92.64,7,1594,1.22,Debit Card,Tier2
26,38803.59,53,13,20,45.75,98.53,81,8725,9.75,Debit Card,Tier1
57,54871.37,58,7,11,45.85,53.45,66,269,9.75,Credit Card,Tier2
37,64384.67,28,6,12,62.74,98.68,65,1344,3.96,Credit Card,Tier2
43,71019.52,15,7,5,57.62,,103,191,5.96,UPI,Tier1
44,51788.85,38,8,78,44.23,37.21,44,9711,1.81,Debit Card,Tier1
38,88524.24,50,16,36,32.87,76.49,18,278,3.9,Debit Card,Tier1
35,60419.48,13,13,32,33.99,55.62,31,8548,6.82,Credit Card,Tier1
30,47670.11,35,8,56,42.58,44.68,79,4559,6.06,Debit Card,Tier1
33,69978.43,24,8,37,26.43,95.81,99,4385,1.28,Cash,Tier1
26,,65,15,22,37.48,28.91,79,9790,3.03,Debit Card,Tier2
29,72373.53,88,8,26,51.31,79.66,54,8072,9.76,UPI,Tier2
61,57017.18,91,9,54,40.58,12.32,42,3322,7.96,UPI,Tier2
55,31395.85,18,9,18,24.46,87.0,75,5191,7.66,Credit Card,Tier3
36,60172.93,58,7,46,27.03,26.53,81,4886,4.98,Credit Card,Tier1
24,70168.42,26,9,74,49.83,29.02,66,6074,2.36,Debit Card,Tier2
52,56473.22,29,9,46,45.95,49.11,91,4878,8.04,Debit Card,Tier1
65,28361.54,72,5,33,61.33,,10,3101,2.38,Debit Card,Tier3
35,46287.56,44,8,53,16.78,6.26,99,243,9.06,Cash,Tier1
33,96999.85,90,8,17,65.14,,8,4838,1.51,Credit Card,Tier2
56,96548.02,5,9,40,,44.44,71,5490,7.57,Debit Card,Tier2
21,45493.94,33,1,44,32.57,0.29,5,4131,4.19,UPI,Tier1
42,79800.65,5,8,26,59.21,55.11,73,7916,6.13,Cash,Tier2
49,39071.4,36,5,23,45.81,55.68,10,1942,1.96,Credit Card,Tier1
57,95894.96,77,5,70,33.99,72.02,90,8414,1.52,Credit Card,Tier1
30,70395.19,81,4,48,,90.93,25,6320,8.92,Cash,Tier2
62,85892.11,13,7,60,71.89,79.81,8,1204,9.74,Cash,Tier2
34,27267.95,25,16,27,47.18,76.19,111,3562,8.22,UPI,Tier1
66,79908.02,58,10,27,23.32,24.17,55,8393,5.93,Credit Card,Tier2
54,64831.17,2,6,62,46.12,33.65,30,9238,5.63,Debit Card,Tier2
23,83742.44,88,10,49,,83.26,119,8451,9.48,Cash,Tier1
36,85127.09,36,7,24,38.24,6.32,51,721,2.62,Credit Card,Tier1
30,66447.26,25,6,63,46.53,11.26,30,2266,8.63,Debit Card,Tier1
43,51781.75,34,4,17,48.23,,10,8476,9.61,Debit Card,Tier1
31,82153.32,12,7,7,58.77,44.78,109,3293,5.91,Credit Card,Tier3
48,63676.6,19,19,72,47.26,50.75,114,1595,2.77,Debit Card,Tier3
21,45798.73,94,8,52,54.33,86.71,44,3215,4.97,Credit Card,Tier1
56,44756.65,37,9,61,66.42,53.66,11,9424,6.23,Debit Card,Tier3
25,32502.38,1,9,79,36.95,7.94,46,3700,3.32,Debit Card,Tier3
42,53773.59,60,6,76,61.09,22.62,45,6406,9.23,UPI,Tier2
30,89259.23,67,10,8,62.78,80.01,39,1053,6.01,Cash,Tier3
49,68912.26,49,7,21,28.33,94.21,51,6768,3.15,UPI,Tier1
55,53345.11,90,8,18,33.78,40.11,66,2164,3.88,Debit Card,Tier1
55,82706.83,79,5,25,75.72,41.06,63,4734,6.82,Debit Card,Tier2
45,46685.51,46,6,76,47.33,95.61,23,7389,8.99,UPI,Tier2
47,67097.71,48,7,73,45.55,70.49,5,6123,4.15,Credit Card,Tier2
20,61048.13,92,5,58,,,65,3086,1.42,UPI,Tier3
45,82140.87,68,18,56,41.29,65.87,32,8356,2.34,UPI,Tier1
20,30300.98,19,5,12,44.53,59.94,47,3464,1.0,Credit Card,Tier2
62,46295.65,88,7,42,46.65,8.86,49,237,7.87,Cash,Tier3
51,28958.6,40,7,39,16.26,36.47,94,701,3.23,Debit Card,Tier1
33,59288.87,6,6,65,36.47,17.77,90,4979,7.86,Credit Card,Tier1
39,91651.41,80,6,54,27.61,30.37,102,7019,9.26,Credit Card,Tier2
49,53880.16,96,12,71,32.75,25.56,9,1795,3.16,UPI,Tier1
55,53764.95,94,9,49,64.27,51.74,55,2259,8.29,Cash,Tier1
25,84177.94,63,5,24,35.24,34.46,12,6177,4.51,Credit Card,Tier3
25,88508.09,35,9,19,71.36,61.61,63,6537,6.75,Cash,Tier1
23,63051.44,72,7,56,33.67,60.97,7,9311,7.87,Cash,Tier1
31,80063.73,61,11,47,64.1,11.53,29,2111,5.16,Cash,Tier1
49,41307.0,5,12,34,64.28,88.78,43,4668,2.57,Debit Card,Tier2
52,,37,10,20,,45.98,8,2230,1.08,Debit Card,Tier3
27,112271.54,76,11,30,57.9,,68,7513,1.08,Credit Card,Tier3
20,76466.75,89,7,72,20.39,16.85,94,6584,5.59,UPI,Tier2
29,19144.7,97,7,17,37.3,79.72,87,5432,8.71,UPI,Tier2
66,52718.93,88,8,15,13.82,97.07,64,3805,5.47,UPI,Tier1
48,78482.16,11,9,55,52.5,84.17,115,8236,3.34,Cash,Tier2
46,55727.37,99,6,58,37.42,77.08,55,8645,2.25,Credit Card,Tier3
22,92988.37,40,6,28,18.55,93.92,29,3523,3.96,Credit Card,Tier2
69,77939.46,65,8,26,21.91,55.51,48,6662,9.04,Debit Card,Tier3
42,49457.54,8,6,23,44.55,19.14,39,4697,5.36,UPI,Tier3
58,65709.83,87,8,36,38.09,71.06,49,722,2.12,Debit Card,Tier3
48,45335.67,84,13,39,50.57,11.3,12,2271,3.14,Debit Card,Tier3
38,243932.52,96,35,53,37.44,14.5,76,9904,9.96,Debit Card,Tier1
37,52798.95,11,9,56,52.23,64.2,82,4278,5.82,UPI,Tier1
56,90844.76,71,3,47,27.97,20.99,85,3157,1.9,UPI,Tier1
39,111552.27,58,14,58,47.42,67.41,91,8672,4.15,Cash,Tier3
21,,94,10,64,57.92,4.85,83,2490,1.37,Cash,Tier3
30,22689.24,48,10,38,62.49,6.18,68,2236,1.31,Cash,Tier3
62,59606.21,13,6,78,66.14,33.26,55,6951,8.28,UPI,Tier3
59,31594.85,60,8,22,42.06,83.64,50,349,1.33,Debit Card,Tier2
67,66016.66,49,7,42,24.41,13.02,20,6719,8.35,Credit Card,Tier3
66,,67,2,65,31.05,39.73,80,7819,1.13,Debit Card,Tier2
37,97871.12,7,9,55,36.88,95.2,114,7416,7.0,Credit Card,Tier1
69,69430.68,77,11,72,18.88,21.88,6,5373,8.25,UPI,Tier1
30,60750.59,25,8,30,20.84,7.11,86,4521,3.38,UPI,Tier1
34,21475.53,23,7,70,36.88,47.21,51,9477,3.72,Cash,Tier1
53,65576.07,51,4,25,32.82,9.37,88,7049,9.52,Debit Card,Tier3
50,66568.32,47,9,68,64.0,10.43,103,1336,3.28,Cash,Tier2
18,79057.05,97,8,16,,21.68,37,4047,2.29,Credit Card,Tier2
32,49413.26,5,9,73,50.64,19.8,32,958,2.79,UPI,Tier3
30,55428.84,96,5,69,29.39,67.0,97,5317,2.23,Cash,Tier2
34,32483.95,94,8,20,46.22,61.39,71,4721,1.57,Cash,Tier2
41,14591.56,95,8,10,51.74,91.61,60,7511,8.05,Debit Card,Tier1
25,40613.06,13,6,60,26.7,93.37,41,8504,2.88,Cash,Tier3
67,30452.83,42,9,42,64.23,17.23,93,1212,7.62,Debit Card,Tier3
44,72407.67,5,7,48,44.29,71.96,30,748,1.22,Cash,Tier1
62,53601.05,23,11,49,,,19,2193,2.89,Credit Card,Tier3
40,53158.78,62,6,43,45.17,61.54,77,6764,2.68,UPI,Tier3
63,43342.91,1,6,14,54.21,85.98,114,440,2.04,Debit Card,Tier2
25,10000.0,74,7,78,54.76,93.05,22,7475,7.73,Cash,Tier3
25,98182.84,91,6,77,57.76,20.37,103,245,7.39,Debit Card,Tier2
43,42994.05,54,7,70,44.1,95.33,60,9512,8.44,Cash,Tier3
64,55926.76,72,3,11,18.28,,29,3537,6.81,Cash,Tier3
30,32992.37,3,12,70,73.16,39.55,42,9149,5.96,Cash,Tier1
56,86382.47,83,11,48,60.9,32.07,54,9550,9.6,Credit Card,Tier2
54,68155.44,64,9,79,7.8,45.21,50,8872,4.82,Cash,Tier1
66,46819.96,51,7,49,35.16,,18,3923,7.59,Debit Card,Tier1
45,56370.95,2,8,79,31.94,52.45,8,1778,2.77,Credit Card,Tier3
42,101919.96,49,7,12,30.1,22.74,7,9984,8.17,Credit Card,Tier3
33,,31,13,9,39.54,75.12,57,7292,7.45,Debit Card,Tier1
19,61001.86,74,11,53,57.5,45.69,37,7881,3.86,Cash,Tier2
35,44289.61,80,8,56,33.25,54.74,34,1666,9.65,Debit Card,Tier3
34,23319.21,84,9,36,52.89,29.88,105,252,8.9,Debit Card,Tier2
47,61479.15,3,7,17,58.47,19.71,100,871,8.04,Cash,Tier1
56,72160.67,35,10,47,,56.17,74,1005,5.55,Cash,Tier2
30,89190.86,98,5,26,57.37,1.87,40,3322,6.04,Credit Card,Tier3
49,15533.08,85,5,13,47.57,44.23,35,414,8.6,Debit Card,Tier1
67,40247.88,36,6,32,17.22,22.59,5,6116,6.52,Credit Card,Tier3
46,52223.7,64,4,26,69.18,59.01,90,6642,5.55,Cash,Tier1
63,64923.42,32,2,17,28.77,94.15,71,9937,3.95,Debit Card,Tier1
47,61809.26,18,8,22,29.89,91.29,7,302,5.54,Cash,Tier1
35,62322.85,34,7,30,47.53,49.76,12,8361,1.1,UPI,Tier1
30,73978.11,56,13,72,35.11,,103,5432,8.86,Credit Card,Tier3
60,45127.55,67,4,32,16.58,5.71,109,2307,6.91,Credit Card,Tier3
38,,53,7,79,58.53,,40,5841,7.5,UPI,Tier2
47,74535.95,67,11,75,11.19,51.86,63,138,5.32,Credit Card,Tier2
38,57963.69,91,9,76,44.44,53.28,108,3345,9.71,Credit Card,Tier2
65,100219.98,66,8,17,37.44,43.32,89,9663,7.4,UPI,Tier3
34,99241.15,64,7,54,62.03,57.77,42,7488,9.88,Credit Card,Tier2
57,85523.7,67,11,22,48.45,86.9,111,900,9.91,Cash,Tier3
36,10000.0,81,12,39,,70.65,106,1456,5.51,Debit Card,Tier2
69,99736.79,39,5,28,49.84,31.54,48,6542,8.87,UPI,Tier3
32,82484.69,38,7,18,56.52,,6,915,5.64,Cash,Tier2
26,109140.99,40,12,54,43.21,27.86,8,4402,2.92,Debit Card,Tier3
69,92224.22,19,8,72,26.77,0.3,9,9961,1.29,Credit Card,Tier1
27,,83,7,74,58.6,,1,3705,4.22,Credit Card,Tier1
61,84330.41,5,15,38,40.25,7.74,56,6384,7.4,Cash,Tier1
48,94671.25,69,10,29,28.85,33.38,39,6384,2.83,Credit Card,Tier3
40,108870.72,14,11,49,47.77,96.16,73,4744,6.31,Credit Card,Tier3
69,69764.2,91,3,5,26.49,77.92,33,1287,4.71,Credit Card,Tier3
47,30410.93,49,6,62,37.1,52.37,87,9644,8.01,Cash,Tier3
50,58235.86,64,12,52,53.65,7.96,101,8616,8.83,Debit Card,Tier3
69,73578.8,57,7,21,26.38,95.91,71,2215,5.75,UPI,Tier1
26,66647.53,35,13,59,37.93,4.83,62,6763,6.36,UPI,Tier2
64,37575.64,85,4,41,37.58,92.67,102,9198,1.77,Credit Card,Tier1
18,29116.51,5,9,68,53.76,1.39,14,9001,7.52,Debit Card,Tier2
61,48694.42,88,12,24,72.05,57.54,17,9808,1.46,Cash,Tier1
52,82770.27,39,6,38,41.23,30.31,97,8452,5.73,UPI,Tier1
28,99767.47,24,5,7,42.59,44.27,103,1982,2.29,Cash,Tier2
51,85164.49,40,7,78,51.67,95.16,51,3825,4.1,Credit Card,Tier1
33,88263.4,50,9,60,53.19,58.05,6,5819,5.69,Debit Card,Tier2
26,63222.06,77,10,38,56.34,94.58,15,6202,8.26,UPI,Tier1
49,26674.19,58,6,27,20.88,,108,3326,1.01,Cash,Tier1
32,54985.15,1,9,47,43.62,20.82,112,8235,3.04,UPI,Tier3
29,59307.18,43,6,36,28.11,57.33,64,3499,7.08,UPI,Tier3
50,54064.85,39,8,70,40.89,,31,184,3.01,UPI,Tier2
62,66203.29,10,9,62,37.67,,39,8121,2.01,UPI,Tier2
31,74711.23,2,15,66,46.91,96.9,48,4811,6.25,Debit Card,Tier2
25,83766.33,63,8,43,49.76,10.18,100,9392,2.74,Credit Card,Tier3
25,58881.36,16,8,61,28.62,75.76,5,6046,2.61,Cash,Tier2
44,23117.29,37,8,21,,69.62,38,7291,5.62,Debit Card,Tier1
29,54376.69,16,10,39,76.75,75.28,29,2512,5.9,UPI,Tier1
18,65961.63,87,12,6,36.58,56.96,8,8329,5.72,Debit Card,Tier3
60,91901.77,90,9,22,32.68,54.78,40,5381,8.55,Debit Card,Tier2
57,,80,5,75,31.35,57.59,31,2468,1.61,Credit Card,Tier2
59,76275.96,27,3,32,29.59,2.86,111,3093,2.18,Credit Card,Tier1
68,,63,9,50,37.74,73.79,115,1246,3.62,Debit Card,Tier1
28,65965.81,94,14,9,24.69,36.81,30,4332,4.76,Credit Card,Tier3
56,85471.73,64,5,23,,75.02,97,176,1.63,Credit Card,Tier1
60,50461.49,97,7,32,45.62,91.94,32,3565,2.54,Credit Card,Tier1
48,52345.9,32,7,38,54.53,18.49,64,8842,7.34,Credit Card,Tier1
34,64738.18,9,3,9,,26.52,97,184,5.08,Cash,Tier3
50,50916.78,11,8,34,49.34,41.76,39,9950,9.42,Debit Card,Tier1
49,76176.27,70,8,28,37.59,,91,9251,4.09,UPI,Tier3
46,49309.77,30,3,23,73.56,32.01,1,2557,9.66,Cash,Tier2
38,69978.69,15,5,24,31.37,54.3,50,7676,6.2,Cash,Tier3
38,,59,11,55,49.18,63.42,20,7692,3.24,Debit Card,Tier3
57,69728.37,48,9,36,52.78,30.18,42,2536,1.16,Debit Card,Tier3
40,54885.69,94,11,17,59.07,0.72,55,5435,9.64,UPI,Tier1
23,57540.06,82,3,65,51.84,38.15,95,4468,7.12,Debit Card,Tier2
39,67112.2,76,6,44,23.43,15.37,115,3384,6.61,Debit Card,Tier2
67,69445.64,60,8,68,17.64,82.48,109,8279,3.71,UPI,Tier2
55,64907.56,68,11,67,67.08,76.45,15,8618,5.48,UPI,Tier3
54,102517.97,57,3,23,43.08,75.35,3,3187,1.05,UPI,Tier3
62,43203.79,64,13,21,43.35,68.27,4,3755,5.89,Cash,Tier1
68,63587.52,54,13,21,60.34,15.62,107,167,3.25,Credit Card,Tier2
25,30380.16,80,11,7,63.7,75.14,114,7267,6.66,UPI,Tier1
58,73185.79,87,8,22,55.74,62.95,18,5072,1.21,UPI,Tier3
66,40464.58,75,8,18,4.84,89.96,12,7518,9.49,UPI,Tier1
52,58877.17,54,9,67,28.82,39.34,96,162,8.05,Credit Card,Tier1
68,56814.58,59,12,7,41.23,82.5,13,9518,9.78,Cash,Tier2
28,71179.6,88,7,29,46.27,39.85,19,4686,2.93,Credit Card,Tier1
41,52838.6,86,7,11,35.78,2.13,108,5669,3.52,Cash,Tier2
66,51903.27,39,7,29,52.68,84.36,51,3031,3.54,Cash,Tier2
38,96588.84,15,8,21,29.23,63.29,84,9211,1.65,UPI,Tier2
68,71260.47,79,8,75,35.26,31.3,103,191,7.8,UPI,Tier1
19,52656.88,74,8,38,54.61,65.51,35,3978,3.62,Credit Card,Tier2
57,59481.66,28,6,53,40.52,36.76,58,1196,4.98,Debit Card,Tier3
36,101197.81,36,15,31,,20.16,73,265,5.84,Cash,Tier2
56,59826.37,54,6,64,29.87,90.74,114,1011,6.8,Cash,Tier2
45,49835.91,17,8,39,44.39,,90,408,5.61,UPI,Tier3
34,49930.08,86,9,65,37.24,29.56,67,9831,1.95,Debit Card,Tier2
23,,87,8,73,47.44,65.29,117,2905,6.04,UPI,Tier1
36,51921.05,93,5,12,15.29,72.48,4,5529,1.48,UPI,Tier1
55,36847.75,22,7,18,,,114,1448,3.21,Cash,Tier3
45,40267.6,75,6,39,28.4,24.03,77,3805,7.98,Debit Card,Tier1
19,46754.95,36,9,68,35.36,18.53,10,1931,4.19,Credit Card,Tier1
55,78014.56,29,7,72,65.54,60.91,90,4496,8.39,UPI,Tier1
54,56612.78,55,6,16,42.25,3.8,74,4007,3.93,Debit Card,Tier1
68,60442.44,42,11,61,48.13,40.93,46,4938,1.58,Cash,Tier1
69,92941.94,32,12,38,36.4,80.73,30,3688,4.17,UPI,Tier2
21,93490.16,14,12,39,42.66,92.79,61,3786,6.21,Debit Card,Tier3
39,58793.25,18,8,33,46.54,25.4,71,3321,5.85,Debit Card,Tier1
43,51121.0,38,8,35,34.03,,26,3865,8.66,Cash,Tier1
66,45982.53,34,7,70,47.3,25.02,86,6975,7.22,UPI,Tier1
60,80241.07,45,4,31,46.39,25.39,45,1563,4.94,UPI,Tier2
53,60496.44,87,8,17,64.56,39.12,42,6452,7.88,Credit Card,Tier3
30,56497.11,32,5,46,33.38,,50,8174,2.45,Debit Card,Tier2
69,47099.38,67,9,24,66.2,21.68,97,1505,5.57,Debit Card,Tier3
49,48067.34,63,3,7,41.6,,105,5637,2.77,Credit Card,Tier1
34,,55,7,58,53.39,72.85,70,2557,7.21,Cash,Tier2
58,36060.36,43,8,21,41.67,63.37,11,8754,3.9,Cash,Tier3
53,86887.11,22,7,20,44.68,18.1,42,4493,8.13,Cash,Tier1
63,53255.42,87,8,42,74.09,12.25,23,9991,3.18,Cash,Tier2
36,61708.01,68,7,23,71.47,19.04,57,5734,9.16,Cash,Tier1
52,35586.48,77,9,68,71.95,28.23,45,4267,6.23,Cash,Tier1
63,64727.95,96,7,71,64.54,40.88,117,9561,6.11,UPI,Tier3
57,57776.94,29,6,40,53.51,87.65,57,5729,9.93,Credit Card,Tier2
45,63898.23,40,5,12,41.58,1.75,41,7852,2.85,Cash,Tier1
18,97377.6,45,5,43,68.34,,27,3061,3.15,Credit Card,Tier1
59,68909.36,10,19,71,78.82,10.87,89,5684,8.63,Credit Card,Tier2
35,47517.5,77,11,37,16.47,,104,9097,7.08,UPI,Tier3
65,49350.96,45,8,52,51.23,93.03,18,4120,6.91,Credit Card,Tier3
57,78092.89,17,5,50,26.8,3.08,51,1519,8.69,Credit Card,Tier3
50,93571.25,2,8,37,38.01,88.39,31,3064,9.41,Debit Card,Tier1
29,71202.2,17,5,20,61.78,64.08,69,8527,6.29,Credit Card,Tier2
25,80151.68,90,11,41,67.75,53.2,64,3030,3.26,UPI,Tier3
41,78414.23,38,5,72,21.03,56.03,32,4853,3.41,Credit Card,Tier1
33,96219.42,37,3,54,25.96,91.78,87,6312,8.89,UPI,Tier2
67,22109.02,63,9,9,40.54,,30,2436,2.33,Debit Card,Tier1
21,79678.82,5,4,69,48.48,,111,3661,4.76,Debit Card,Tier3
55,86642.19,25,10,48,31.55,87.39,84,5325,2.44,Credit Card,Tier3
61,35548.08,73,4,23,65.12,58.59,9,9820,7.16,UPI,Tier3
44,45515.3,92,11,50,38.27,15.5,63,7200,6.99,Cash,Tier3
26,46282.78,22,6,10,51.81,70.18,66,6668,9.09,Cash,Tier3
64,48966.62,93,3,52,48.78,90.68,75,3021,4.52,Credit Card,Tier1
33,54402.22,63,11,69,27.02,1.29,16,6862,3.07,Debit Card,Tier1
29,70337.26,35,10,63,47.26,65.01,7,8616,4.28,Credit Card,Tier3
48,84044.84,55,15,36,50.13,36.75,100,3289,7.28,Credit Card,Tier1
41,88788.97,20,12,15,42.28,7.3,50,3280,1.87,Cash,Tier3
31,46567.89,5,9,22,42.15,34.36,27,7232,1.75,UPI,Tier2
62,46416.53,39,10,18,16.29,93.32,44,4119,9.52,Debit Card,Tier2
42,93948.08,63,7,13,58.43,32.32,63,4184,1.77,UPI,Tier3
51,79228.37,32,9,65,42.23,60.74,40,3920,9.67,Credit Card,Tier2
20,66823.03,63,9,6,38.81,,44,1848,7.53,Debit Card,Tier2
41,75413.41,74,14,33,-3.76,34.53,77,1835,5.34,Debit Card,Tier2
59,64344.32,40,3,21,42.1,49.21,12,5414,1.56,Cash,Tier1
26,306163.44,17,20,63,36.34,92.48,84,9936,4.86,Credit Card,Tier1
43,57606.53,79,9,29,61.89,36.39,114,487,9.07,Credit Card,Tier2
37,70913.71,73,2,34,40.98,43.06,114,6887,6.71,UPI,Tier1
57,31767.99,32,6,12,43.4,88.65,38,2812,3.98,Credit Card,Tier3
27,49868.75,23,6,57,49.59,46.4,116,2833,5.38,Cash,Tier2
36,50105.75,75,5,38,56.08,79.28,81,705,6.47,Cash,Tier1
20,56763.42,60,13,15,45.8,2.75,35,1285,3.16,Credit Card,Tier2
41,44616.71,77,11,64,15.28,13.16,89,3732,7.75,Cash,Tier1
22,53262.04,82,3,52,40.15,67.64,21,9045,6.95,Debit Card,Tier2
20,31682.89,56,5,32,48.45,,36,2954,6.88,Debit Card,Tier1
44,,9,7,59,31.23,77.26,47,5464,7.89,Debit Card,Tier3
33,63184.7,69,5,43,34.8,,117,5270,7.62,Credit Card,Tier1
66,27485.43,62,7,66,78.01,22.8,81,789,5.72,Cash,Tier2
32,46633.74,64,10,67,44.31,,100,8655,8.76,Cash,Tier3
52,72405.23,22,6,61,73.08,19.9,7,2755,5.44,Credit Card,Tier1
29,53053.52,32,11,58,35.55,44.69,52,3963,4.0,Debit Card,Tier2
58,49667.29,47,6,26,51.04,55.04,79,5002,3.57,UPI,Tier3
61,63358.96,2,8,53,47.91,0.82,26,2348,2.1,Debit Card,Tier1
43,72559.15,85,14,79,40.4,32.76,82,6808,7.66,Credit Card,Tier3
64,33400.25,92,9,71,36.93,85.37,101,6003,1.3,Debit Card,Tier3
51,,52,11,36,53.94,40.15,43,383,8.26,Debit Card,Tier3
40,,88,7,46,,,64,8431,8.67,Debit Card,Tier2
48,64605.58,88,9,73,21.67,45.98,12,7463,6.63,Credit Card,Tier2
67,64220.76,14,10,14,60.09,14.53,92,194,3.26,Debit Card,Tier2
37,53404.55,37,12,44,50.31,10.18,92,7207,2.81,Credit Card,Tier1
29,42479.49,27,7,58,47.42,22.75,62,9774,1.66,Debit Card,Tier3
40,58714.9,24,11,12,47.47,65.92,45,1126,9.11,Credit Card,Tier1
21,,64,9,76,48.97,87.27,118,2107,5.49,UPI,Tier2
40,35043.15,70,11,29,20.95,26.2,24,4157,4.43,Debit Card,Tier3
65,102230.89,26,7,44,37.12,33.24,16,1258,9.93,UPI,Tier2
65,59286.13,54,12,10,80.15,35.4,24,7659,1.72,Debit Card,Tier3
18,65778.17,15,9,45,44.0,74.37,57,572,8.05,Debit Card,Tier3
42,41092.36,29,5,35,41.3,39.37,6,2236,8.77,Debit Card,Tier1
19,48032.07,74,7,26,49.44,51.94,25,3943,8.18,Cash,Tier2
47,53935.99,28,8,56,38.45,68.19,92,9256,8.82,Credit Card,Tier1
20,41994.71,59,9,60,49.18,90.65,19,3252,3.76,Debit Card,Tier3
38,60403.8,73,6,26,,9.62,27,5901,9.57,Cash,Tier1
42,56045.65,21,6,23,40.16,93.74,39,5179,8.92,Cash,Tier1
37,,10,7,25,62.74,50.5,6,1117,6.85,Debit Card,Tier2
66,39348.57,4,9,7,33.76,10.33,18,8074,9.17,UPI,Tier2
69,67259.19,62,4,78,20.24,52.28,65,9197,8.47,UPI,Tier1
39,70452.62,4,10,73,50.82,45.93,55,1802,8.36,Credit Card,Tier1
38,41452.95,6,8,10,31.1,18.23,39,1873,1.81,Credit Card,Tier2
50,80110.2,90,9,59,53.03,30.87,60,6950,5.73,Cash,Tier1
69,56236.81,80,5,33,44.76,33.77,75,1360,4.09,Cash,Tier1
55,10167.43,72,12,5,64.97,43.79,73,4561,2.66,Credit Card,Tier3
32,79516.69,92,10,76,63.68,82.09,119,7613,6.57,UPI,Tier2
63,40427.3,16,11,70,33.11,42.33,66,7278,6.91,Credit Card,Tier2
69,41948.95,38,6,12,50.61,84.15,116,1487,3.99,Credit Card,Tier3
32,80133.85,49,12,47,42.15,41.45,101,7662,6.28,Credit Card,Tier1
63,57362.45,61,9,72,57.1,25.5,72,4271,8.31,Cash,Tier3
42,85190.99,65,7,66,57.53,,70,8863,7.39,Debit Card,Tier1
38,91623.65,83,6,33,66.03,3.65,70,9854,3.65,Debit Card,Tier2
41,50811.57,50,9,45,23.34,52.85,86,1061,9.99,Credit Card,Tier2
22,82451.77,17,12,40,26.37,1.14,28,867,8.86,UPI,Tier1
23,48379.86,28,6,19,33.53,81.3,70,1020,7.89,Cash,Tier3
66,114128.55,44,9,64,47.34,54.68,68,6075,9.85,Cash,Tier2
60,49754.95,12,12,76,27.93,78.1,25,1854,8.55,UPI,Tier3
65,87573.92,70,10,11,24.99,66.9,86,6467,7.92,UPI,Tier2
61,83563.38,71,12,61,65.97,41.6,57,6684,8.64,UPI,Tier2
64,71953.93,72,7,35,42.79,15.06,107,774,1.91,Credit Card,Tier3
40,50248.05,3,10,24,49.83,38.72,18,6240,6.21,UPI,Tier2
21,61669.26,49,3,21,60.89,89.28,73,5756,3.77,Cash,Tier1
44,17621.06,21,10,16,65.87,2.46,15,7576,5.36,Credit Card,Tier3
35,69937.24,8,5,6,26.03,86.94,88,4419,8.85,Debit Card,Tier2
38,72691.54,64,11,54,,76.8,105,3936,3.88,Credit Card,Tier1
45,,92,11,48,38.49,31.22,115,7145,1.84,Credit Card,Tier3
52,10000.0,59,10,22,56.32,49.96,91,2634,1.53,Cash,Tier2
39,37156.0,30,12,60,30.89,30.6,109,5448,3.83,Credit Card,Tier2
57,48542.0,32,6,58,36.86,94.05,29,9884,3.27,Debit Card,Tier1
40,71416.5,75,5,12,57.25,28.04,35,7130,1.14,Cash,Tier1
20,71365.46,20,14,39,51.05,55.4,95,2778,4.08,Debit Card,Tier1
57,61255.08,16,3,18,59.45,59.44,90,4311,6.25,Cash,Tier2
67,78975.4,25,9,38,50.15,88.51,88,8601,5.06,Cash,Tier1
27,42422.67,60,11,22,39.03,87.17,110,6635,1.27,Debit Card,Tier3
42,78425.17,45,11,6,48.52,56.53,37,4843,2.43,Cash,Tier2
69,75444.33,9,9,26,46.16,98.59,23,6080,4.44,Cash,Tier1
66,73306.2,51,11,41,42.55,73.9,44,9206,8.33,Debit Card,Tier1
25,60995.11,61,3,66,63.55,35.51,53,944,5.8,Cash,Tier2
28,105276.36,40,13,7,44.91,7.68,40,4960,6.1,UPI,Tier3
22,75850.31,61,10,62,35.26,7.47,112,9808,5.28,UPI,Tier3
62,43696.61,67,10,71,38.57,46.75,42,3843,8.92,Cash,Tier2
54,,80,4,65,47.36,6.19,56,9985,7.97,Debit Card,Tier3
62,81554.63,76,10,77,56.19,22.41,113,2709,7.75,Credit Card,Tier1
55,,15,9,68,57.93,16.43,86,4970,9.76,Debit Card,Tier2
46,88963.99,53,12,58,43.71,50.67,84,8689,1.19,Debit Card,Tier1
22,73404.74,4,10,26,29.88,78.81,97,292,6.15,UPI,Tier2
26,13465.48,23,6,32,,10.57,30,7780,2.77,Cash,Tier2
65,71592.78,27,8,79,6.5,23.46,85,8540,9.94,Credit Card,Tier1
19,56067.36,37,8,21,42.77,15.07,48,3241,3.44,Credit Card,Tier2
18,76817.96,77,3,32,41.41,28.01,110,7082,2.06,UPI,Tier3
57,85772.73,43,9,36,61.02,80.58,45,2389,1.31,Debit Card,Tier2
68,69293.57,37,10,72,71.05,90.94,81,9123,6.84,Cash,Tier3
47,101635.55,85,10,65,57.85,62.46,114,1709,1.21,Cash,Tier2
28,61068.45,29,13,54,55.74,86.66,43,4031,1.33,Credit Card,Tier1
45,78745.99,29,10,34,44.52,42.58,62,6141,3.45,Cash,Tier2
61,82708.74,49,7,45,42.06,34.15,12,5115,7.49,UPI,Tier1
29,62858.39,75,11,77,45.94,43.22,93,7249,6.8,Cash,Tier2
56,82133.03,51,8,10,47.87,11.92,7,5507,4.01,UPI,Tier2
43,51917.19,50,7,57,41.03,98.1,90,2779,3.34,Credit Card,Tier2
30,55703.49,28,7,62,57.84,90.88,43,5032,8.93,Cash,Tier3
25,36125.25,74,10,5,51.0,20.76,9,9374,4.88,UPI,Tier2
45,70311.0,5,6,35,42.87,85.31,70,9210,2.47,Credit Card,Tier3
47,,56,14,24,73.52,27.78,90,7969,3.91,Cash,Tier1
26,90943.79,64,8,76,72.75,39.41,52,5516,4.09,Cash,Tier2
56,82405.08,89,7,42,73.03,35.41,83,9334,5.71,Cash,Tier3
48,58734.5,97,9,60,27.55,68.01,61,688,6.69,Cash,Tier2
38,39080.05,17,13,50,51.86,11.92,113,6257,5.54,UPI,Tier2
64,74522.71,97,3,14,23.29,63.84,111,6446,2.33,Cash,Tier3
51,89436.57,89,7,42,50.1,76.26,68,3468,7.32,Credit Card,Tier2
48,81614.07,97,8,79,61.98,48.57,96,3074,1.62,Credit Card,Tier2
69,88858.51,55,9,18,26.2,60.75,51,5391,6.02,Credit Card,Tier1
42,60338.43,9,7,29,62.16,68.62,15,8203,4.68,Cash,Tier1
29,54734.38,91,3,64,65.28,83.52,3,4870,2.74,Debit Card,Tier3
18,48788.17,89,3,64,,98.8,66,6923,7.55,UPI,Tier1
39,63770.28,68,10,22,38.49,92.04,42,5523,4.31,Cash,Tier1
57,63271.0,73,7,23,11.54,21.76,78,5956,5.39,Credit Card,Tier1
54,69546.91,79,6,78,79.93,11.38,50,2523,7.3,Credit Card,Tier2
64,,16,3,29,38.22,84.92,19,3693,8.47,Cash,Tier1
18,62060.19,16,11,58,30.15,71.51,45,6699,2.5,UPI,Tier3
18,47912.73,13,9,27,40.55,14.94,119,9971,4.54,Credit Card,Tier3
59,85715.62,78,10,37,48.57,18.91,75,2413,1.71,Credit Card,Tier1
59,66683.4,86,8,55,62.68,33.71,115,7368,1.59,UPI,Tier3
38,61162.23,85,12,35,32.43,52.47,97,6522,5.82,Credit Card,Tier2
32,48556.56,73,8,10,,98.54,21,841,6.35,UPI,Tier2
34,35697.91,63,13,31,55.43,,56,6572,2.47,Debit Card,Tier3
39,93775.21,41,9,17,31.6,17.77,85,6601,2.36,UPI,Tier3
55,77202.05,53,7,10,48.8,25.97,56,3311,6.92,Credit Card,Tier2
52,29273.81,68,8,55,45.76,68.98,116,5375,8.51,UPI,Tier1
62,81789.13,74,4,51,50.69,33.74,83,5025,9.89,Cash,Tier2
33,85294.59,99,5,44,12.78,,50,5705,3.56,Cash,Tier3
25,67736.27,9,5,77,49.56,46.57,93,1025,9.23,Credit Card,Tier3
64,100158.44,51,8,70,46.01,15.3,38,9473,7.6,UPI,Tier3
34,69767.83,48,5,67,43.65,8.27,8,2058,1.25,Debit Card,Tier2
34,33829.88,80,9,70,,50.9,40,149,3.63,Cash,Tier1
43,73033.72,49,9,41,47.46,85.86,32,7094,5.01,Cash,Tier3
30,70387.74,18,9,63,28.75,59.03,118,1243,4.06,Credit Card,Tier1
34,51727.47,10,15,42,35.26,57.07,112,7980,9.15,Credit Card,Tier2
55,77618.29,85,5,27,51.94,63.69,55,7142,9.32,Credit Card,Tier2
34,28311.36,54,12,75,,94.88,44,8430,4.08,UPI,Tier1
65,86792.47,79,9,73,10.96,84.41,34,1474,4.59,UPI,Tier2
31,45681.32,15,9,79,65.32,,21,3088,7.99,UPI,Tier3
62,43331.19,11,11,65,,89.17,20,4307,2.42,UPI,Tier2
23,62495.86,40,10,29,36.44,61.85,27,1111,2.12,Cash,Tier1
52,74525.4,47,8,7,45.76,54.27,50,6877,7.7,UPI,Tier3
63,68606.33,20,9,38,37.2,1.96,56,2942,5.74,Debit Card,Tier3
31,48661.5,98,7,37,45.14,47.79,23,4554,2.65,Cash,Tier3
64,53866.04,22,7,25,52.1,4.22,117,8647,8.74,Debit Card,Tier3
25,40073.07,48,9,58,55.35,78.58,63,2129,4.75,Cash,Tier1
32,60057.04,82,7,68,77.54,1.93,58,3039,6.55,Credit Card,Tier2
44,88650.47,16,6,24,19.87,4.06,80,6042,9.86,Debit Card,Tier1
30,64906.22,5,9,35,66.56,3.7,77,1722,9.53,UPI,Tier3
66,83907.11,65,9,47,36.74,40.69,85,7157,1.98,UPI,Tier2
48,97018.83,83,11,54,29.06,,7,8774,7.73,UPI,Tier1
52,52063.59,74,4,17,42.76,91.24,89,4489,7.92,UPI,Tier1
23,60895.39,21,7,45,52.94,,80,3137,8.5,Debit Card,Tier1
22,112766.24,61,9,68,19.74,81.76,101,5676,9.2,Cash,Tier1
39,96775.56,77,8,37,46.48,51.9,85,8816,8.08,Debit Card,Tier3
66,28207.1,55,14,44,39.39,19.76,113,517,5.54,Cash,Tier2
40,73517.26,24,4,79,30.4,89.16,29,6590,5.35,Debit Card,Tier3
42,65012.32,23,11,41,35.66,76.85,49,5354,7.93,Credit Card,Tier2
51,332727.88,87,30,79,38.51,61.37,36,3507,6.04,UPI,Tier3
43,194441.88,11,65,57,87.78,90.57,30,734,1.37,UPI,Tier1
64,46528.62,47,9,40,20.64,76.01,110,2244,2.58,Credit Card,Tier3
22,50126.44,2,11,56,34.82,15.67,85,8317,2.12,Credit Card,Tier3
43,52417.57,70,3,12,26.06,13.37,34,3332,2.02,Debit Card,Tier2
37,82937.13,53,5,27,34.9,40.56,53,6768,4.66,Cash,Tier1
23,39013.57,11,9,33,54.37,17.96,49,9865,2.14,Cash,Tier2
23,51302.49,15,12,16,20.27,37.17,28,6850,4.95,UPI,Tier2
67,25641.73,73,8,71,32.54,17.57,84,6839,9.28,Credit Card,Tier1
35,87156.59,12,11,5,39.07,91.21,3,6624,4.69,UPI,Tier2
21,92962.66,36,6,20,50.83,30.62,24,7549,5.48,Debit Card,Tier2
34,57804.38,92,7,71,42.03,86.49,78,930,1.77,Debit Card,Tier2
31,58445.11,23,7,72,55.6,33.08,112,6746,9.12,Debit Card,Tier3
31,74970.88,27,4,57,,5.53,20,7989,8.25,Credit Card,Tier2
30,97438.6,88,8,39,42.37,74.31,8,7481,5.07,Debit Card,Tier3
24,73989.44,14,6,69,38.11,64.31,18,983,5.71,Debit Card,Tier3
61,,54,4,74,58.46,84.48,49,931,9.39,UPI,Tier3
32,,99,3,74,48.72,87.67,17,9171,4.82,Credit Card,Tier1
36,40467.22,27,6,54,46.15,78.56,64,8322,2.1,Cash,Tier2
60,66610.83,21,5,29,14.94,84.68,116,2205,6.33,UPI,Tier1
64,50582.79,49,12,31,29.29,36.66,4,121,3.98,Credit Card,Tier3
61,69289.29,62,5,9,51.36,31.0,23,4381,4.07,UPI,Tier3
52,52835.67,77,6,70,77.77,43.07,50,925,9.2,Credit Card,Tier1
34,41720.78,72,7,66,35.15,90.09,76,4242,7.02,Debit Card,Tier1
52,39105.3,44,7,44,41.29,77.08,34,1840,7.45,Cash,Tier1
36,99371.8,44,11,57,40.29,61.43,50,9457,7.43,Cash,Tier3
37,84557.73,98,5,43,48.26,33.94,1,3988,6.64,Debit Card,Tier3
53,103071.39,61,7,8,33.23,75.37,35,3229,9.65,Cash,Tier1
52,76878.92,42,5,13,41.0,17.04,94,618,3.16,Cash,Tier2
49,55540.19,23,9,75,61.5,58.96,21,2195,5.15,Debit Card,Tier1
65,94113.5,73,8,46,54.76,69.66,114,4381,7.08,Cash,Tier2
61,64272.5,1,10,9,,3.48,35,3266,2.32,Credit Card,Tier3
57,69858.52,36,7,35,46.35,56.61,87,9132,3.23,Cash,Tier2
41,64057.86,55,7,66,52.69,98.37,119,9874,3.76,Debit Card,Tier1
34,10000.0,16,8,45,53.92,39.3,79,9027,4.38,Debit Card,Tier2
24,,89,11,33,80.34,78.45,23,2129,4.08,UPI,Tier2
60,75802.09,18,7,32,29.22,71.11,108,2341,1.49,Cash,Tier2
67,72256.11,98,8,42,36.53,6.85,59,1300,4.35,Credit Card,Tier1
18,63640.93,38,8,32,52.33,1.29,65,1898,2.66,Credit Card,Tier1
52,68595.41,67,8,79,43.76,77.64,31,6177,1.81,Debit Card,Tier1
49,51859.86,20,7,13,10.49,18.66,27,245,3.33,UPI,Tier1
53,78564.75,19,14,35,42.18,32.97,109,8638,3.08,Cash,Tier1
30,36243.84,13,9,17,61.12,55.45,87,1861,2.26,Debit Card,Tier3
23,69093.51,17,8,26,70.31,52.73,84,6508,2.18,Debit Card,Tier3
31,77354.62,78,9,46,79.2,15.51,103,4776,7.47,Credit Card,Tier1
54,60629.28,30,6,41,31.54,6.75,32,8222,9.96,Cash,Tier1
65,73159.09,86,8,40,61.42,66.23,96,2782,1.34,Cash,Tier3
32,43190.64,43,10,15,55.32,85.63,109,688,5.54,Credit Card,Tier1
64,43751.81,48,10,20,36.61,98.5,84,3559,2.47,Cash,Tier3
21,70207.78,43,6,25,41.86,55.24,28,6865,2.14,Credit Card,Tier1
57,79928.09,93,12,58,43.28,56.82,22,2525,2.38,UPI,Tier2
33,23752.96,66,3,13,48.8,74.99,5,4105,7.0,Cash,Tier2
45,76484.45,53,6,44,77.6,24.64,3,4379,2.05,UPI,Tier2
33,53049.57,72,12,55,,76.61,111,9609,6.17,UPI,Tier2
21,60758.27,78,8,74,48.88,15.01,97,240,3.04,Debit Card,Tier2
62,35530.61,34,9,26,37.91,59.09,101,4746,9.6,UPI,Tier2
43,46264.42,77,9,33,52.67,97.9,81,2130,5.5,Cash,Tier3
45,86254.76,74,7,28,34.78,38.17,62,699,8.35,Cash,Tier1
49,65722.99,72,9,35,36.88,41.07,100,5761,9.5,Credit Card,Tier3
62,56578.88,71,5,46,31.2,81.05,51,3333,3.88,UPI,Tier3
19,62437.26,13,3,59,57.18,54.78,99,1267,1.11,Cash,Tier1
48,75762.66,90,9,6,39.51,89.34,75,3084,9.82,Debit Card,Tier3
20,74690.88,56,6,76,52.02,23.3,100,7034,2.57,Debit Card,Tier2
25,63349.41,59,10,54,28.97,75.26,73,8876,4.89,Debit Card,Tier3
41,89045.1,32,6,74,21.45,92.48,48,1300,4.9,Cash,Tier1
32,86350.18,83,10,33,36.76,47.13,67,6489,2.26,Debit Card,Tier3
60,74094.18,79,4,27,27.01,65.34,91,7507,5.3,Cash,Tier2
48,66201.46,54,10,44,42.38,55.89,103,2190,7.82,Debit Card,Tier1
26,79461.06,2,9,40,46.58,59.77,108,1939,4.63,Debit Card,Tier2
56,71913.88,37,2,32,34.49,65.26,23,1617,2.05,Credit Card,Tier3
62,88337.6,83,9,28,58.93,23.94,59,1177,6.19,Debit Card,Tier2
19,84790.35,97,9,59,14.34,27.17,7,8275,9.48,Debit Card,Tier1
25,42598.41,33,10,53,53.05,33.67,51,4915,1.71,Cash,Tier1
24,41108.81,1,6,8,57.56,18.62,116,2921,3.43,UPI,Tier3
61,49572.51,28,15,52,38.63,85.53,11,9485,9.42,Debit Card,Tier2
68,86475.05,17,9,17,51.57,30.83,58,7408,6.43,Credit Card,Tier3
56,121284.8,57,40,48,58.69,57.55,41,5270,5.52,Credit Card,Tier2
59,73684.66,70,5,63,46.98,12.89,47,1085,3.85,Debit Card,Tier2
33,72975.95,52,6,26,44.59,54.55,99,8561,6.23,Debit Card,Tier1
52,90578.26,44,14,11,,52.66,102,6368,5.34,Cash,Tier1
47,,84,10,33,48.5,49.87,57,8417,6.23,Cash,Tier3
27,35449.39,47,6,42,40.7,58.55,42,9344,2.92,Credit Card,Tier1
55,43894.19,13,6,21,47.25,8.61,83,2036,5.62,Debit Card,Tier1
35,38996.1,76,9,28,42.71,98.52,74,9101,1.79,Credit Card,Tier1
67,53165.23,30,5,18,55.44,90.45,105,1542,4.91,Cash,Tier2
22,60976.17,85,10,11,56.82,19.46,28,6045,2.44,Credit Card,Tier1
46,39360.29,66,9,69,68.87,65.07,46,1239,2.91,Debit Card,Tier1
56,97354.56,53,10,56,55.36,68.03,73,1599,5.88,Debit Card,Tier1
51,35843.81,18,10,9,27.82,10.48,69,155,8.65,Credit Card,Tier3
60,94614.28,28,10,15,50.63,9.19,92,8482,5.27,UPI,Tier3
62,91073.59,4,8,51,27.9,50.67,111,3364,7.43,Cash,Tier2
40,84762.66,42,6,25,26.88,88.07,83,509,4.51,UPI,Tier2
22,49737.13,6,13,32,72.7,2.95,15,2194,1.0,Credit Card,Tier1
47,72533.92,9,9,17,,29.58,48,6079,8.21,Debit Card,Tier2
23,36897.84,20,8,38,45.47,89.19,61,6059,9.06,Credit Card,Tier3
63,85039.95,94,6,25,32.13,,50,3078,3.79,Debit Card,Tier3
61,63372.33,38,12,62,76.17,15.42,114,9544,9.88,Cash,Tier1
21,55994.96,68,7,11,55.07,36.33,46,5096,1.62,Cash,Tier2
46,38077.61,50,9,34,76.0,90.97,53,9092,2.69,Cash,Tier3
40,10494.87,60,11,46,32.32,30.0,27,5452,7.18,Credit Card,Tier3
23,42152.1,13,12,30,22.39,39.47,115,6328,7.09,Credit Card,Tier2
49,89481.56,99,5,56,47.82,,109,7125,9.41,Cash,Tier2
59,56137.66,94,17,63,44.31,25.06,119,7461,8.29,UPI,Tier3
35,61274.77,42,6,49,41.83,39.57,65,7722,2.74,Cash,Tier3
32,79422.2,68,11,37,63.54,20.16,54,7004,3.25,Credit Card,Tier1
57,104724.72,25,4,78,42.36,61.82,101,1784,1.92,Cash,Tier1
49,94150.1,31,5,72,24.74,30.69,28,3205,3.51,Credit Card,Tier3
26,43608.63,12,12,39,41.14,61.79,4,9543,5.61,Debit Card,Tier1
54,22263.45,64,1,78,53.65,62.16,13,2279,3.2,Debit Card,Tier2
27,116911.51,79,6,51,58.06,89.61,60,5580,7.35,Debit Card,Tier1
37,114917.82,61,13,31,25.17,56.77,59,6587,9.21,UPI,Tier2
23,69145.98,53,6,43,27.07,84.12,79,5883,2.75,Credit Card,Tier3
65,37049.26,26,9,32,30.23,71.69,63,248,9.75,Debit Card,Tier1
20,86190.98,61,5,24,42.92,16.32,104,2695,9.47,Credit Card,Tier1
59,62624.36,10,15,26,48.09,10.93,44,4892,3.97,Credit Card,Tier2
28,62514.42,12,13,30,75.9,87.82,115,2024,5.89,Credit Card,Tier2
60,84678.09,22,7,60,38.11,5.69,12,8014,7.5,Credit Card,Tier1
34,72356.24,53,11,28,57.11,24.73,45,8212,8.55,Cash,Tier2
49,38912.07,21,11,6,23.7,67.05,12,4296,2.98,Debit Card,Tier3
21,57855.68,35,7,71,32.74,63.38,102,8474,6.79,Cash,Tier3
21,79545.36,71,5,20,47.15,89.81,105,2258,8.0,Cash,Tier2
34,76225.55,82,6,44,20.63,,32,2637,4.19,Cash,Tier1
58,70764.36,27,4,31,65.4,26.41,53,8376,8.52,UPI,Tier2
36,,60,9,77,23.78,36.0,89,2792,6.8,Credit Card,Tier1
22,57042.23,99,11,36,41.27,99.02,82,9971,5.64,Credit Card,Tier3
49,68930.74,47,12,23,61.76,6.84,64,1143,2.47,Credit Card,Tier2
39,10000.0,66,5,22,42.06,34.98,117,8414,9.6,Debit Card,Tier3
23,55107.7,96,4,7,17.28,10.79,31,4380,2.37,Debit Card,Tier2
52,81805.86,15,7,65,,78.08,76,3190,7.19,Cash,Tier2
39,56411.32,24,10,32,64.1,25.15,18,3686,1.36,Credit Card,Tier2
18,54743.0,84,6,25,41.7,5.08,6,5616,2.63,UPI,Tier3
37,42088.04,10,8,8,40.68,49.21,3,4809,7.28,UPI,Tier2
39,87074.05,88,6,69,60.26,63.92,13,9192,5.0,Credit Card,Tier1
65,77066.19,24,4,22,19.86,83.46,61,5707,9.42,UPI,Tier3
28,83159.12,88,9,41,61.16,1.41,70,797,5.38,Credit Card,Tier1
30,27023.29,57,5,34,59.47,,12,4179,3.83,Cash,Tier3
59,61470.1,34,9,73,24.91,14.11,7,5963,9.96,UPI,Tier2
20,58837.56,41,13,56,32.96,76.76,85,4462,2.5,Credit Card,Tier3
26,58827.42,40,13,68,12.09,15.43,54,9473,3.85,Cash,Tier2
29,51447.39,11,10,42,22.49,30.16,4,218,8.98,Credit Card,Tier1
40,57385.71,90,7,21,71.22,5.25,96,3019,8.81,Cash,Tier3
31,83692.19,1,8,16,48.71,,12,8006,6.6,UPI,Tier1
50,22917.27,30,7,35,48.71,24.52,118,2635,2.46,Credit Card,Tier2
35,,43,9,15,54.09,12.5,61,664,5.73,Cash,Tier2
66,75644.5,82,8,28,43.86,29.05,71,2426,6.95,Debit Card,Tier3
58,64068.7,26,10,30,23.49,0.81,43,6833,4.12,Credit Card,Tier2
26,84950.35,53,11,58,45.2,87.86,30,4470,9.41,UPI,Tier3
40,,47,9,19,63.29,44.84,108,2252,3.27,Cash,Tier3
27,50376.58,9,11,15,20.01,44.42,105,2107,2.84,UPI,Tier1
36,62336.34,9,6,32,18.36,65.84,51,5617,4.53,Cash,Tier3
64,95042.33,1,8,45,46.28,16.69,19,7259,2.33,UPI,Tier3
22,63977.08,71,8,66,38.61,85.39,97,2877,6.25,Credit Card,Tier1
64,74901.2,44,11,39,40.68,9.49,29,7445,1.55,UPI,Tier3
69,52029.26,59,4,47,47.3,41.24,45,7614,1.51,UPI,Tier2
40,75710.53,56,8,45,40.05,74.61,76,432,2.58,Cash,Tier3
47,101899.27,51,7,60,60.18,41.84,21,7044,2.14,Debit Card,Tier2
42,86901.59,16,4,37,32.12,35.57,118,520,1.04,Debit Card,Tier3
45,63207.97,38,12,58,35.31,61.47,67,7219,6.32,Credit Card,Tier2
51,,11,9,20,56.47,85.03,106,1790,6.56,Cash,Tier3
62,77705.37,25,6,55,49.89,68.4,23,4709,9.34,Debit Card,Tier2
65,76144.93,93,7,25,55.08,16.11,78,6716,1.21,Debit Card,Tier3
64,89462.97,83,6,22,30.21,62.16,63,6679,1.69,UPI,Tier2
42,,82,9,18,35.59,96.78,61,3645,4.67,Credit Card,Tier2
27,62202.51,59,5,23,56.46,,105,4719,4.12,Debit Card,Tier3
31,79121.34,29,9,76,48.76,34.01,61,3808,5.84,UPI,Tier1
59,56571.91,80,4,16,43.84,61.95,109,5450,3.16,UPI,Tier2
63,44692.41,40,10,79,58.45,6.35,87,5695,5.97,UPI,Tier2
47,59071.14,8,4,73,47.84,75.28,76,7068,8.85,Debit Card,Tier1
58,63321.88,98,7,68,24.72,31.52,18,5366,6.09,Cash,Tier3
42,28445.22,6,8,55,37.42,6.14,45,5916,7.67,Debit Card,Tier2
31,83927.32,45,7,42,52.78,69.67,26,2421,6.84,Debit Card,Tier3
52,10000.0,53,7,77,61.6,15.35,97,2050,8.65,Credit Card,Tier2
69,124725.97,94,11,38,31.44,13.84,17,1574,2.19,UPI,Tier1
65,98041.34,98,3,73,12.38,26.96,19,8877,2.22,UPI,Tier3
51,237031.24,21,60,79,57.88,30.81,105,6103,9.06,Cash,Tier1
27,65207.38,57,5,28,63.5,45.57,109,3852,8.47,UPI,Tier1
52,71665.38,76,8,57,82.33,81.74,113,4579,2.26,Debit Card,Tier1
28,52038.47,6,8,20,39.77,,17,4229,2.13,UPI,Tier2
28,69237.62,63,10,44,48.2,2.34,73,954,8.51,Debit Card,Tier1
38,61832.0,6,11,70,39.28,31.24,12,5995,9.72,UPI,Tier1
38,62926.0,53,7,69,41.73,56.44,104,6996,5.74,UPI,Tier1
39,68992.14,4,8,77,43.83,39.83,41,8312,5.32,Cash,Tier2
62,36102.39,9,14,44,64.16,84.87,7,5528,2.61,Credit Card,Tier3
24,65870.53,69,10,56,60.64,10.91,111,8717,1.29,Cash,Tier3
34,68595.85,74,13,53,,77.38,66,8573,3.49,Credit Card,Tier1
19,67834.69,72,12,49,59.61,59.14,3,9798,9.59,UPI,Tier3
29,60251.72,87,7,24,47.25,44.55,53,8632,7.09,UPI,Tier2
59,90032.87,4,9,75,28.63,,36,7908,2.05,Cash,Tier3
35,57219.64,58,5,35,62.06,97.3,73,6754,1.46,Credit Card,Tier2
28,70001.17,37,9,43,40.62,7.57,115,1769,7.7,UPI,Tier2
33,93540.55,71,5,13,49.29,31.6,54,728,3.99,UPI,Tier3
66,63253.72,6,6,17,62.31,,92,5853,9.82,Debit Card,Tier3
68,69718.19,51,8,73,41.12,64.58,40,3487,5.37,Cash,Tier1
35,62879.54,79,9,23,29.04,9.37,110,3935,4.01,Debit Card,Tier3
52,92222.14,99,7,46,54.91,17.92,69,1123,3.11,Debit Card,Tier1
43,59330.06,50,3,19,64.89,8.75,23,4886,7.73,Credit Card,Tier1
33,93233.8,96,4,56,42.67,57.07,6,8175,5.15,Debit Card,Tier2
23,62721.07,14,9,32,26.26,88.81,118,3964,7.45,Debit Card,Tier3
61,46091.89,99,4,54,36.8,94.35,41,1344,6.36,Debit Card,Tier3
60,79946.21,11,16,19,13.46,35.3,92,1394,9.48,Cash,Tier3
64,58297.31,10,12,23,34.37,27.68,35,7346,1.18,Credit Card,Tier1
64,78651.02,61,7,39,44.81,3.8,33,1757,6.71,Debit Card,Tier3
65,10000.0,81,10,40,61.82,41.4,22,4424,4.93,UPI,Tier2
59,65114.52,13,8,37,45.86,,109,4056,8.06,Debit Card,Tier2
29,,34,13,43,39.34,84.77,4,7579,7.2,Cash,Tier2
30,41608.31,60,9,41,55.08,48.54,115,184,4.38,UPI,Tier1
21,52828.7,51,8,53,39.16,97.38,91,5625,4.33,Debit Card,Tier3
56,,5,8,57,65.97,24.44,36,4965,1.26,Cash,Tier2
19,63944.31,74,9,28,54.71,49.81,59,5036,9.92,Debit Card,Tier1
43,34918.82,32,11,43,51.56,81.29,37,3662,7.74,UPI,Tier2
44,71958.02,12,9,29,15.6,22.03,84,2363,2.35,Debit Card,Tier3
44,95056.73,52,7,38,69.55,41.6,58,7757,6.02,Cash,Tier2
32,71180.43,13,5,14,47.35,86.55,32,494,9.32,Debit Card,Tier2
25,82797.75,85,10,64,56.96,68.49,99,1980,2.31,Credit Card,Tier3
24,89080.37,54,5,68,69.67,,15,4020,8.83,Cash,Tier3
64,92202.77,97,10,60,46.37,57.36,114,1947,7.48,UPI,Tier3
63,106143.05,54,8,21,9.47,52.61,97,4094,3.92,UPI,Tier2
57,54017.56,41,6,46,41.91,47.6,60,7083,2.67,Debit Card,Tier2
29,49193.35,48,6,46,47.77,10.75,20,1257,6.66,Credit Card,Tier1
30,82236.24,51,6,51,37.91,36.7,23,6761,4.91,Debit Card,Tier2
60,80581.86,47,6,45,54.11,49.49,98,1336,3.55,UPI,Tier3
34,82064.86,50,5,35,30.16,96.83,22,4450,8.54,Credit Card,Tier1
34,106564.21,96,10,69,52.38,33.21,118,1113,9.95,Debit Card,Tier2
53,65250.14,76,7,75,31.94,21.41,8,6522,5.77,Debit Card,Tier1
38,74375.44,46,6,35,43.61,2.51,9,6513,1.8,UPI,Tier1
25,43431.46,99,9,31,57.04,46.72,67,1080,2.22,UPI,Tier1
22,111977.06,38,6,8,45.37,21.67,43,3941,8.15,Credit Card,Tier1
43,57596.01,92,5,29,26.86,63.59,90,9375,9.46,UPI,Tier2
33,58219.25,13,11,34,44.23,55.98,19,2940,1.98,Credit Card,Tier1
53,57371.5,76,8,70,30.79,56.25,13,1179,2.51,UPI,Tier2
45,50812.29,22,7,51,21.81,45.36,118,3151,9.12,UPI,Tier2
46,48952.38,2,5,43,41.0,69.85,94,3492,5.48,Cash,Tier1
64,53478.51,93,9,60,39.63,61.69,39,6052,9.74,UPI,Tier1
29,34952.49,77,2,63,50.1,77.52,28,9975,4.56,Cash,Tier3
54,47723.01,99,11,45,52.27,72.95,87,6129,2.67,Cash,Tier2
47,107877.19,13,5,35,29.58,11.51,109,4891,2.04,UPI,Tier3
40,81184.41,57,7,39,43.17,97.37,107,1235,5.8,Debit Card,Tier2
33,85369.89,34,11,55,70.7,22.17,35,2701,6.46,Debit Card,Tier2
31,90898.59,19,15,37,34.47,75.06,56,8622,5.61,UPI,Tier2
27,105350.96,9,8,62,46.1,78.11,59,674,6.45,Cash,Tier3
24,26028.7,95,5,78,,55.67,99,568,7.55,Credit Card,Tier1
62,37942.57,33,9,79,66.09,10.96,25,9490,6.31,Credit Card,Tier3
69,47318.08,27,7,73,48.17,,64,4575,7.81,Cash,Tier2
54,54665.94,45,9,25,17.57,94.48,93,9136,6.29,Credit Card,Tier3
46,58387.47,2,10,72,54.94,47.02,112,5054,9.77,Credit Card,Tier1
20,55166.49,79,9,12,46.69,36.45,82,954,7.05,UPI,Tier2
32,69824.8,83,10,56,44.78,80.37,119,5788,7.92,UPI,Tier1
53,65776.5,57,5,34,39.0,21.86,45,6447,4.15,UPI,Tier2
64,49097.63,95,4,37,32.96,53.92,34,385,3.04,Credit Card,Tier3
63,17137.93,57,6,49,37.02,52.37,44,7471,5.41,Cash,Tier1
69,43156.89,16,7,58,31.38,3.28,75,5801,7.33,Debit Card,Tier3
36,52916.75,79,4,36,,53.98,114,8956,1.86,Credit Card,Tier2
30,59564.25,6,5,37,57.41,49.05,53,3068,7.15,Cash,Tier1
59,40147.32,14,6,41,48.35,68.64,116,2866,6.61,Cash,Tier1
38,54202.26,27,7,46,23.25,80.44,98,6241,8.21,Credit Card,Tier2
54,40118.28,38,4,68,50.5,88.06,7,8623,9.67,Cash,Tier2
44,62231.97,19,8,41,34.54,15.77,114,2734,5.26,Credit Card,Tier1
69,41391.99,37,8,33,9.39,16.76,15,9321,1.29,UPI,Tier2
46,46324.1,4,11,77,48.69,89.3,43,4047,7.68,UPI,Tier2
37,36208.95,58,7,7,37.01,6.19,84,3832,1.8,Cash,Tier1
42,61622.98,90,10,56,,68.68,38,5674,3.37,UPI,Tier1
23,45938.15,9,10,36,44.34,59.77,78,1253,6.68,Cash,Tier2
53,84949.25,40,10,50,33.42,66.65,74,2602,2.84,Credit Card,Tier1
19,73928.71,15,4,5,60.9,97.8,41,7002,9.32,Credit Card,Tier2
39,63463.26,4,10,51,22.37,32.66,28,775,1.93,Cash,Tier2
49,47455.32,90,8,28,27.16,69.36,16,8983,6.46,Cash,Tier1
33,73371.45,52,7,69,49.2,88.92,23,1307,8.32,UPI,Tier2
35,80195.42,18,3,34,55.13,84.13,53,8340,5.85,Debit Card,Tier3
22,68139.15,53,5,16,31.01,56.56,95,7791,1.42,UPI,Tier3
53,100281.44,59,9,38,36.73,79.66,95,5763,6.95,Credit Card,Tier2
47,75112.02,99,6,78,44.02,47.88,24,6376,9.94,Debit Card,Tier1
62,85099.36,54,9,8,,20.0,52,8309,9.11,Cash,Tier1
36,67938.44,41,9,42,55.32,14.19,51,9173,8.27,Cash,Tier2
40,79864.62,60,5,44,32.3,29.81,1,3881,2.59,Cash,Tier3
51,47470.81,93,7,34,,6.28,70,1984,9.21,Credit Card,Tier2
30,54915.24,88,12,72,50.23,27.4,8,7177,6.13,UPI,Tier2
60,72686.0,4,11,56,40.55,28.82,111,2719,7.24,Cash,Tier1
46,72526.19,85,7,5,38.57,60.0,30,519,5.06,Cash,Tier2
53,76167.46,39,4,34,51.85,84.67,96,5390,3.72,Debit Card,Tier3
39,89208.64,7,6,62,55.28,62.07,81,4311,6.26,Debit Card,Tier3
69,33650.63,23,11,58,59.04,86.8,38,5757,4.55,UPI,Tier2
69,43562.04,85,10,54,67.36,37.43,100,1272,9.2,Debit Card,Tier3
64,70050.6,63,8,72,40.34,3.04,72,2353,2.88,Cash,Tier3
53,49064.0,65,8,50,57.29,5.2,90,8350,9.49,Debit Card,Tier2
26,139310.9,41,9,9,35.94,94.31,89,1056,5.48,UPI,Tier2
56,76345.83,89,9,18,62.38,19.44,109,9374,1.83,UPI,Tier3
68,63276.72,95,10,11,38.51,28.68,40,3948,7.1,UPI,Tier1
36,53659.68,44,8,77,50.3,7.32,99,4165,1.74,Cash,Tier3
55,54436.43,45,7,77,24.63,96.69,62,3051,8.3,Cash,Tier3
23,65663.09,69,5,43,55.97,93.52,21,196,4.33,Debit Card,Tier1
69,67463.6,95,6,71,49.61,51.46,5,1383,7.06,Cash,Tier1
64,54952.62,51,7,20,53.88,43.1,65,2385,6.39,Cash,Tier2
32,58990.65,65,7,77,49.72,14.73,59,7629,3.83,UPI,Tier1
37,,54,10,60,50.92,83.0,109,5269,3.88,Debit Card,Tier2
26,,56,6,66,67.88,46.72,74,4591,9.8,Cash,Tier1
49,70544.75,94,2,47,34.07,89.96,3,8608,6.37,Debit Card,Tier2
21,35492.29,82,7,39,,50.54,116,2930,8.93,Debit Card,Tier3
67,76847.07,72,7,30,36.97,3.56,97,8462,3.45,UPI,Tier1
35,99194.21,90,10,10,48.66,10.7,87,6626,7.55,Debit Card,Tier1
22,95135.18,40,9,22,20.42,90.04,93,7154,3.85,UPI,Tier2
37,81157.37,58,6,73,51.08,57.35,114,5871,2.05,UPI,Tier3
40,96293.31,15,10,25,30.36,87.31,112,2393,6.64,Cash,Tier2
28,,19,10,44,42.96,4.69,110,283,4.35,Cash,Tier1
54,78818.27,10,7,45,16.73,91.36,99,4846,2.07,Debit Card,Tier3
39,50022.94,88,13,22,42.73,49.19,104,1500,5.46,Credit Card,Tier2
21,71429.84,16,7,62,,33.03,62,1325,4.71,Cash,Tier1
46,94249.75,43,12,24,53.71,4.53,94,3388,3.43,Debit Card,Tier1
61,52032.68,31,4,39,48.46,82.61,6,7649,2.1,Cash,Tier1
51,46048.24,16,5,68,21.91,51.46,33,4507,6.49,UPI,Tier2
30,,80,10,43,73.92,46.07,97,3040,2.15,Debit Card,Tier2
59,60013.43,28,8,57,45.58,65.56,96,7232,8.28,UPI,Tier3
26,79281.25,62,9,55,64.58,26.66,63,861,1.15,Credit Card,Tier2
59,55028.29,20,5,44,49.8,94.82,34,6273,8.62,UPI,Tier1
48,102805.67,35,7,56,56.33,19.45,58,5884,3.25,UPI,Tier3
24,36627.13,59,8,7,47.01,97.51,28,7768,6.52,Cash,Tier3
21,92582.17,9,11,75,37.48,66.27,6,8879,6.44,Debit Card,Tier3
36,48173.32,10,7,13,48.77,89.31,72,6557,3.87,Cash,Tier2
59,25488.38,45,8,29,6.35,,97,477,6.42,Debit Card,Tier2
47,70233.25,82,10,24,62.49,28.66,12,2691,5.23,Cash,Tier2
48,59398.62,15,9,13,52.05,79.92,101,5266,7.11,Cash,Tier2
52,40588.59,30,12,13,37.06,,36,3108,3.97,Debit Card,Tier2
38,28009.71,48,8,19,26.11,10.09,5,8674,4.62,UPI,Tier1
48,64816.06,96,7,34,45.28,54.88,92,3294,7.72,UPI,Tier2
36,86468.41,40,6,20,28.54,98.69,94,4061,1.54,Debit Card,Tier3
48,77868.98,91,8,57,36.06,66.58,66,8890,9.6,Debit Card,Tier3
49,66247.55,91,9,27,47.05,14.42,33,7727,4.33,Cash,Tier2
19,75534.65,83,6,22,22.14,89.33,67,5598,9.4,Credit Card,Tier3
69,64401.29,74,8,19,,68.0,96,9992,3.84,Cash,Tier2
27,,44,8,54,77.92,90.12,10,794,8.21,Cash,Tier2
19,33740.33,46,8,46,56.61,73.62,15,4312,2.29,Cash,Tier1
19,60530.29,6,10,35,42.08,6.2,70,5730,7.77,Debit Card,Tier3
41,61465.63,24,10,17,10.65,42.0,115,3615,5.96,Credit Card,Tier1
34,83721.62,73,7,9,39.37,24.51,92,7983,6.53,Credit Card,Tier3
49,81660.69,91,5,29,47.89,35.18,47,5994,8.49,Credit Card,Tier1
33,78312.93,7,11,24,41.59,31.98,22,4186,5.15,Credit Card,Tier3
33,58833.78,6,7,36,38.78,94.85,38,2354,7.37,Debit Card,Tier1
63,34625.65,33,17,53,35.85,15.15,90,5268,1.83,Credit Card,Tier2
56,74065.57,85,9,8,43.15,,17,5577,9.74,Credit Card,Tier3
48,76553.72,38,7,21,48.1,92.34,119,5746,5.6,Credit Card,Tier3
60,12452.31,44,4,71,43.35,12.52,24,4617,8.48,Debit Card,Tier3
41,46644.56,17,7,8,58.7,19.15,62,3158,1.38,Credit Card,Tier2
18,49796.8,31,5,53,45.55,76.58,75,5680,2.27,UPI,Tier1
28,,37,10,68,35.52,46.3,115,3891,6.88,Debit Card,Tier1
38,47326.07,11,10,47,53.1,1.22,84,850,3.82,Cash,Tier3
21,64161.04,92,13,73,,,119,4852,7.86,Debit Card,Tier1
24,60368.23,5,8,49,66.7,42.93,47,9103,8.09,Credit Card,Tier3
43,61498.71,64,5,60,27.74,74.2,74,7363,7.17,UPI,Tier1
64,49239.33,76,11,5,19.3,29.15,48,922,6.44,UPI,Tier1
67,50942.33,3,9,54,65.5,5.45,87,3848,6.57,Credit Card,Tier1
29,41234.12,56,10,60,28.94,26.32,118,5357,9.21,Debit Card,Tier1
48,73361.48,63,4,79,43.73,98.22,62,2318,9.14,Credit Card,Tier1
34,77564.26,38,12,48,53.64,35.0,84,4189,6.86,UPI,Tier2
50,48046.41,54,9,28,60.5,69.64,51,8812,4.35,Debit Card,Tier2
28,,2,7,61,49.35,25.89,59,468,2.46,UPI,Tier2
45,58078.77,90,5,32,32.63,14.85,31,9690,6.86,UPI,Tier3
49,98664.08,2,11,74,37.2,73.52,50,2073,4.58,Debit Card,Tier3
18,50873.2,12,7,41,60.43,83.29,116,3817,4.95,UPI,Tier2
64,20415.29,40,11,56,26.51,97.06,56,1128,5.02,Cash,Tier1
45,73848.35,2,13,32,19.65,35.36,33,1429,4.58,Cash,Tier1
59,70467.99,80,11,50,49.2,46.4,2,2867,8.49,Debit Card,Tier3
24,65756.66,94,3,27,47.87,61.27,62,3040,1.93,Credit Card,Tier1
19,50870.89,57,4,49,62.4,81.08,98,6927,5.46,UPI,Tier1
59,64239.41,47,9,12,71.04,90.42,5,7996,3.96,UPI,Tier1
41,53752.29,36,13,47,46.82,80.68,98,5602,7.97,Cash,Tier1
21,58348.31,4,4,53,63.09,8.52,73,8244,3.09,Credit Card,Tier3
61,83515.91,75,10,43,39.92,31.04,81,9443,5.04,Debit Card,Tier1
36,69052.78,24,10,12,43.72,54.48,89,5338,8.01,Credit Card,Tier3
43,,82,4,71,43.75,35.06,103,9904,4.68,Credit Card,Tier1
28,59898.89,91,6,45,26.4,90.78,14,1535,3.79,UPI,Tier1
57,57475.62,62,11,26,66.28,53.13,58,4575,7.29,Cash,Tier3
67,39623.38,2,9,54,51.54,15.05,25,8821,5.23,UPI,Tier2
60,56859.19,15,15,78,34.46,66.07,103,2817,6.18,Debit Card,Tier1
28,10000.0,75,4,71,45.07,40.78,32,7838,4.08,UPI,Tier1
62,52015.12,91,4,32,41.68,82.68,105,2026,6.7,UPI,Tier1
20,63198.77,49,12,35,27.67,85.62,53,4979,6.99,Debit Card,Tier1
29,77400.82,87,5,16,45.1,79.29,117,333,4.97,UPI,Tier3
20,59089.09,35,9,70,52.29,4.1,110,8322,2.61,Cash,Tier2
59,72648.82,94,7,18,83.4,16.71,91,8486,3.52,Credit Card,Tier1
44,17044.65,47,5,45,62.58,75.34,10,3487,4.0,Debit Card,Tier2
66,63749.59,24,3,48,45.09,48.49,113,6584,5.29,UPI,Tier1
19,28050.94,83,8,78,66.71,76.07,21,2340,9.39,Debit Card,Tier2
66,38417.32,60,13,50,1.91,43.36,80,5687,1.23,UPI,Tier3
33,60882.36,93,5,59,33.17,28.03,55,3733,2.81,UPI,Tier3
19,93077.81,77,3,59,28.84,15.31,8,1045,1.1,Debit Card,Tier1
47,73166.55,48,5,75,31.08,,96,5574,6.66,Cash,Tier2
37,65401.08,23,9,49,47.86,55.07,97,781,3.11,Cash,Tier1
55,64570.33,12,11,21,,26.18,34,2248,9.95,Cash,Tier3
45,49300.16,41,10,34,41.27,26.17,88,2554,2.77,UPI,Tier3
42,53032.36,29,6,48,47.23,64.21,51,4899,5.06,Credit Card,Tier3
49,74402.27,70,7,71,59.96,9.89,79,936,3.77,Cash,Tier3
27,34522.07,51,9,70,70.7,,113,4560,3.39,Credit Card,Tier3
59,78047.19,23,7,48,47.88,60.64,89,5743,9.61,Debit Card,Tier2
57,56452.84,31,7,65,37.49,55.47,91,4947,8.91,Credit Card,Tier3
50,83162.26,21,7,29,31.13,10.74,25,9451,1.07,Credit Card,Tier2
30,86144.06,24,5,53,45.05,7.72,56,8490,4.25,Debit Card,Tier3
58,28192.15,72,11,39,29.0,29.04,18,3962,6.92,Debit Card,Tier2
59,52205.22,9,6,39,35.6,85.61,20,1666,5.27,UPI,Tier2
64,46178.39,22,9,55,37.64,79.35,100,5280,9.86,UPI,Tier2
54,25119.98,4,6,53,50.62,56.56,92,6711,7.44,Cash,Tier2
33,42284.27,77,6,75,20.62,72.9,14,3212,6.48,UPI,Tier1
62,118707.63,98,9,6,33.52,99.25,52,4451,4.55,Debit Card,Tier1
39,78409.22,3,9,46,43.1,18.76,38,9447,2.53,Credit Card,Tier2
37,107180.34,28,6,26,17.96,74.5,11,955,7.39,UPI,Tier1
67,83240.17,90,7,58,36.5,63.35,28,7607,1.33,UPI,Tier1
60,48679.45,98,4,49,31.77,97.13,79,5809,9.35,Credit Card,Tier1
44,56601.03,15,8,79,40.4,2.39,30,6962,4.45,Credit Card,Tier2
58,311782.4,8,55,66,47.63,15.75,5,7335,5.97,Debit Card,Tier3
33,74625.14,48,6,68,37.08,12.75,68,9922,4.65,Debit Card,Tier3
51,52298.48,99,8,17,,17.12,71,6008,4.29,Debit Card,Tier3
49,31780.15,88,3,22,40.86,71.54,39,5492,9.85,Debit Card,Tier3
43,137330.75,52,8,9,57.44,18.74,40,5839,6.06,Debit Card,Tier1
42,61894.71,55,5,30,47.25,63.1,35,8602,8.93,UPI,Tier1
19,57833.74,37,9,39,44.21,,3,4886,2.75,Credit Card,Tier3
29,67493.36,4,8,31,51.63,,92,8437,5.88,Debit Card,Tier2
57,59659.97,55,5,11,69.71,45.01,37,5995,5.37,Cash,Tier1
26,,12,7,11,30.58,41.89,68,8609,4.51,Debit Card,Tier3
29,93312.84,19,6,13,33.66,98.59,58,3076,5.42,Cash,Tier1
43,62259.93,79,10,24,59.96,98.82,114,3063,3.18,Credit Card,Tier1
26,39420.37,57,6,15,53.23,31.6,11,1838,8.14,Cash,Tier3
27,61443.84,94,6,15,51.35,22.33,4,3261,6.47,UPI,Tier3
49,54783.16,37,7,64,,19.81,68,7906,2.07,UPI,Tier2
51,96325.78,76,6,56,41.95,51.12,44,1125,5.36,Debit Card,Tier3
65,90764.62,83,9,21,54.4,80.05,90,4363,9.49,Credit Card,Tier2
37,67365.55,98,5,71,37.6,49.5,90,9222,9.46,UPI,Tier1
56,36867.81,7,10,49,64.78,98.57,50,6319,9.91,Cash,Tier1
19,38030.37,92,8,56,39.0,93.98,73,3627,2.99,Debit Card,Tier2
18,65332.71,55,8,71,47.21,77.96,77,2293,8.23,Credit Card,Tier2
68,72399.11,28,13,57,60.74,83.11,52,6556,6.33,Credit Card,Tier3
53,56758.3,93,5,51,56.26,78.17,79,1547,7.94,Debit Card,Tier2
41,54436.27,37,5,16,51.45,84.27,107,8081,6.83,Credit Card,Tier1
44,,84,8,24,39.61,25.3,27,2211,3.15,UPI,Tier1
19,64485.33,61,7,30,58.78,45.62,9,2004,1.84,UPI,Tier1
48,12579.23,75,14,34,33.59,20.09,18,9310,5.4,Cash,Tier2
31,40770.81,39,10,64,32.31,58.82,96,9928,4.48,UPI,Tier2
19,51204.88,23,8,48,22.98,31.76,10,3690,4.72,UPI,Tier2
46,91565.07,52,9,18,52.2,73.36,38,8817,6.22,Credit Card,Tier3
32,47096.1,84,7,14,,73.79,36,4212,7.92,Debit Card,Tier1
29,68970.3,84,7,56,26.75,93.07,38,5844,7.54,UPI,Tier1
54,69983.94,11,7,13,29.1,92.19,41,5755,5.29,Credit Card,Tier2
45,93554.16,66,16,61,,15.12,10,4459,5.78,Cash,Tier2
37,92776.7,13,4,79,38.01,19.33,114,5107,6.24,UPI,Tier3
56,63734.93,77,7,11,69.64,69.8,7,4590,7.82,Debit Card,Tier3
41,54539.34,41,7,68,42.13,96.42,79,1032,8.93,Credit Card,Tier3
38,50395.67,49,6,12,66.43,9.2,11,2372,5.74,UPI,Tier2
27,59696.61,15,9,75,50.8,49.03,64,1663,8.77,UPI,Tier1
63,55451.27,56,11,33,50.41,97.92,43,9763,9.41,Credit Card,Tier2
31,77179.8,54,11,59,48.0,49.06,10,7786,2.79,Cash,Tier3
54,,31,12,78,,9.86,5,2652,5.19,Credit Card,Tier1
35,78019.63,61,13,16,43.44,78.87,83,722,3.97,UPI,Tier3
41,92704.24,58,10,53,45.46,77.67,32,4536,2.27,Debit Card,Tier3
31,105983.12,87,7,50,34.34,29.6,77,6222,3.38,Credit Card,Tier2
51,67742.59,60,12,64,21.55,79.82,111,1112,4.7,Credit Card,Tier1
29,89188.2,53,9,23,32.97,43.58,41,8263,5.68,UPI,Tier3
39,57263.48,86,11,56,36.6,24.91,72,5140,5.62,Debit Card,Tier1
23,91070.15,61,7,51,25.54,9.72,51,6358,3.96,Cash,Tier1
53,88353.2,80,4,30,31.57,35.6,11,4505,9.57,Cash,Tier3
62,87185.15,42,9,51,18.58,74.14,2,6330,1.47,Cash,Tier3
53,67069.54,29,10,11,32.72,73.06,46,1626,7.88,Credit Card,Tier3
39,50296.12,84,7,27,57.3,77.0,76,3785,9.29,Cash,Tier3
31,34320.37,92,7,75,65.56,93.36,62,4319,7.94,UPI,Tier1
33,64119.18,27,4,9,11.49,48.35,17,6117,2.13,UPI,Tier3
53,98726.28,44,15,10,46.03,54.23,10,7536,8.82,Credit Card,Tier3
42,58183.41,93,5,29,48.04,62.23,12,3347,3.71,Debit Card,Tier3
49,82272.78,5,8,59,35.58,55.78,103,7183,3.16,Credit Card,Tier2
50,83566.93,52,4,36,31.82,96.29,43,7602,9.48,Cash,Tier3
62,,53,7,69,32.78,16.12,50,8617,5.5,Cash,Tier1
53,93959.59,52,12,64,32.56,78.79,37,856,5.0,Debit Card,Tier1
37,10000.0,38,2,75,60.74,10.01,36,6879,3.26,UPI,Tier3
35,38099.49,44,3,11,58.02,26.92,45,4122,5.71,Credit Card,Tier2
55,44856.09,53,9,10,57.57,1.53,46,7550,5.46,Debit Card,Tier3
20,46966.27,2,9,39,37.78,30.26,102,4020,4.17,Debit Card,Tier2
40,72397.78,54,10,18,32.99,26.32,81,8299,4.04,Credit Card,Tier2
49,71380.83,84,6,52,49.68,41.97,36,2649,3.43,Debit Card,Tier1
62,73667.79,77,6,19,45.69,9.61,42,9610,7.56,UPI,Tier1
33,78113.79,90,9,64,58.58,13.5,96,5367,8.94,UPI,Tier2
22,44097.7,35,10,68,39.14,2.15,21,2562,6.38,Cash,Tier1
21,38200.13,46,7,41,38.89,87.43,88,1455,5.84,Cash,Tier1
38,73719.03,72,10,8,57.05,34.76,85,9152,7.71,Credit Card,Tier3
57,51134.89,92,4,17,,75.24,5,6395,6.2,Cash,Tier2
68,30449.55,79,8,78,19.41,76.53,43,3426,3.78,UPI,Tier1
31,86369.57,55,6,44,62.98,,96,1122,4.91,Cash,Tier3
56,95692.24,72,12,38,72.09,47.77,48,8717,4.67,Debit Card,Tier2
48,99257.54,11,8,52,55.0,,54,9631,4.75,UPI,Tier3
31,69114.17,29,7,64,50.39,12.75,15,4856,6.43,UPI,Tier3
23,78770.51,69,5,60,58.66,,31,3523,5.79,Cash,Tier3
29,95137.1,63,8,47,,55.94,19,7542,1.38,Debit Card,Tier2
33,50888.85,47,9,52,57.2,8.5,64,8538,1.84,Credit Card,Tier3
34,89434.91,7,7,77,36.78,15.89,74,7881,1.03,Cash,Tier1
62,71058.72,64,9,49,3.77,60.98,73,224,9.05,Cash,Tier1
40,85101.66,82,6,56,46.11,83.17,116,4929,4.53,Debit Card,Tier2
31,69094.05,64,8,36,31.29,24.93,11,9557,5.22,Debit Card,Tier1
24,93517.65,92,10,67,37.3,91.71,24,8383,1.18,UPI,Tier2
63,69917.52,12,5,69,69.15,28.82,68,3733,4.66,UPI,Tier1
49,32352.46,12,11,46,36.14,15.14,62,6858,7.08,Debit Card,Tier3
32,96942.39,36,9,52,38.45,56.34,97,1693,3.3,UPI,Tier3
61,44154.32,29,12,60,60.22,66.65,48,6439,6.79,UPI,Tier2
34,92567.28,11,6,15,51.18,30.01,50,7461,1.72,Debit Card,Tier2
58,63014.66,53,9,47,,54.42,95,3616,5.82,UPI,Tier2
64,90872.24,70,10,77,32.76,59.64,24,4619,9.77,Credit Card,Tier1
61,89964.91,85,9,66,,49.39,66,6510,9.58,UPI,Tier3
51,74463.15,74,3,6,41.23,9.77,6,4345,8.35,Debit Card,Tier2
22,76187.78,96,10,31,33.33,53.53,33,3957,5.25,Cash,Tier3
62,74297.83,47,5,74,38.44,90.44,56,4779,1.16,Debit Card,Tier3
44,20695.86,33,9,5,49.81,10.68,51,7280,6.2,Debit Card,Tier2
69,67603.26,81,12,43,,96.28,67,3472,1.84,Credit Card,Tier3
40,40446.59,67,7,64,38.87,63.03,36,1649,2.9,Cash,Tier3
57,68766.12,43,9,55,51.29,77.87,33,3638,6.39,Credit Card,Tier1
31,39855.26,18,9,23,34.33,35.99,4,4486,4.5,UPI,Tier2
32,38931.06,74,11,5,54.0,77.11,38,3567,2.09,Cash,Tier1
60,100308.56,53,3,60,53.92,28.98,88,7028,2.86,UPI,Tier1
50,,39,14,50,30.65,67.86,7,4746,3.88,Credit Card,Tier1
48,64908.86,72,6,5,,19.74,41,9122,8.76,Credit Card,Tier1
52,69064.91,34,9,66,35.72,,70,181,9.39,Cash,Tier3
34,59545.85,37,4,21,34.86,49.45,119,8520,9.94,Cash,Tier3
45,77537.28,41,8,13,28.24,38.96,72,3584,8.71,Credit Card,Tier1
36,50126.8,97,6,47,45.68,96.7,11,6072,9.69,UPI,Tier3
63,86862.29,49,5,43,58.56,40.6,119,5350,5.68,Credit Card,Tier3
40,59432.09,10,4,13,54.92,11.48,5,1484,5.59,Credit Card,Tier1
49,55763.37,40,9,15,69.17,4.82,76,3159,4.53,Credit Card,Tier1
57,65477.69,18,8,15,55.86,41.9,31,2249,3.71,Credit Card,Tier3
30,51994.77,25,11,30,43.01,14.55,84,9847,6.9,Credit Card,Tier1
37,72231.01,41,9,13,24.41,71.01,15,291,8.17,Cash,Tier3
52,53178.02,36,13,13,52.38,12.64,65,4704,9.74,UPI,Tier1
22,75307.52,2,9,12,60.87,60.6,53,7756,6.71,Credit Card,Tier3
26,91752.14,83,6,58,34.92,53.38,34,729,8.01,UPI,Tier2
46,49174.92,74,11,73,38.06,22.27,87,7892,3.76,Credit Card,Tier1
23,62127.34,49,4,73,48.01,50.36,90,6214,3.9,UPI,Tier3
42,75149.28,67,8,19,39.19,41.11,82,4269,1.29,Credit Card,Tier1
48,55411.14,53,9,38,41.55,20.64,6,8720,5.65,Debit Card,Tier3
39,75215.05,19,9,5,26.45,23.19,59,7869,6.78,Credit Card,Tier3
19,77218.77,26,10,22,73.28,10.31,39,3785,5.05,Debit Card,Tier1
62,88831.76,54,9,71,51.75,58.27,87,8477,3.83,Cash,Tier3
22,51668.22,51,6,18,62.31,85.29,119,9684,8.16,Debit Card,Tier3
44,44258.94,25,10,31,61.94,96.95,88,5533,6.78,UPI,Tier2
42,58233.3,17,7,11,59.5,,70,9959,9.69,Debit Card,Tier1
25,,74,13,56,53.96,76.73,44,3359,4.5,Debit Card,Tier3
18,77418.96,61,8,20,34.16,26.43,18,4951,9.29,UPI,Tier3
37,39441.47,46,11,46,47.24,92.93,84,3354,9.49,Cash,Tier3
61,116326.36,55,11,36,22.2,90.37,118,7889,8.09,Cash,Tier2
40,93510.41,50,8,73,28.76,47.15,50,1198,6.52,Cash,Tier1
49,65276.67,75,7,6,45.56,,44,4202,6.4,Cash,Tier3
28,84082.68,11,8,71,42.64,31.78,58,2648,9.71,Debit Card,Tier1
56,28990.36,12,8,75,44.5,37.93,104,6809,4.99,Debit Card,Tier3
64,,40,10,6,23.71,57.74,17,7871,5.31,Debit Card,Tier1
41,52015.28,48,14,10,42.58,91.56,55,8838,9.37,Credit Card,Tier3
28,62349.06,56,12,73,50.37,49.18,49,103,9.22,Debit Card,Tier1
46,24169.47,8,10,15,51.6,30.37,36,5643,3.72,UPI,Tier2
43,75698.32,88,8,23,39.69,7.69,49,3380,7.95,Cash,Tier3
33,40660.43,14,12,51,31.17,29.67,56,7858,5.82,Credit Card,Tier2
52,67236.43,87,12,73,74.37,81.8,45,5718,7.34,Debit Card,Tier3
37,53025.96,56,9,76,35.34,,60,7366,5.86,Credit Card,Tier2
63,41289.63,54,13,54,45.03,17.53,3,3901,4.38,Credit Card,Tier3
20,47304.05,17,8,18,69.36,93.45,106,485,2.71,Cash,Tier1
18,69967.34,45,6,7,37.63,15.2,114,7037,3.9,UPI,Tier1
64,36807.2,5,7,8,41.65,68.08,108,1850,1.75,Cash,Tier2
18,48526.14,3,6,37,46.35,86.74,46,6707,3.4,Credit Card,Tier3
34,79592.01,9,8,44,53.6,75.3,90,4703,5.07,Credit Card,Tier3
19,122254.56,84,7,41,43.0,83.18,60,3583,5.47,UPI,Tier1
46,302027.8,20,60,30,41.24,76.93,33,9178,8.58,Debit Card,Tier3
37,44820.24,83,13,16,,57.84,106,4470,1.6,UPI,Tier2
23,56923.49,21,7,56,71.96,30.6,81,7496,1.52,Debit Card,Tier3
25,65694.96,80,6,78,50.84,,26,4793,3.64,Cash,Tier1
46,57312.65,33,6,47,63.95,6.25,13,3672,1.45,Credit Card,Tier1
65,84867.28,5,9,31,54.35,59.68,87,2019,1.16,Debit Card,Tier1
68,69784.42,24,10,5,38.78,9.23,30,6862,5.34,Credit Card,Tier3
50,84972.75,63,11,24,28.84,62.58,68,937,5.99,UPI,Tier2
20,,79,9,22,40.37,57.02,72,1129,3.24,Cash,Tier1
52,,26,5,10,45.41,22.22,95,5156,9.51,UPI,Tier1
22,61337.32,89,5,75,48.1,82.99,60,8711,7.33,Debit Card,Tier2
44,174535.28,92,35,60,-2.87,86.76,8,5163,1.7,Credit Card,Tier3
61,112901.05,33,7,74,80.38,3.46,68,5140,9.6,UPI,Tier3
29,24850.49,18,6,9,39.09,36.29,89,1126,6.55,UPI,Tier2
37,48747.75,18,4,52,,63.09,79,6797,2.33,UPI,Tier2
62,51205.39,38,8,71,65.34,53.36,34,1092,1.79,Debit Card,Tier1
37,120182.74,33,17,73,71.83,51.34,112,2016,2.05,Credit Card,Tier3
26,104750.9,27,5,62,45.12,99.02,58,5860,5.62,UPI,Tier1
56,97866.42,49,12,12,44.29,39.54,33,3808,5.35,Cash,Tier1
21,57725.51,50,11,69,51.11,81.56,40,4841,8.85,UPI,Tier1
68,118375.92,15,12,39,45.76,55.64,50,118,2.4,Debit Card,Tier2
36,73103.74,77,9,8,27.47,75.69,50,8242,3.31,Debit Card,Tier2
55,86499.79,52,8,73,27.37,31.84,91,1344,8.01,Cash,Tier2
44,68953.3,98,7,13,25.93,31.2,82,6118,5.38,Credit Card,Tier2
62,63911.74,68,13,76,28.01,79.65,111,6182,6.62,Credit Card,Tier2
60,59460.87,99,6,51,43.76,3.04,117,131,4.72,Cash,Tier3
30,60387.92,19,8,27,47.39,4.69,53,3984,4.75,Credit Card,Tier1
30,78386.82,95,9,78,34.83,84.38,91,7040,9.8,UPI,Tier2
39,73078.4,25,6,15,59.87,85.8,15,7141,9.43,Debit Card,Tier1
45,,76,10,79,30.24,35.19,4,2099,7.01,Credit Card,Tier2
69,98209.53,76,7,34,61.37,26.77,70,5250,3.36,UPI,Tier3
64,10000.0,25,8,53,55.14,47.96,28,3956,8.11,UPI,Tier1
62,76217.52,33,8,24,44.55,16.15,41,3475,5.95,UPI,Tier1
39,80790.25,60,7,23,39.97,69.65,78,5538,6.68,Credit Card,Tier2
60,90233.18,37,9,12,49.05,73.44,5,236,6.5,Cash,Tier1
36,63572.83,92,4,41,40.66,19.62,70,1881,1.32,Cash,Tier3
25,69574.24,43,11,59,22.61,2.63,15,3635,2.5,UPI,Tier3
69,86690.86,9,8,13,52.59,70.5,33,4315,4.56,UPI,Tier1
25,97805.66,14,12,29,62.42,64.79,69,2599,1.56,Cash,Tier3
59,58388.21,3,7,45,53.72,31.09,38,5832,7.28,Cash,Tier1
43,,69,7,8,47.42,77.57,16,7846,3.0,Debit Card,Tier2
65,101928.63,56,5,27,49.27,93.12,65,8934,9.41,Cash,Tier3
68,18271.4,26,8,29,25.6,1.95,71,3259,8.98,Debit Card,Tier1
43,49819.72,53,11,19,55.06,19.63,68,4180,6.48,UPI,Tier3
40,97248.39,41,10,43,45.36,20.95,22,9226,3.06,Credit Card,Tier3
60,89035.83,82,7,25,47.12,97.8,48,6129,6.76,UPI,Tier3
30,76493.79,21,8,27,21.39,30.74,94,6306,2.35,Cash,Tier1
45,55130.87,39,3,52,26.82,75.87,77,9558,5.16,Cash,Tier2
26,45599.99,80,10,42,43.15,34.93,91,6162,3.76,Cash,Tier3
37,51993.26,23,6,16,76.46,33.07,94,8831,3.96,Debit Card,Tier2
36,99056.18,93,13,79,,8.88,53,5851,3.59,Cash,Tier2
65,51174.26,74,7,9,37.63,,46,8483,3.48,Debit Card,Tier1
56,67231.31,58,11,70,29.85,73.56,76,2248,5.45,Debit Card,Tier3
68,48418.43,69,8,51,60.93,18.98,4,5080,4.15,UPI,Tier1
29,83541.03,75,8,50,31.22,97.73,11,5572,3.25,Debit Card,Tier1
32,53148.02,29,6,38,63.96,88.92,117,2766,3.02,Debit Card,Tier2
48,62852.93,62,9,10,54.83,54.62,115,5702,8.05,Cash,Tier2
31,27965.59,53,7,50,55.69,86.31,105,3096,1.98,Credit Card,Tier2
28,29505.9,45,11,27,57.85,29.22,17,4002,4.41,UPI,Tier1
43,65168.81,27,7,27,24.86,22.36,9,2182,7.84,Debit Card,Tier1
59,35846.54,34,10,8,22.1,74.25,15,7568,2.67,Debit Card,Tier3
44,111311.91,14,8,6,,48.1,5,5812,4.08,UPI,Tier1
28,19646.49,41,8,45,64.97,39.66,71,3658,1.2,Cash,Tier3
55,47396.14,74,7,30,5.54,63.96,74,4219,7.83,Cash,Tier1
51,65367.42,60,16,57,42.18,74.15,55,3713,8.06,Cash,Tier2
60,56967.08,42,10,33,79.08,33.73,31,183,5.99,Debit Card,Tier1
36,40708.8,51,10,29,30.59,34.61,68,3902,6.77,Debit Card,Tier1
23,43925.59,75,6,74,51.21,35.44,77,7073,2.91,Debit Card,Tier3
63,43205.61,11,16,6,31.69,94.55,42,8672,7.02,Credit Card,Tier2
69,58692.12,35,7,39,28.91,71.66,32,3454,8.57,UPI,Tier2
55,107942.44,19,8,16,45.32,90.27,2,9804,2.71,Debit Card,Tier1
66,66714.62,88,8,56,34.33,8.92,97,3982,7.78,UPI,Tier1
59,91023.81,65,3,67,20.49,49.26,110,4872,6.93,Debit Card,Tier2
45,,76,4,28,25.59,86.61,45,7412,4.84,UPI,Tier3
18,,61,7,75,45.86,48.76,7,2855,1.01,Credit Card,Tier2
52,10000.0,47,11,16,43.41,82.38,18,5317,8.42,Credit Card,Tier2
57,58301.92,14,6,78,40.74,14.9,2,5616,4.1,Credit Card,Tier2
25,93756.98,67,9,28,47.06,66.25,102,9404,1.54,Debit Card,Tier3
69,52421.81,52,10,25,47.19,21.6,37,9849,7.75,Credit Card,Tier2
64,103774.41,32,8,45,26.57,57.85,37,175,9.23,Credit Card,Tier3
24,97645.58,80,10,60,22.23,93.41,12,9723,4.27,Credit Card,Tier3
28,54679.12,10,8,6,65.85,82.15,114,5861,6.14,Credit Card,Tier2
56,53930.4,17,11,32,50.09,86.34,7,1395,4.77,Cash,Tier2
21,42700.67,40,7,56,44.54,37.53,12,8969,3.79,Cash,Tier1
42,51148.93,68,6,69,25.38,34.55,78,8860,8.62,UPI,Tier2
29,37883.04,63,11,30,31.98,25.58,24,9561,1.71,Cash,Tier2
43,74433.85,15,10,75,21.45,29.69,97,9202,2.91,Debit Card,Tier3
55,32966.98,97,6,73,67.15,68.53,52,1391,2.54,Cash,Tier1
63,78282.13,39,5,17,59.19,93.58,74,3642,9.19,Credit Card,Tier3
29,315270.92,57,40,45,41.67,78.77,46,2116,8.19,Cash,Tier3
60,28453.5,10,7,21,,20.49,70,4547,7.76,Debit Card,Tier2
68,,71,12,14,71.33,21.39,28,6160,9.82,UPI,Tier3
54,,97,6,17,19.58,40.67,65,9530,2.33,Debit Card,Tier2
63,81493.36,17,8,27,22.91,,38,4699,5.05,Cash,Tier1
41,48309.37,76,5,26,45.6,8.3,117,9219,7.74,UPI,Tier1
33,78692.34,17,8,13,49.31,34.8,40,3977,7.22,UPI,Tier3
30,89780.66,16,9,78,35.56,17.41,102,5073,2.56,Credit Card,Tier2
42,62830.62,78,6,60,58.52,15.04,3,8296,7.71,Debit Card,Tier1
69,109042.29,3,10,61,60.15,82.62,93,7315,5.01,Debit Card,Tier3
21,65969.42,51,6,22,61.06,95.58,102,9705,8.5,Credit Card,Tier3
28,90097.29,94,11,39,43.66,46.07,50,181,2.4,Debit Card,Tier3
49,71446.19,46,12,58,99.89,25.28,36,2087,6.93,Cash,Tier2
66,77881.47,55,9,40,39.62,39.54,113,9042,1.64,Debit Card,Tier2
24,28230.69,99,8,79,53.64,48.69,50,3860,2.38,UPI,Tier1
63,73163.18,26,6,9,52.98,85.13,70,5657,5.66,Debit Card,Tier2
28,48830.55,76,4,45,42.95,41.15,62,5541,2.91,Cash,Tier1
45,46379.24,31,8,64,42.73,22.22,4,2472,5.81,Credit Card,Tier1
58,103370.27,81,6,14,42.14,43.25,106,3473,7.37,Cash,Tier2
40,60297.05,72,7,18,16.35,32.76,79,4338,6.83,Cash,Tier1
62,42927.36,19,10,41,17.32,57.24,110,1339,8.1,Debit Card,Tier2
40,57099.1,90,5,55,8.2,2.74,56,2022,3.44,Credit Card,Tier3
67,36390.09,68,8,6,56.84,43.7,27,7750,9.55,Debit Card,Tier1
45,96545.46,15,8,51,65.87,59.06,76,9502,4.79,Cash,Tier2
60,49695.02,58,8,24,47.33,96.74,26,9625,1.86,Credit Card,Tier3
64,76644.6,78,9,24,34.56,51.65,27,1016,7.59,Cash,Tier3
43,94834.35,30,12,46,43.85,3.3,48,4152,6.9,Cash,Tier1
42,53996.64,48,7,13,35.04,49.48,80,6939,4.27,UPI,Tier2
46,76704.49,56,7,45,38.46,66.41,101,5183,5.42,UPI,Tier2
36,42338.11,42,10,51,62.28,91.86,78,6747,8.27,Cash,Tier1
50,118806.93,24,7,56,30.69,44.49,56,1151,7.64,Debit Card,Tier1
53,85600.36,52,6,78,46.56,44.11,32,7479,2.04,UPI,Tier3
31,60762.66,43,11,70,,58.83,45,3410,2.58,Cash,Tier3
31,47997.66,34,13,14,50.56,,108,1929,4.84,Cash,Tier3
52,62492.08,60,5,43,39.6,2.2,20,9467,5.63,Credit Card,Tier3
47,57520.36,83,7,44,30.87,25.98,55,7842,9.52,Credit Card,Tier3
45,107964.78,3,4,16,37.94,57.12,118,6073,1.94,Debit Card,Tier2
34,38038.24,68,9,33,39.28,5.27,13,4157,3.69,Debit Card,Tier1
20,67965.63,11,6,61,67.44,94.79,117,5325,5.16,Credit Card,Tier1
33,64596.56,13,9,35,23.37,,111,7848,9.98,Debit Card,Tier2
63,62416.97,50,10,24,55.72,73.09,101,5801,7.78,UPI,Tier1
47,62610.43,82,8,15,,,101,320,8.86,Debit Card,Tier3
69,62446.44,19,15,40,37.99,93.75,35,6490,4.16,Credit Card,Tier1
46,84207.45,44,5,26,44.99,98.9,39,615,6.01,UPI,Tier3
62,78397.66,33,5,50,59.87,85.35,51,8053,9.17,Debit Card,Tier3
32,,38,4,65,57.57,87.99,59,1207,6.24,Cash,Tier2
63,10000.0,3,8,76,59.1,87.26,75,7761,8.06,UPI,Tier3
42,71595.49,99,8,24,54.1,12.55,111,151,6.5,Cash,Tier2
68,28575.93,65,9,43,44.45,45.76,5,5820,7.35,Cash,Tier1
55,79219.04,35,8,25,41.55,27.39,9,2210,2.22,UPI,Tier3
59,97438.94,36,7,60,79.89,77.41,6,7317,6.71,Cash,Tier3
64,44622.74,38,11,43,63.28,13.34,41,550,4.95,UPI,Tier1
69,59240.82,39,6,34,47.62,74.49,111,1726,3.24,Credit Card,Tier1
55,,25,11,15,39.91,52.43,94,3228,2.0,Credit Card,Tier3
40,92179.5,64,8,33,54.0,30.41,93,608,2.85,UPI,Tier1
42,67090.61,13,6,16,36.6,67.62,23,3224,7.8,UPI,Tier3
59,103023.25,68,9,56,65.25,,26,5192,6.69,UPI,Tier2
24,74102.59,70,6,23,54.18,0.65,116,8194,4.52,Debit Card,Tier3
39,70333.9,75,11,37,75.06,6.92,22,9851,6.58,Debit Card,Tier3
34,66500.55,1,11,29,43.65,51.85,85,6325,8.23,Credit Card,Tier1
35,82995.83,72,9,21,11.31,90.27,70,1665,8.78,Credit Card,Tier1
66,26770.9,54,7,36,58.43,48.38,23,481,4.06,Debit Card,Tier2
58,66877.57,98,13,38,53.13,77.3,86,3038,4.51,Debit Card,Tier1
27,63458.98,9,5,5,41.52,76.4,18,7656,4.5,Credit Card,Tier1
27,80959.21,36,5,65,,82.49,119,3751,4.62,Debit Card,Tier2
24,60870.56,37,6,66,47.84,36.61,63,7396,2.57,UPI,Tier2
65,42147.84,59,11,41,31.42,10.2,46,3406,9.88,UPI,Tier1
67,65161.71,21,4,69,51.06,6.61,39,9011,2.28,Cash,Tier2
55,41177.51,20,9,6,39.38,23.28,18,4287,2.22,Debit Card,Tier2
44,22644.23,1,7,20,37.43,83.41,94,1490,7.7,Cash,Tier2
69,80996.69,99,8,59,60.41,29.25,33,743,2.56,Cash,Tier2
50,77739.35,59,10,47,46.11,23.07,70,9744,2.64,Credit Card,Tier3
18,,28,10,53,38.63,32.18,83,5285,4.62,Debit Card,Tier3
61,93664.43,71,9,22,53.34,48.74,76,9618,9.45,Debit Card,Tier2
51,50369.3,56,3,37,64.99,83.06,37,6213,2.55,UPI,Tier1
21,33515.49,9,10,19,38.94,56.26,82,6197,8.97,Cash,Tier3
34,63459.34,65,13,69,51.06,16.28,44,2659,9.12,Debit Card,Tier3
21,57354.99,36,7,62,21.69,11.88,78,1144,1.11,Debit Card,Tier1
60,46469.49,98,4,30,54.54,42.6,76,7627,3.09,Cash,Tier3
43,63243.32,34,4,40,38.09,11.18,68,4633,4.9,UPI,Tier1
21,51544.69,81,7,6,50.41,31.55,37,7449,3.14,UPI,Tier2
18,24607.88,32,14,51,58.14,81.82,113,9396,2.13,UPI,Tier1
24,55294.11,66,5,28,,28.41,7,1896,5.18,Cash,Tier3
47,39999.75,25,8,61,43.87,19.39,97,4723,3.64,Cash,Tier1
67,70096.26,51,7,76,41.79,59.42,102,7088,1.85,Debit Card,Tier3
26,50567.24,63,8,68,39.2,93.75,34,4566,4.77,UPI,Tier2
52,89455.89,90,10,77,33.94,31.43,45,2068,8.7,Cash,Tier3
25,100285.05,45,8,40,44.98,31.97,74,5269,5.94,Credit Card,Tier2
41,79946.39,26,6,26,59.68,79.85,63,3411,5.35,UPI,Tier3
36,30877.42,21,8,14,39.23,62.34,78,2251,6.88,Cash,Tier1
53,98114.31,82,8,45,49.06,9.69,117,8855,3.09,Debit Card,Tier1
67,99665.85,93,8,45,4.32,91.66,78,3170,3.35,Credit Card,Tier3
69,65413.39,51,3,63,39.88,26.09,76,7152,3.75,UPI,Tier3
60,94104.38,24,9,17,47.95,1.26,9,5529,5.92,Debit Card,Tier2
44,52863.15,92,7,40,43.36,63.49,71,5199,4.16,Credit Card,Tier2
49,23942.59,12,10,68,47.64,55.79,80,8657,7.38,UPI,Tier3
31,48273.74,11,6,45,26.39,71.0,69,2410,3.45,Debit Card,Tier2
35,,27,9,39,35.42,32.55,39,5630,6.74,Cash,Tier2
45,32196.24,23,8,66,44.4,78.31,28,7584,1.2,Credit Card,Tier1
46,64989.47,33,6,25,39.69,52.37,40,1474,7.01,UPI,Tier2
33,65751.17,80,8,7,62.58,56.38,58,7897,6.78,Debit Card,Tier2
52,53714.57,92,15,72,70.82,97.75,40,9301,8.44,Credit Card,Tier3
64,55242.52,92,10,78,33.24,83.74,7,8207,7.3,UPI,Tier3
48,66589.48,38,11,54,35.87,28.73,35,8491,1.39,Debit Card,Tier1
21,52632.43,55,2,22,57.17,64.35,32,461,8.74,Credit Card,Tier2
54,33714.71,70,7,71,44.89,67.21,48,3805,2.66,Debit Card,Tier1
34,69730.7,42,8,6,42.89,32.96,58,1981,5.85,Credit Card,Tier1
56,,29,7,73,54.4,17.5,52,9261,3.47,Credit Card,Tier3
65,84130.6,34,9,64,29.28,22.73,119,2107,1.15,Cash,Tier3
63,47185.82,57,6,79,82.69,44.39,59,2582,2.12,Credit Card,Tier1
43,37472.99,3,7,64,51.45,61.73,14,6037,2.28,Debit Card,Tier3
65,58747.87,6,10,14,68.74,6.3,81,7077,5.96,UPI,Tier1
56,99491.41,48,9,46,67.74,30.18,21,4699,8.65,Credit Card,Tier3
58,79203.16,64,7,14,35.19,71.79,96,4080,9.73,Credit Card,Tier3
21,80487.22,13,6,10,28.74,73.87,56,2945,9.06,Debit Card,Tier2
47,84576.85,36,5,75,33.13,95.62,1,4516,5.01,UPI,Tier1
47,74256.86,79,11,48,17.85,58.2,59,8073,9.74,UPI,Tier2
39,67653.39,70,3,71,56.04,,46,8521,1.48,UPI,Tier3
28,79570.75,33,7,50,33.94,69.65,51,2493,8.42,Debit Card,Tier2
19,52984.35,76,12,9,52.89,72.33,105,2608,3.71,UPI,Tier3
61,33881.81,57,12,76,36.87,50.05,46,5895,9.26,Debit Card,Tier1
29,80905.93,55,9,79,22.35,98.65,2,4877,7.41,Debit Card,Tier1
47,92230.24,13,8,60,79.84,66.69,35,4232,7.68,Debit Card,Tier2
53,40398.9,97,7,71,32.87,11.55,93,392,4.17,Credit Card,Tier3
35,83082.27,51,4,13,,76.53,91,4346,1.67,Cash,Tier2
43,101976.85,92,14,33,44.81,70.92,38,174,3.74,Debit Card,Tier2
24,64950.58,53,8,24,66.11,33.57,28,503,5.92,Cash,Tier2
18,47003.95,36,14,56,38.25,87.71,26,216,9.23,Debit Card,Tier1
43,67706.41,5,8,63,28.6,48.24,71,494,8.76,Cash,Tier2
40,52888.25,25,5,38,31.46,61.73,20,6260,4.97,Debit Card,Tier2
43,51431.94,81,12,61,36.84,,101,9078,1.52,Debit Card,Tier2
62,74530.05,37,5,45,41.43,60.48,107,203,8.01,Credit Card,Tier1
23,29717.95,19,13,50,45.68,78.46,34,8994,9.44,Debit Card,Tier1
23,33233.56,35,7,67,53.01,74.02,114,368,6.97,Credit Card,Tier1
61,65424.4,34,10,62,,48.83,45,5924,1.74,Debit Card,Tier1
25,64509.21,54,6,55,54.88,45.62,96,3675,1.19,UPI,Tier3
41,72558.2,46,10,54,37.25,24.83,52,9864,9.51,Cash,Tier3
39,106254.96,6,2,18,,42.44,17,3119,9.17,Cash,Tier1
36,67299.31,83,6,40,52.51,9.24,16,6868,1.76,Debit Card,Tier1
54,78159.79,1,6,69,44.22,64.21,112,5815,5.19,Credit Card,Tier3
35,43538.28,71,6,75,35.5,23.14,47,9484,2.23,UPI,Tier2
48,81894.63,34,8,12,47.25,87.49,2,6217,4.97,Credit Card,Tier1
54,53419.4,56,11,33,43.52,10.13,83,5528,3.66,Debit Card,Tier3
47,66571.26,83,7,26,62.13,16.23,31,1068,7.86,Credit Card,Tier1
59,62605.33,97,6,16,,2.77,40,3789,9.69,UPI,Tier2
50,87725.43,26,6,62,39.73,26.05,105,2444,2.11,Debit Card,Tier3
27,36180.52,42,9,11,,15.71,24,2755,5.11,UPI,Tier1
54,14768.75,91,6,34,48.71,14.24,91,9253,8.45,Cash,Tier3
29,60304.48,38,7,22,58.13,,89,2400,8.59,Credit Card,Tier1
47,75307.69,26,4,79,,8.21,68,9346,4.18,Credit Card,Tier1
44,68349.93,99,5,57,38.51,29.05,32,3104,5.93,Credit Card,Tier3
56,92108.49,59,5,78,73.54,47.74,10,8047,7.43,Cash,Tier2
26,74622.2,84,9,36,25.26,35.28,22,3320,9.78,Debit Card,Tier3
38,52595.34,24,9,26,51.04,62.16,82,2994,7.86,UPI,Tier1
29,13840.76,21,7,45,44.81,36.01,106,5165,7.62,Credit Card,Tier1
46,59779.13,60,11,18,30.06,16.33,54,6224,9.01,Credit Card,Tier2
50,87615.1,90,5,16,55.71,91.02,29,1176,8.86,UPI,Tier2
60,56374.95,20,8,59,54.81,49.27,20,509,3.39,Debit Card,Tier2
32,65623.05,6,6,27,60.69,,11,8148,8.52,Cash,Tier2
19,74269.93,67,9,55,54.18,51.42,97,4959,2.64,Debit Card,Tier3
69,42663.57,10,10,6,45.42,36.61,43,7561,2.59,Cash,Tier3
56,78711.19,12,12,20,85.35,73.1,62,9990,1.88,Debit Card,Tier3
61,404066.72,97,40,27,26.85,4.04,81,2400,6.71,UPI,Tier2
35,61198.11,22,9,31,54.77,45.13,37,6518,3.99,UPI,Tier2
20,40160.58,62,6,56,52.9,14.14,107,1172,2.84,Cash,Tier1
24,63534.78,61,6,75,63.99,29.12,105,531,3.74,Credit Card,Tier2
60,,80,5,15,55.53,84.36,89,5140,6.6,Debit Card,Tier1
35,72411.87,17,5,18,52.3,25.61,69,5016,9.71,Cash,Tier2
61,74950.04,10,11,75,50.83,43.18,106,5243,2.18,Debit Card,Tier3
55,101864.0,12,11,15,55.19,20.78,76,2721,3.28,Debit Card,Tier3
54,60732.11,83,4,49,69.97,53.19,18,2129,7.25,Debit Card,Tier1
50,73986.68,40,8,37,29.65,10.73,17,7567,2.74,Debit Card,Tier1
61,46051.66,23,8,24,29.29,59.92,53,7381,9.2,Cash,Tier1
48,,40,11,72,35.93,63.94,92,5693,6.13,UPI,Tier2
28,,74,11,41,31.27,24.55,83,579,6.36,UPI,Tier3
21,60714.63,74,9,66,54.81,30.14,97,6902,9.58,UPI,Tier2
35,58283.2,50,8,37,59.19,87.13,17,7906,7.45,Debit Card,Tier1
21,71582.39,10,8,40,30.6,47.25,14,6392,4.72,Debit Card,Tier1
66,51280.87,94,10,5,27.63,41.44,35,5287,6.94,UPI,Tier3
51,66833.6,4,11,46,37.75,54.56,73,7443,1.97,Credit Card,Tier1
46,57665.64,1,5,61,,67.78,88,3338,6.86,Cash,Tier3
41,57707.01,43,4,11,31.44,70.99,74,2521,7.38,UPI,Tier3
39,66767.97,83,11,76,64.74,74.28,106,9124,2.55,UPI,Tier2
19,65891.5,5,7,76,40.2,24.08,33,3023,7.61,UPI,Tier1
61,81745.83,94,8,31,,38.76,27,9798,1.76,Debit Card,Tier2
23,62345.85,90,8,71,35.5,,99,628,2.79,Credit Card,Tier3
59,57302.52,34,5,64,23.6,48.52,7,2399,5.23,Cash,Tier3
42,,66,11,75,50.79,8.11,82,899,7.4,UPI,Tier3
38,49277.39,24,6,79,34.77,31.28,116,4256,6.49,UPI,Tier1
33,57081.96,14,12,42,50.48,91.13,25,965,2.62,Credit Card,Tier3
48,109685.49,41,4,22,58.95,0.4,71,8265,1.4,UPI,Tier2
31,44921.07,42,6,23,69.86,7.86,48,4130,4.78,UPI,Tier2
56,58869.56,13,9,27,48.21,52.11,24,5969,6.97,Debit Card,Tier1
45,56475.25,29,3,47,81.24,80.49,19,7342,4.1,Cash,Tier2
49,59562.22,65,11,12,56.29,87.76,100,2657,4.05,Cash,Tier2
45,57712.74,46,7,63,46.84,82.59,10,1485,6.47,UPI,Tier2
68,71143.28,34,9,64,57.32,14.34,61,979,5.47,Cash,Tier3
66,27376.15,63,8,32,18.74,16.41,72,6681,9.06,Cash,Tier1
26,87817.77,4,8,50,43.85,90.35,52,4580,4.75,Debit Card,Tier3
62,78916.82,28,12,17,26.48,70.9,55,7072,2.56,Cash,Tier3
39,37656.83,83,11,59,60.38,88.43,60,7051,2.53,Debit Card,Tier2
49,15080.3,1,8,44,51.86,74.39,34,7493,1.06,UPI,Tier3
22,43504.41,36,8,7,30.66,1.9,70,1386,3.08,Credit Card,Tier3
40,59661.34,13,6,27,15.27,92.81,92,7588,6.63,Cash,Tier1
22,121766.42,5,7,26,51.74,86.46,32,1399,3.08,UPI,Tier3
59,76951.65,97,8,39,23.99,,64,1563,5.14,UPI,Tier1
49,25233.03,14,7,7,45.94,26.16,86,4830,1.41,Credit Card,Tier2
27,49827.58,80,9,56,72.79,19.93,47,7200,4.13,Credit Card,Tier2
56,63829.33,32,9,47,54.61,23.93,32,3016,6.61,Cash,Tier2
32,70581.04,50,11,52,26.59,18.62,82,7150,8.65,Cash,Tier3
24,,27,8,30,43.51,86.43,54,1448,2.69,Cash,Tier1
46,62030.21,35,10,72,51.26,86.5,8,8731,2.72,Credit Card,Tier3
64,49211.94,3,5,78,44.59,6.72,84,2334,5.57,Credit Card,Tier2
20,40717.31,4,8,62,,27.62,78,7226,7.8,Cash,Tier1
36,70711.1,7,9,54,47.08,85.35,21,4160,5.07,Credit Card,Tier2
27,,77,7,56,43.57,68.87,64,6112,1.47,Credit Card,Tier3
45,83502.91,3,8,47,24.93,61.85,72,3263,6.16,UPI,Tier3
46,77636.5,81,12,32,44.03,76.01,115,9065,7.98,Debit Card,Tier1
32,54057.87,59,6,52,49.21,79.68,77,7187,2.45,UPI,Tier3
52,80720.09,74,6,56,30.16,,26,7238,9.81,UPI,Tier3
23,71799.2,1,5,41,53.74,91.35,73,2944,3.76,UPI,Tier2
29,67946.72,28,9,23,38.44,70.85,100,4261,7.7,Debit Card,Tier2
64,,59,13,27,54.89,9.57,86,3907,1.56,Credit Card,Tier2
55,54068.73,53,9,58,47.61,30.54,82,6103,6.72,UPI,Tier3
30,66625.51,10,4,72,27.22,62.52,31,4084,6.66,Credit Card,Tier3
46,474708.96,71,40,69,57.1,82.25,94,588,7.17,Credit Card,Tier3
36,71627.33,3,7,40,33.47,91.15,43,7298,4.71,Debit Card,Tier3
20,51553.85,7,4,47,46.05,99.03,115,8752,9.23,Debit Card,Tier3
25,46687.43,9,13,58,63.65,11.81,11,6823,5.06,Credit Card,Tier2
25,54181.13,99,9,11,44.11,8.56,79,189,7.91,Credit Card,Tier2
37,112900.46,90,5,6,41.14,0.6,60,8295,6.94,Credit Card,Tier3
64,56216.35,69,8,74,,89.41,115,5496,6.26,UPI,Tier3
21,84951.15,13,8,34,18.53,91.73,21,3799,6.59,Cash,Tier3
68,56729.58,94,8,41,28.79,77.48,31,1788,8.68,Debit Card,Tier1
38,70746.06,40,9,32,,18.37,81,4116,9.4,Cash,Tier1
20,82418.4,62,4,60,36.73,99.3,4,4810,8.29,Debit Card,Tier2
62,52418.14,62,9,68,57.23,61.28,65,8200,6.62,Credit Card,Tier2
25,50895.54,10,6,78,36.76,87.18,13,8003,4.08,Debit Card,Tier3
40,101495.13,87,8,57,32.77,32.4,55,6864,4.66,Credit Card,Tier2
33,86661.04,11,6,16,55.39,62.61,15,4393,3.17,Debit Card,Tier2
30,82394.79,76,5,62,46.64,48.02,41,8653,3.7,UPI,Tier1
20,,62,10,16,39.24,75.17,100,5326,9.58,UPI,Tier1
65,75110.66,77,4,11,13.61,94.2,61,7562,4.23,UPI,Tier3
26,109391.07,56,6,47,,72.05,48,3496,6.32,Credit Card,Tier2
31,65965.98,49,14,71,55.47,39.41,109,109,1.18,Debit Card,Tier3
30,77699.77,16,6,40,32.52,97.45,38,8541,4.84,Debit Card,Tier1
24,33079.92,73,10,63,51.92,7.52,67,7519,8.61,Cash,Tier2
32,46850.86,74,16,36,59.26,47.37,77,6722,9.32,Debit Card,Tier1
24,38581.98,93,9,51,22.71,36.2,27,2967,6.01,UPI,Tier2
55,93029.4,9,5,11,42.3,80.56,60,9144,5.45,UPI,Tier3
51,10000.0,33,6,51,37.97,62.25,116,1236,1.3,Debit Card,Tier2
58,56149.18,88,8,46,34.77,9.41,5,2476,5.03,UPI,Tier1
39,10000.0,35,6,65,40.12,51.02,19,1022,4.89,Cash,Tier3
41,46711.67,75,6,55,66.31,80.17,64,2989,6.68,Debit Card,Tier2
66,,39,35,60,27.4,59.16,103,9170,6.42,Debit Card,Tier2
54,95467.16,77,5,40,35.76,33.95,21,7057,8.5,UPI,Tier1
61,73725.81,87,7,47,60.36,29.25,106,7149,1.06,UPI,Tier1
18,46670.89,25,9,27,,95.27,36,4101,4.63,Credit Card,Tier3
27,88451.2,80,9,17,47.88,13.89,51,2006,3.44,UPI,Tier3
60,65392.31,56,8,49,45.95,66.08,92,6815,8.4,Credit Card,Tier3
33,65826.47,48,5,76,77.91,99.09,17,4434,9.55,Credit Card,Tier2
63,38541.23,85,7,54,71.01,17.08,23,7975,5.77,Cash,Tier2
25,43219.7,10,10,35,56.18,17.54,119,9352,7.85,UPI,Tier1
66,46847.86,41,10,42,46.65,67.54,63,6467,9.17,Debit Card,Tier1
42,,83,8,73,41.99,21.87,79,1973,5.22,UPI,Tier1
67,66713.49,99,10,35,20.67,6.44,64,3199,5.69,Credit Card,Tier1
29,98970.04,59,9,58,60.96,39.63,82,4594,7.55,Cash,Tier2
42,73471.21,28,5,77,49.38,7.66,48,7821,9.99,Cash,Tier2
34,10000.0,41,8,12,69.84,40.38,117,9409,7.54,UPI,Tier3
43,70778.12,66,7,16,75.72,89.13,89,2923,5.78,Credit Card,Tier3
63,33099.64,51,13,63,53.06,44.54,39,7628,2.38,UPI,Tier1
65,43748.64,62,5,73,37.56,54.85,88,7375,7.16,Debit Card,Tier1
31,47132.27,30,5,59,,41.34,66,2613,6.88,Debit Card,Tier1
58,50406.56,40,7,36,62.74,21.77,26,8547,5.73,Credit Card,Tier2
53,34746.71,40,8,30,48.4,28.14,17,6434,4.54,Debit Card,Tier1
40,69476.6,69,13,16,26.12,,35,8873,3.28,Debit Card,Tier1
60,33962.35,62,10,13,43.38,98.12,109,8300,8.66,Cash,Tier3
23,72846.69,15,8,5,50.22,77.8,67,7954,5.86,Credit Card,Tier2
64,114213.36,3,8,19,31.0,9.46,72,3375,7.66,Cash,Tier1
22,,24,8,39,54.97,83.25,22,1373,6.08,Credit Card,Tier2
60,,41,7,12,19.48,21.25,3,4075,9.78,UPI,Tier2
42,10000.0,63,9,10,,28.7,6,2256,6.58,Debit Card,Tier1
35,58379.42,48,8,26,36.61,32.62,51,8379,1.26,UPI,Tier3
30,79139.78,61,2,44,33.02,64.35,65,1063,4.94,UPI,Tier2
60,80854.06,48,2,40,55.56,96.54,67,5106,7.79,Cash,Tier3
31,66702.0,47,7,51,49.41,80.89,14,6082,8.71,Debit Card,Tier3
45,84563.8,56,14,79,,60.43,81,2910,8.1,Credit Card,Tier1
35,121013.2,76,8,49,28.32,42.36,97,2116,6.73,Cash,Tier1
45,102670.7,8,10,75,65.34,79.35,111,7675,2.92,Credit Card,Tier1
68,53504.54,78,9,72,9.63,12.63,29,3912,1.86,Credit Card,Tier2
44,33075.71,18,16,59,57.92,26.61,111,917,4.07,Debit Card,Tier2
49,56064.67,84,9,75,,84.98,60,8056,6.08,Debit Card,Tier3
64,44166.38,23,10,42,21.09,81.39,102,8626,6.57,UPI,Tier2
26,74929.65,69,9,59,41.45,46.11,10,6054,4.35,Cash,Tier1
57,39013.74,65,9,79,51.51,,103,4991,5.89,Cash,Tier1
49,63397.91,46,4,20,75.75,,39,9015,1.97,Cash,Tier3
37,83436.31,66,10,49,36.0,4.73,106,466,8.67,Debit Card,Tier3
45,251138.76,80,60,28,45.61,,100,9711,6.41,Debit Card,Tier3
50,44181.1,69,8,53,50.16,47.95,21,4995,1.92,Credit Card,Tier2
21,90845.91,22,10,56,35.35,85.17,33,8858,2.06,Cash,Tier3
63,23662.42,65,7,29,49.34,19.65,116,9639,8.32,Credit Card,Tier3
51,57788.51,12,13,26,39.01,16.22,49,4974,3.08,Cash,Tier1
65,64083.48,19,12,48,58.62,52.87,96,2638,3.43,Cash,Tier3
20,65349.99,22,9,53,58.78,64.42,13,4432,2.71,UPI,Tier3
43,68970.91,55,13,58,46.98,6.99,89,7051,2.98,UPI,Tier1
25,78429.68,62,6,79,37.8,46.25,66,2888,2.23,Credit Card,Tier1
23,64221.04,51,7,68,31.97,10.91,36,1062,4.6,UPI,Tier1
33,,48,12,50,63.27,34.68,13,3821,1.67,Cash,Tier3
41,56033.03,17,11,5,57.8,,2,4253,8.84,Debit Card,Tier1
65,51546.65,13,5,35,49.77,94.65,2,4076,6.43,UPI,Tier1
56,82325.95,28,8,56,,48.72,93,2062,3.88,Debit Card,Tier3
47,50776.37,67,7,78,59.67,24.84,73,5907,3.97,UPI,Tier1
62,83628.96,5,7,7,33.59,78.81,30,7935,5.85,Debit Card,Tier2
30,65417.98,60,6,66,84.59,25.07,34,4259,1.94,Debit Card,Tier3
22,53532.39,15,6,32,68.69,91.29,36,1991,9.86,UPI,Tier3
42,78604.96,81,9,14,50.72,24.12,39,6007,7.47,Debit Card,Tier1
37,48996.01,44,9,46,54.63,53.57,26,5131,2.94,Credit Card,Tier2
35,79040.05,46,9,30,47.69,36.76,114,1474,8.51,UPI,Tier2
64,69679.97,29,6,26,30.04,23.29,97,4691,6.31,Credit Card,Tier2
35,51880.86,68,2,35,45.31,95.47,56,3842,8.1,Credit Card,Tier1
19,76629.97,96,4,36,50.39,,119,2870,8.75,Cash,Tier2
27,77024.97,49,6,40,44.28,33.64,63,4942,6.78,UPI,Tier1
62,90465.43,43,10,75,,62.29,32,2469,7.06,Cash,Tier3
67,86255.23,68,5,76,47.3,5.36,52,306,8.42,UPI,Tier1
64,75808.03,77,8,33,16.89,29.51,28,9284,6.07,Credit Card,Tier2
29,40193.0,20,8,76,,21.85,84,8994,5.19,Cash,Tier3
64,118868.91,18,12,74,70.47,34.89,12,5031,7.43,Cash,Tier2
30,,64,6,66,50.61,47.42,16,501,4.54,Debit Card,Tier3
67,85883.79,49,10,46,37.15,,46,869,5.23,Debit Card,Tier1
64,74488.24,42,11,60,,54.31,66,6246,4.23,Debit Card,Tier3
28,,12,5,41,,81.66,92,7216,8.78,UPI,Tier3
36,62265.38,89,6,36,32.49,37.3,16,8496,4.91,Cash,Tier3
52,63267.44,94,9,39,18.82,92.4,93,7250,8.2,Cash,Tier2
56,93722.82,79,7,15,34.3,,75,1700,7.98,Debit Card,Tier2
43,,36,4,11,46.86,5.83,91,5249,1.13,Cash,Tier3
63,59237.21,8,14,14,42.06,29.86,109,9613,8.98,Debit Card,Tier1
31,13606.47,28,8,74,53.85,49.1,2,4947,5.98,Cash,Tier3
62,103164.78,86,15,63,35.09,29.42,109,2461,6.01,UPI,Tier3
61,41449.7,60,10,11,43.33,38.71,39,3493,4.06,Debit Card,Tier2
41,72192.04,49,8,48,37.88,70.49,14,4038,8.48,Debit Card,Tier3
58,62769.03,38,4,22,33.5,79.86,110,255,2.17,UPI,Tier2
18,62843.98,80,5,17,32.66,25.45,74,2343,5.3,Debit Card,Tier2
68,82816.96,58,5,18,29.04,67.13,89,6802,3.24,Debit Card,Tier2
60,101767.77,5,7,20,62.01,13.74,83,3879,7.87,Cash,Tier3
39,282131.44,46,35,22,31.34,,20,6528,2.74,UPI,Tier1
40,79411.72,98,6,66,43.08,12.5,31,5779,2.22,Cash,Tier3
36,72235.61,75,7,52,34.98,75.16,96,4869,2.78,Cash,Tier2
35,,2,12,65,49.4,15.92,86,7257,8.92,Cash,Tier2
29,54815.84,89,9,17,39.33,63.3,14,9041,4.66,Credit Card,Tier2
45,88658.59,25,7,42,90.64,79.14,81,6298,1.22,Credit Card,Tier2
45,,1,7,53,34.65,67.56,59,5579,7.85,Credit Card,Tier3
50,,95,7,27,40.99,,41,6524,7.03,Cash,Tier1
36,50476.75,69,7,23,32.12,55.51,50,9746,5.24,Debit Card,Tier3
45,245186.28,40,45,76,70.35,60.76,106,6033,9.98,Cash,Tier1
69,70268.27,68,13,40,17.19,47.15,108,9652,4.01,Debit Card,Tier1
66,34841.48,69,9,12,46.91,49.47,98,8746,5.47,Cash,Tier1
54,100088.24,69,14,61,52.87,73.11,74,7543,4.01,UPI,Tier2
43,64729.92,16,5,34,49.19,52.17,86,846,5.77,UPI,Tier2
52,71246.41,54,8,10,,53.89,17,8850,9.61,Cash,Tier2
51,52305.9,63,6,7,59.33,,99,6670,1.27,Cash,Tier3
52,35808.69,18,4,28,44.14,67.67,57,7963,7.54,Debit Card,Tier2
57,51711.34,17,6,28,45.94,48.51,28,2008,5.91,Debit Card,Tier2
33,69822.49,99,11,16,41.76,21.85,34,7898,3.42,Cash,Tier3
55,79815.43,82,11,39,36.1,86.88,86,4553,3.91,Debit Card,Tier1
30,68559.41,4,6,40,55.96,69.79,8,3272,2.63,Debit Card,Tier3
40,72627.93,95,10,52,36.44,23.81,46,6261,5.78,Debit Card,Tier3
39,57585.42,95,9,41,52.75,16.65,10,3334,1.15,UPI,Tier2
33,75917.47,9,2,43,42.11,35.18,82,4228,8.12,Debit Card,Tier3
45,97622.32,31,4,68,23.24,52.1,104,9668,7.21,Cash,Tier1
65,80505.37,5,6,7,46.95,96.06,99,3225,4.44,Cash,Tier3
52,82809.92,16,10,77,44.0,95.07,22,809,3.08,UPI,Tier1
62,71468.36,42,3,55,33.65,42.35,100,5008,5.47,Credit Card,Tier1
63,31930.59,41,9,42,40.8,24.86,98,902,4.04,Debit Card,Tier2
25,,80,7,26,32.87,68.34,44,1134,8.05,Credit Card,Tier1
61,75007.27,84,7,19,35.48,43.03,64,8178,4.23,UPI,Tier2
39,64759.34,30,13,67,23.37,1.84,101,2782,7.51,Debit Card,Tier1
38,74676.54,26,6,79,34.47,9.58,26,1732,6.6,Credit Card,Tier3
43,101881.32,49,9,38,53.16,39.15,86,1345,6.06,Cash,Tier2
57,80972.79,31,9,59,49.02,65.27,39,9397,8.91,UPI,Tier2
38,92695.5,50,11,40,63.47,8.54,26,7960,6.77,Cash,Tier3
42,67082.99,15,7,10,54.8,87.4,118,1122,9.48,UPI,Tier2
58,47241.26,52,9,16,40.04,62.23,85,1630,5.26,UPI,Tier1
18,63726.94,38,6,18,49.57,24.53,24,3689,4.4,Debit Card,Tier1
23,47295.46,38,8,61,51.77,58.12,50,7210,6.6,Debit Card,Tier3
40,99282.49,60,5,26,76.77,78.03,104,1100,4.93,UPI,Tier2
68,82388.6,20,8,67,49.79,47.89,40,2745,5.2,UPI,Tier1
40,76451.27,99,11,47,59.74,33.64,45,7620,4.14,Cash,Tier2
60,92190.75,87,7,20,57.85,91.02,52,9466,7.46,Credit Card,Tier1
60,20558.76,44,12,43,72.88,45.58,40,8531,6.64,Credit Card,Tier3
40,77939.03,89,8,16,51.52,56.17,30,6175,5.96,Cash,Tier2
49,36165.79,63,7,18,,79.55,52,9700,5.04,Credit Card,Tier1
47,64840.37,50,10,41,45.39,47.36,16,8469,6.84,Debit Card,Tier3
30,58142.43,22,6,56,46.44,,118,5170,9.11,Credit Card,Tier1
60,79558.21,72,8,54,45.73,62.4,106,8255,7.81,Debit Card,Tier3
35,70020.12,54,5,61,61.78,12.61,56,8366,3.41,UPI,Tier2
40,94592.58,9,9,30,,32.19,119,9228,6.97,Debit Card,Tier3
32,51758.26,15,12,41,37.17,11.4,94,8790,1.52,Credit Card,Tier2
50,80600.52,48,7,22,78.5,92.34,41,6158,8.92,Debit Card,Tier2
38,68568.91,20,8,39,41.04,7.29,38,1645,5.87,Debit Card,Tier1
56,29023.61,35,9,14,58.64,58.06,7,5411,7.16,UPI,Tier2
40,44790.44,67,8,22,21.55,97.09,35,5469,5.46,UPI,Tier2
44,61702.68,60,6,5,35.35,31.06,103,5288,6.13,Debit Card,Tier3
62,89470.43,98,1,49,67.85,70.98,89,684,7.54,Credit Card,Tier1
61,75201.91,34,9,7,,,70,5852,8.87,Debit Card,Tier3
35,39314.98,99,8,49,51.72,26.92,118,5185,2.63,Credit Card,Tier1
41,61913.04,73,7,38,46.16,78.46,40,902,3.7,UPI,Tier3
68,109391.74,94,6,74,44.6,3.32,78,1905,9.37,UPI,Tier3
64,67446.91,54,7,26,55.67,25.5,11,2744,1.3,UPI,Tier2
57,57798.84,90,11,70,21.94,10.19,31,5978,3.45,UPI,Tier3
68,75818.27,12,13,15,53.85,81.83,58,316,5.58,UPI,Tier2
59,81794.65,88,11,21,29.18,40.69,30,3153,8.52,Debit Card,Tier3
24,54964.3,19,8,41,46.86,8.61,30,4344,4.69,UPI,Tier3
67,304226.6,80,15,23,38.65,97.05,86,5007,3.01,UPI,Tier3
65,57764.43,26,9,36,43.46,40.42,10,737,3.75,Credit Card,Tier2
37,80825.21,23,8,15,49.95,6.9,102,1920,3.38,Credit Card,Tier3
44,,33,7,15,36.4,37.62,2,9975,2.39,Debit Card,Tier3
23,75603.29,57,14,34,54.49,36.46,98,8821,4.7,Debit Card,Tier1
44,48297.96,30,6,6,26.83,13.13,98,9464,5.29,Debit Card,Tier2
26,46931.7,23,10,39,49.73,72.15,17,105,6.72,Debit Card,Tier3
62,85800.94,74,7,33,55.36,84.6,60,4199,6.36,Credit Card,Tier1
48,63253.28,36,7,55,57.76,82.18,96,648,4.47,Credit Card,Tier1
38,71270.76,95,9,9,,28.78,1,6623,2.77,Credit Card,Tier3
43,,86,6,73,60.27,13.71,108,8631,7.77,Cash,Tier3
57,84771.99,43,3,26,44.95,90.46,58,8760,6.48,Credit Card,Tier3
65,51628.18,66,6,32,58.13,36.97,45,2015,4.38,Credit Card,Tier3
62,62016.77,53,10,29,29.78,75.05,115,6370,2.97,Debit Card,Tier3
30,82291.84,87,11,8,,26.97,59,7433,7.24,Cash,Tier2
66,90805.29,99,6,50,41.12,39.02,32,9960,7.08,UPI,Tier3
40,53477.3,60,7,37,40.23,23.36,38,825,4.99,Credit Card,Tier2
37,,37,6,27,28.66,44.69,60,4405,3.95,UPI,Tier1
54,71891.32,61,7,42,35.78,3.4,44,2768,9.33,UPI,Tier1
45,42055.58,96,7,57,26.51,30.22,68,5946,7.43,Debit Card,Tier2
34,73119.15,53,8,67,47.41,9.64,104,8480,2.65,Credit Card,Tier2
45,56574.02,12,7,8,85.32,62.7,82,7635,3.61,Credit Card,Tier3
58,74549.51,35,6,41,27.02,9.7,77,5028,9.04,Credit Card,Tier3
19,64057.16,67,13,5,58.2,49.66,59,3950,3.19,Credit Card,Tier3
42,66634.02,98,8,71,29.02,75.94,3,188,3.11,Cash,Tier3
67,44944.95,38,8,8,56.01,27.19,37,9804,1.5,Credit Card,Tier3
58,86781.35,24,4,22,47.97,32.79,110,3120,4.74,UPI,Tier1
23,39565.2,81,6,50,44.86,60.9,29,1944,4.68,Debit Card,Tier3
28,40607.17,40,6,11,36.79,14.07,57,2594,7.37,Credit Card,Tier2
55,73081.93,65,6,65,64.99,29.16,72,7960,9.44,Cash,Tier3
23,100262.57,57,9,5,,86.65,96,8456,9.33,Debit Card,Tier1
62,57242.95,72,3,61,,78.85,47,7096,3.96,Credit Card,Tier1
28,80421.39,79,10,17,64.87,24.33,30,4720,4.2,Cash,Tier2
31,88613.48,45,7,28,47.13,70.75,45,2771,9.43,UPI,Tier2
19,82923.06,89,9,32,51.86,14.33,86,8502,1.67,UPI,Tier2
57,58153.42,72,9,56,25.64,42.57,41,5952,4.36,Credit Card,Tier3
20,40996.97,96,6,74,37.84,13.78,68,9140,6.75,UPI,Tier1
52,16433.95,13,8,13,54.06,44.25,89,6656,1.3,Cash,Tier1
50,59217.51,79,5,31,72.48,6.08,16,4530,4.08,UPI,Tier3
41,90917.92,6,6,63,40.09,86.65,24,6809,5.69,Cash,Tier2
36,40268.35,97,5,58,59.96,,46,8264,9.03,UPI,Tier2
35,80404.62,71,8,35,43.01,36.61,29,1489,3.17,Cash,Tier1
66,44096.64,97,7,48,42.87,39.1,46,9363,7.96,Credit Card,Tier3
69,67333.6,47,9,28,26.91,91.59,13,6331,5.08,Credit Card,Tier3
41,80571.42,93,4,72,73.76,,104,240,5.46,UPI,Tier2
62,50491.1,44,7,17,62.91,69.02,91,6313,1.08,Debit Card,Tier3
52,68750.66,32,9,40,,48.44,104,6387,3.76,Credit Card,Tier3
18,55867.99,3,7,52,51.44,57.71,35,4680,9.01,Debit Card,Tier2
53,80513.27,54,10,49,,39.6,93,5234,5.36,UPI,Tier3
42,70176.98,84,8,14,52.15,14.16,66,2397,6.62,Debit Card,Tier3
62,66243.17,78,4,25,47.61,50.98,99,136,2.64,Debit Card,Tier2
66,99283.7,92,8,57,22.77,85.68,107,5967,9.84,Cash,Tier3
60,79570.74,38,7,60,62.44,23.65,10,4909,4.51,Credit Card,Tier3
51,49812.26,4,14,67,44.29,47.14,111,539,4.34,Cash,Tier2
42,63110.99,79,5,22,57.24,30.19,16,2161,8.81,UPI,Tier2
33,63330.23,17,4,69,41.91,42.26,5,5273,2.69,UPI,Tier3
51,267068.12,37,45,37,39.5,0.02,32,2631,7.76,Debit Card,Tier3
46,120539.2,88,10,36,29.47,87.41,75,6891,4.15,Cash,Tier2
36,73158.74,36,11,79,61.19,88.09,38,8189,6.72,Debit Card,Tier1
40,20210.14,58,9,8,53.99,64.25,100,8579,9.03,Cash,Tier1
36,53058.42,41,7,54,34.79,48.83,96,3274,7.91,Debit Card,Tier2
42,89951.24,8,15,18,49.38,85.97,34,8063,6.99,Cash,Tier1
33,57744.44,67,8,39,48.77,83.38,84,5819,5.88,UPI,Tier3
68,21279.17,30,6,50,53.21,19.35,30,4629,1.32,Credit Card,Tier3
26,45825.01,86,9,12,64.09,84.41,86,9382,6.29,Credit Card,Tier3
18,31544.13,52,14,43,33.5,,114,7820,5.09,Debit Card,Tier2
59,73451.52,97,13,52,57.05,0.63,27,5403,4.0,Credit Card,Tier1
36,65011.87,25,7,63,57.42,94.22,110,8369,5.12,Debit Card,Tier3
50,71665.17,52,8,5,50.14,16.26,103,9959,2.51,Credit Card,Tier2
51,62699.87,59,11,35,31.64,51.73,79,4067,2.71,Cash,Tier3
33,34325.45,30,4,52,46.07,89.03,103,9288,9.93,Cash,Tier3
61,76297.47,67,8,34,14.61,93.89,81,1640,8.33,Debit Card,Tier2
57,107288.94,4,15,20,40.56,23.04,61,4865,7.91,Cash,Tier1
35,,93,10,45,30.78,75.9,45,7615,8.12,Debit Card,Tier2
51,55629.66,57,10,28,58.18,35.72,16,8388,6.71,UPI,Tier1
42,,63,12,69,50.36,44.58,65,5985,9.97,UPI,Tier2
62,45022.53,32,16,15,30.49,69.9,2,1189,4.98,Cash,Tier1
23,74966.87,87,9,23,72.98,82.14,18,8183,9.22,Cash,Tier2
38,,83,2,23,68.25,55.56,14,7347,4.28,Cash,Tier3
23,70739.06,79,7,35,50.24,69.31,116,3335,5.74,Cash,Tier1
49,82597.52,51,4,16,24.88,14.41,53,2997,7.72,Cash,Tier3
58,80568.92,63,5,37,51.76,49.33,57,4646,5.07,Cash,Tier3
65,76143.76,80,9,74,46.0,82.17,99,1354,4.67,UPI,Tier3
60,50513.58,87,10,46,66.87,85.23,90,5134,7.28,Debit Card,Tier1
56,68826.32,1,7,55,25.54,70.8,106,4988,1.27,UPI,Tier2
48,46335.69,19,11,60,39.96,15.73,49,1930,4.21,Debit Card,Tier2
59,65383.44,35,6,57,63.31,55.4,18,7831,5.76,Debit Card,Tier1
27,72279.0,63,8,46,56.1,4.92,54,8414,2.88,UPI,Tier2
47,101933.24,94,5,61,36.97,90.51,59,7918,8.44,UPI,Tier3
69,36185.9,81,3,40,57.36,,32,9431,1.16,Credit Card,Tier2
35,75593.17,26,12,21,40.83,33.62,46,2456,2.69,Debit Card,Tier2
41,97587.21,13,9,22,33.67,70.04,69,9029,4.33,Cash,Tier1
69,81694.65,86,6,8,57.8,77.37,20,8746,6.45,Debit Card,Tier3
26,83324.8,23,5,55,57.74,45.16,109,3557,3.83,Credit Card,Tier2
48,77929.29,97,8,24,40.53,44.87,50,5668,9.94,Credit Card,Tier1
32,93563.36,91,12,71,32.11,41.35,111,3574,2.35,Debit Card,Tier3
21,41075.48,35,9,61,37.21,52.4,116,8931,6.14,Credit Card,Tier3
57,34509.61,12,5,18,48.71,97.87,18,5312,3.5,Debit Card,Tier3
26,64860.65,9,11,48,22.92,76.97,22,8859,3.69,Credit Card,Tier2
62,17454.43,98,5,29,53.16,14.67,5,3057,1.14,Cash,Tier3
26,92074.21,78,6,68,46.22,24.93,69,8131,3.7,UPI,Tier2
43,91855.73,67,3,6,46.19,95.75,49,5349,8.43,Credit Card,Tier1
21,55466.29,44,2,42,54.86,47.53,74,5260,3.39,Cash,Tier2
34,56843.05,61,8,10,24.55,,33,3122,6.17,UPI,Tier3
33,63408.36,21,8,52,36.51,11.95,41,9365,7.92,Credit Card,Tier1
32,66144.45,7,4,32,48.78,69.89,8,5575,8.09,Credit Card,Tier2
52,67797.83,97,5,70,48.2,7.93,104,7624,9.59,UPI,Tier2
69,77281.11,99,9,43,45.97,76.89,93,8268,6.74,Cash,Tier1
22,61202.22,11,6,45,46.09,45.87,11,4489,9.69,Cash,Tier2
22,,45,4,7,30.07,73.94,74,6716,2.33,Cash,Tier2
37,74810.85,32,9,75,57.38,44.16,77,666,2.42,Debit Card,Tier3
32,51646.8,86,14,5,39.4,14.96,74,3064,5.65,Debit Card,Tier1
35,94372.48,83,8,53,40.76,9.22,31,3992,8.37,Credit Card,Tier1
64,35118.35,36,9,39,43.35,43.27,107,8652,8.7,UPI,Tier3
19,62972.35,37,7,39,26.27,4.87,86,1985,5.03,Debit Card,Tier1
46,86272.18,75,15,53,65.62,68.22,55,683,9.7,Cash,Tier1
30,49092.39,41,7,66,30.39,95.85,88,9235,9.38,UPI,Tier2
21,71810.22,77,9,20,47.42,92.8,51,4320,4.43,UPI,Tier1
59,76953.47,92,8,69,25.09,57.95,95,3407,5.56,Cash,Tier1
62,46068.47,49,6,6,31.22,57.1,62,8826,5.24,UPI,Tier3
27,63405.49,15,12,6,60.52,56.6,21,938,9.73,UPI,Tier2
48,61556.92,13,11,71,,90.22,77,6448,8.24,Cash,Tier3
58,52861.77,53,7,63,45.77,4.89,26,7564,5.67,UPI,Tier3
25,,33,8,46,48.39,64.99,92,6261,1.24,Debit Card,Tier3
20,48211.66,72,6,36,62.25,46.54,80,7424,1.31,Credit Card,Tier2
65,87108.47,32,7,20,43.85,94.6,13,4225,3.16,UPI,Tier2
63,56358.38,48,11,53,30.61,25.6,67,2134,7.42,UPI,Tier3
26,41094.0,68,9,57,12.05,26.64,84,1402,3.63,Credit Card,Tier3
47,67261.91,57,7,70,14.16,76.72,44,499,1.32,Debit Card,Tier3
28,79280.05,62,8,41,64.83,42.99,76,6199,7.2,UPI,Tier3
52,85251.21,82,6,57,50.54,35.82,78,4563,6.11,Cash,Tier3
54,99369.83,87,8,55,72.66,30.5,3,7300,9.1,Debit Card,Tier1
59,129795.42,93,13,70,51.73,15.1,20,820,9.16,UPI,Tier1
30,70511.31,2,7,6,,15.11,6,9173,9.95,Cash,Tier2
53,50411.97,77,8,6,24.89,21.75,4,2198,3.69,Cash,Tier3
30,74963.24,16,12,33,34.26,72.45,23,2996,3.67,UPI,Tier1
29,59143.32,8,4,70,,59.95,5,2897,9.81,UPI,Tier3
54,85371.25,19,7,19,53.16,89.65,12,3458,9.75,Cash,Tier1
27,36462.39,32,10,49,31.27,55.06,60,7270,2.82,Cash,Tier1
26,117103.36,67,6,75,79.18,74.07,90,5599,5.19,Debit Card,Tier1
69,83833.06,32,6,33,54.33,31.93,96,5764,6.0,Credit Card,Tier2
24,27951.91,85,4,37,42.13,83.07,26,5527,9.24,UPI,Tier2
19,49401.36,25,5,55,55.72,83.3,93,7706,2.11,UPI,Tier1
40,82953.78,53,13,9,33.88,8.48,59,6753,3.49,Debit Card,Tier3
56,90879.57,81,10,41,37.54,20.94,108,8838,3.41,UPI,Tier1
57,37010.77,25,13,7,,89.86,13,3719,9.36,Cash,Tier2
56,80686.57,33,10,15,,27.0,9,957,2.44,Cash,Tier3
38,22158.52,31,5,15,51.61,50.29,73,1052,5.99,UPI,Tier3
40,63034.61,36,3,11,34.45,92.39,98,3098,6.65,UPI,Tier1
46,89465.03,87,5,72,24.28,79.07,43,1251,4.84,Credit Card,Tier2
31,52866.65,89,6,23,28.03,94.24,23,1723,1.13,Debit Card,Tier1
43,31847.71,49,10,38,54.05,25.75,89,6233,1.87,Cash,Tier2
68,68216.73,44,8,14,58.44,66.13,22,1537,4.15,Cash,Tier3
22,51696.18,48,10,6,60.54,39.67,82,6349,8.56,Credit Card,Tier1
48,78850.28,30,10,75,63.27,23.52,42,6286,3.36,Credit Card,Tier3
42,,13,12,39,26.1,51.41,49,2459,3.23,UPI,Tier1
48,48001.99,43,14,36,47.7,95.88,32,4579,9.94,Credit Card,Tier1
67,20537.95,93,8,19,52.18,66.66,84,4534,8.54,Debit Card,Tier3
37,68738.78,16,10,16,,94.09,8,3382,2.95,UPI,Tier3
61,245840.36,91,70,67,54.07,16.28,95,6118,2.63,Cash,Tier1
34,38855.54,26,8,47,63.28,52.98,21,7304,7.04,UPI,Tier2
62,69263.57,75,11,76,69.17,54.0,79,9326,5.85,Credit Card,Tier1
19,87595.55,47,12,31,24.16,20.89,65,2894,1.91,UPI,Tier2
42,60257.51,37,7,59,58.57,24.08,119,1343,2.13,Credit Card,Tier2
30,70899.67,3,5,79,19.37,93.2,27,1910,5.86,UPI,Tier2
56,,26,9,76,36.56,45.69,18,5149,5.88,Cash,Tier3
45,38504.74,98,6,36,51.75,91.43,78,4474,7.66,Cash,Tier2
59,110244.89,97,10,14,42.67,21.66,45,1848,3.46,Cash,Tier1
23,54641.3,15,6,39,34.79,41.71,74,1548,4.72,Debit Card,Tier3
20,79434.56,66,7,8,37.52,68.55,49,9980,9.81,UPI,Tier2
52,81922.74,28,6,43,49.89,2.93,49,463,9.3,Credit Card,Tier2
35,61928.91,84,10,47,33.53,61.79,96,3797,6.57,UPI,Tier3
28,78349.49,38,5,22,68.34,97.89,113,9490,7.77,Debit Card,Tier1
37,70408.02,44,10,36,37.5,17.12,107,9232,9.02,UPI,Tier1
22,33811.93,53,4,73,61.38,96.75,5,2562,6.1,Debit Card,Tier1
36,57690.0,80,13,32,33.38,51.55,65,2679,9.76,Cash,Tier3
39,51523.88,4,4,43,44.01,45.42,48,9667,3.4,UPI,Tier2
36,54841.61,72,6,31,45.92,17.87,58,3047,2.53,UPI,Tier3
64,36311.93,44,8,57,48.77,54.35,23,8086,5.74,Debit Card,Tier3
33,89781.54,46,9,13,54.69,25.01,107,7862,4.83,Credit Card,Tier2
41,100243.84,84,6,55,24.98,0.65,96,2578,5.29,Cash,Tier2
58,86516.07,26,6,16,55.77,78.59,111,2055,1.87,Cash,Tier2
21,92951.64,96,6,16,56.1,33.57,43,372,9.73,Debit Card,Tier2
32,57418.03,13,16,34,65.07,82.06,48,5007,6.02,Credit Card,Tier2
42,51002.35,69,9,31,46.46,47.14,12,591,8.66,UPI,Tier1
61,47871.08,44,6,47,35.47,,33,117,7.15,Cash,Tier1
52,,53,9,62,32.11,83.55,112,3937,2.62,Credit Card,Tier1
31,69995.39,51,4,57,42.92,64.84,72,5500,4.73,Cash,Tier3
66,63301.12,13,4,10,39.84,39.33,8,7117,1.36,Cash,Tier3
36,93493.27,41,6,5,26.29,58.39,11,995,5.48,Credit Card,Tier1
55,73908.71,11,8,47,39.47,95.53,107,9708,2.57,Cash,Tier3
53,46549.53,37,8,25,54.56,83.12,85,727,1.09,Debit Card,Tier2
24,50020.01,60,9,16,49.23,11.56,109,498,7.52,Credit Card,Tier1
47,80003.85,32,8,50,43.51,,97,7966,8.89,UPI,Tier3
36,87918.12,45,7,42,41.0,86.17,80,8155,6.68,Cash,Tier3
66,77136.97,18,11,55,,33.01,74,939,2.53,UPI,Tier2
42,106731.55,93,7,49,,15.68,18,2500,4.21,UPI,Tier1
33,100970.16,79,9,18,31.85,82.7,59,8790,2.37,UPI,Tier1
64,74702.79,20,6,13,47.64,52.77,34,3664,3.66,Credit Card,Tier1
57,46551.23,44,12,6,56.4,83.38,15,6210,5.36,Credit Card,Tier2
68,36180.27,36,3,33,62.83,66.67,60,5459,4.19,Cash,Tier1
25,56477.6,69,13,65,41.41,17.5,100,4040,7.88,Credit Card,Tier2
35,81570.7,37,6,39,66.38,19.83,85,8030,4.82,UPI,Tier1
45,105186.24,33,8,73,55.24,91.19,68,7663,2.07,Credit Card,Tier1
33,74183.83,82,9,9,50.19,71.95,48,4232,6.19,Cash,Tier1
69,90711.9,19,10,48,49.63,49.7,97,9901,5.25,Credit Card,Tier2
36,59603.24,51,7,54,30.76,73.67,87,9896,3.22,Debit Card,Tier1
59,78700.92,32,12,59,,94.78,56,5218,6.42,UPI,Tier2
34,83113.85,22,10,48,56.35,87.99,62,7980,3.52,UPI,Tier2
62,21448.93,1,15,73,35.29,45.15,32,4573,6.77,UPI,Tier2
30,,54,7,66,9.42,1.61,73,8558,3.17,UPI,Tier3
24,85893.41,89,11,11,59.86,33.18,44,4258,1.12,Credit Card,Tier2
44,71038.3,20,11,73,79.12,30.25,5,1152,8.37,Cash,Tier2
27,38676.67,58,9,5,34.63,34.37,59,2432,6.06,Cash,Tier3
51,11537.31,35,8,77,47.2,95.11,37,9451,6.14,Credit Card,Tier1
53,56952.82,70,4,43,66.7,25.07,88,8300,1.03,UPI,Tier1
42,63425.11,70,4,13,64.43,31.48,26,6854,2.41,Debit Card,Tier2
23,45553.7,61,7,56,45.97,32.84,20,7961,4.71,Credit Card,Tier1
41,68147.87,63,9,40,61.53,78.4,97,5372,9.69,Debit Card,Tier1
35,76140.51,61,8,48,45.3,61.59,48,9156,7.5,UPI,Tier1
40,79755.12,57,11,71,18.48,85.82,18,2977,2.26,Cash,Tier1
23,13169.78,3,8,30,78.35,14.46,37,9498,5.06,UPI,Tier2
46,36085.73,95,7,15,46.12,62.26,98,5750,5.88,Cash,Tier3
42,58298.3,99,12,47,7.21,81.09,70,2340,4.61,UPI,Tier2
34,77587.81,45,10,32,44.9,80.7,84,6531,2.53,Cash,Tier3
63,75763.15,15,8,44,77.95,36.26,94,4787,6.88,UPI,Tier1
41,75381.14,17,8,15,55.41,78.66,93,5884,5.4,Cash,Tier3
28,,15,8,16,50.35,86.33,14,7508,9.49,Debit Card,Tier1
43,57792.06,5,10,46,78.84,13.62,105,4886,7.35,Cash,Tier3
68,48976.76,86,9,37,39.0,34.98,72,6626,2.19,Debit Card,Tier1
51,81900.27,46,6,9,53.04,72.2,92,4849,3.54,Credit Card,Tier1
45,44749.25,11,8,25,64.29,42.95,93,2312,5.09,UPI,Tier3
20,,64,2,34,,99.72,14,1749,6.03,Debit Card,Tier1
28,69572.77,92,8,37,29.18,28.87,26,7975,6.1,UPI,Tier2
55,64009.02,14,5,78,47.99,42.57,98,9381,5.08,Cash,Tier1
31,,39,14,5,59.81,9.92,22,8941,8.88,UPI,Tier2
68,35178.08,67,9,33,78.11,77.19,88,4432,4.52,Cash,Tier3
43,50751.64,55,8,75,34.38,,118,1250,7.96,UPI,Tier1
65,57739.85,42,11,55,67.9,97.89,113,6465,4.15,Debit Card,Tier3
38,12881.47,75,7,69,49.17,79.1,40,5352,3.58,Debit Card,Tier1
56,60658.19,94,10,52,67.12,29.1,1,3586,4.11,Credit Card,Tier1
47,85335.86,5,5,37,33.82,73.88,75,4306,7.09,Credit Card,Tier2
25,77478.79,52,12,7,23.32,44.52,105,8163,4.44,Debit Card,Tier1
68,54083.47,22,8,70,24.69,98.06,15,9382,2.75,Credit Card,Tier1
37,66032.6,77,6,22,49.82,78.74,89,2980,6.13,Credit Card,Tier2
65,52764.38,44,6,22,45.44,37.3,111,7021,2.37,Credit Card,Tier1
49,68272.74,85,9,77,,79.34,81,6563,6.25,UPI,Tier3
39,,59,10,16,43.03,37.22,18,8244,6.05,Credit Card,Tier3
24,86306.97,25,5,31,84.26,63.82,29,8459,9.8,Debit Card,Tier3
26,76457.47,21,12,63,71.73,10.62,88,4117,2.62,UPI,Tier3
62,54156.53,92,4,73,47.95,44.52,7,2341,9.97,Credit Card,Tier3
18,81498.64,64,8,39,44.81,7.5,95,6106,2.33,Credit Card,Tier3
46,27888.71,68,8,30,24.94,51.57,3,8004,8.62,Debit Card,Tier2
25,59448.22,93,5,14,40.04,57.55,15,7823,8.64,UPI,Tier1
21,77841.65,47,8,78,,74.7,2,3125,3.11,Debit Card,Tier1
52,81289.27,35,5,56,22.26,35.87,34,6297,1.7,Cash,Tier3
20,79737.46,87,6,7,41.3,78.16,107,3107,2.87,Cash,Tier2
62,71486.28,7,8,25,49.53,60.38,36,6820,4.27,Credit Card,Tier2
57,60694.05,56,9,38,64.13,56.83,111,1824,4.93,Cash,Tier1
24,76835.47,52,9,58,71.24,21.91,53,5032,6.76,Credit Card,Tier2
44,44037.06,46,8,30,,93.4,71,7534,6.43,UPI,Tier2
18,46417.1,9,6,14,47.26,17.73,45,2003,7.75,Cash,Tier1
44,66358.16,58,8,24,30.44,6.87,48,8875,7.29,Cash,Tier1
33,68810.35,23,3,59,,,73,8869,1.22,Debit Card,Tier2
55,24836.47,3,9,51,57.92,35.57,32,2386,7.89,Cash,Tier2
24,75013.22,61,3,53,31.68,82.41,57,9274,5.98,Cash,Tier2
61,82000.02,9,10,66,20.43,93.18,105,5686,9.5,Cash,Tier3
40,63299.72,53,5,12,42.39,40.12,106,5459,3.56,Debit Card,Tier1
58,117238.26,68,10,19,46.22,13.98,41,2678,4.07,Cash,Tier1
28,49975.43,49,5,17,22.93,10.22,31,4311,4.31,Cash,Tier3
59,57056.08,89,10,29,60.87,18.06,88,9542,6.77,Cash,Tier1
50,56308.53,70,5,49,,27.4,2,6056,4.04,UPI,Tier2
67,63323.87,48,12,53,34.19,63.64,11,7242,3.77,Credit Card,Tier2
53,57768.05,82,7,46,40.84,76.72,66,9772,2.65,UPI,Tier2
54,34050.17,7,9,32,61.48,45.35,72,7791,4.13,Cash,Tier3
58,52975.94,99,8,65,50.32,86.3,114,1870,7.39,Credit Card,Tier1
34,62852.34,31,6,43,31.99,80.58,61,5105,3.84,Cash,Tier2
52,92028.59,56,7,42,32.12,0.79,62,7054,7.55,Credit Card,Tier1
65,113449.35,96,7,14,71.6,57.14,3,8468,4.77,UPI,Tier2
22,94380.43,99,14,56,33.82,40.67,119,5831,7.42,Credit Card,Tier3
65,47941.66,61,10,63,35.14,47.68,84,7404,8.97,Credit Card,Tier3
49,49692.19,92,5,17,23.54,60.9,73,3324,1.33,Credit Card,Tier1
20,61494.77,5,6,29,42.33,58.38,75,6091,4.18,Credit Card,Tier3
69,104260.3,30,7,59,43.21,89.47,28,6550,4.38,UPI,Tier1
64,61360.67,22,8,21,42.96,35.58,26,4532,6.16,Debit Card,Tier1
52,35794.84,17,12,10,25.28,60.15,61,1138,5.55,Cash,Tier2
69,53974.1,10,9,25,11.01,94.37,58,8808,7.17,Credit Card,Tier3
31,81655.23,71,3,25,48.42,35.91,88,9619,1.05,Credit Card,Tier3
65,80178.69,68,10,32,46.2,49.84,37,7600,9.29,Credit Card,Tier1
48,60595.23,42,6,76,41.34,7.14,43,5454,6.2,UPI,Tier1
48,80035.12,27,12,67,55.54,90.97,13,2991,7.04,Cash,Tier1
34,14990.21,7,5,24,60.05,80.42,20,7885,4.19,UPI,Tier2
41,67284.24,23,10,9,71.0,5.6,31,5297,3.13,UPI,Tier1
69,83935.08,75,11,27,13.55,71.18,82,4931,7.19,Cash,Tier1
40,46677.01,8,6,13,50.34,,90,1990,8.96,UPI,Tier2
35,,8,6,13,23.04,76.74,50,4095,2.73,Cash,Tier2
67,23938.14,5,10,56,73.5,57.66,116,6754,9.62,Debit Card,Tier3
31,99977.7,71,6,33,79.47,91.6,52,4926,2.7,Cash,Tier1
67,49156.61,86,10,41,82.69,71.87,53,9121,5.46,Credit Card,Tier2
32,70302.95,2,4,34,17.4,10.3,112,9245,3.62,Credit Card,Tier2
32,,88,6,21,,22.31,50,7556,6.67,Credit Card,Tier2
23,98265.49,51,12,54,28.46,15.2,101,2380,2.0,Debit Card,Tier2
44,61614.25,66,9,8,53.69,31.07,66,137,1.01,Cash,Tier2
32,53132.54,12,6,71,29.89,26.01,62,6508,7.98,Debit Card,Tier2
67,68807.49,47,7,50,31.3,26.54,114,2621,8.45,UPI,Tier1
53,93249.77,55,6,23,47.88,,91,1192,5.56,Cash,Tier3
25,61256.2,26,5,5,82.54,2.25,83,6424,5.31,Credit Card,Tier1
32,43992.88,45,18,76,52.78,27.61,82,1254,1.59,Credit Card,Tier1
20,31103.33,62,5,70,45.37,17.11,3,1088,8.58,Cash,Tier3
64,38131.46,70,13,56,,5.87,105,9564,8.17,UPI,Tier3
30,84016.61,87,9,7,,42.79,90,2467,8.45,Credit Card,Tier2
58,57946.26,2,10,48,50.34,79.55,48,5618,3.12,Debit Card,Tier3
51,51634.54,26,15,35,85.57,,50,4657,5.99,Credit Card,Tier1
41,49248.72,14,5,14,13.24,70.36,45,654,8.44,Credit Card,Tier1
57,66871.01,82,8,78,17.99,11.62,89,1719,3.64,UPI,Tier3
49,59731.99,57,10,58,63.87,44.29,103,8161,8.81,Cash,Tier3
49,58991.09,32,11,56,53.01,20.99,1,3322,6.72,Cash,Tier2
47,94685.13,62,2,62,46.21,,1,7760,4.89,UPI,Tier2
69,98836.36,78,6,73,9.22,23.31,94,8951,4.54,Credit Card,Tier3
66,29579.52,30,8,74,37.34,78.85,66,1891,8.16,Cash,Tier1
30,72207.04,13,2,62,69.24,57.47,113,8369,9.38,Cash,Tier2
18,47909.03,40,6,35,35.74,22.91,28,1925,1.22,Credit Card,Tier2
51,59538.48,31,8,40,37.47,22.54,27,6468,1.73,Cash,Tier1
32,71804.12,37,9,18,47.86,24.19,57,8500,9.37,Debit Card,Tier3
61,60320.16,45,5,78,,79.13,72,6929,9.18,Cash,Tier3
31,70070.12,86,12,45,49.02,63.21,111,8925,9.14,Debit Card,Tier3
46,79805.34,59,6,12,18.78,25.82,25,6387,9.86,Credit Card,Tier2
51,71480.69,28,8,74,65.22,38.01,83,8800,8.66,Credit Card,Tier1
35,50769.6,61,9,36,58.17,,13,6280,1.72,Debit Card,Tier1
24,51157.61,19,4,47,40.53,28.63,95,741,5.46,UPI,Tier2
46,33326.48,43,12,34,18.27,77.57,4,3751,5.94,Debit Card,Tier1
48,46213.75,59,10,51,21.72,43.5,70,9081,8.72,Credit Card,Tier2
42,108165.5,16,7,7,,25.24,61,4507,7.7,Debit Card,Tier2
55,47575.92,69,7,14,50.64,61.34,35,1681,9.5,Debit Card,Tier2
31,38745.67,44,8,21,39.58,59.02,13,7151,1.45,Credit Card,Tier1
25,72038.41,66,9,64,27.2,60.22,72,306,1.36,Debit Card,Tier3
44,62571.98,10,5,18,44.9,57.08,87,2077,9.4,Credit Card,Tier2
19,60696.95,47,9,14,65.22,,35,1919,8.42,Debit Card,Tier1
34,95999.01,19,7,21,42.91,42.36,106,6656,8.85,UPI,Tier1
54,77080.79,84,7,23,30.52,89.51,77,9566,9.31,Cash,Tier1
31,53340.16,93,10,13,36.92,84.32,58,3030,7.57,Cash,Tier2
42,55661.53,89,11,68,,94.46,111,2647,7.06,Cash,Tier2
47,53943.1,81,6,50,53.44,66.96,86,2169,2.79,UPI,Tier1
46,,51,9,63,38.35,79.63,62,3309,5.21,Cash,Tier3
37,58220.75,13,15,74,44.45,2.53,116,699,9.42,Credit Card,Tier1
38,25550.62,63,12,52,52.54,84.24,104,7545,3.99,Credit Card,Tier3
39,63936.97,16,7,9,57.47,33.97,42,6645,4.41,Cash,Tier2
52,31185.43,53,10,67,44.03,88.84,29,5339,2.3,UPI,Tier3
54,113053.07,35,4,32,37.04,39.57,6,3359,6.09,Cash,Tier3
33,43755.31,59,5,47,50.87,71.58,16,8002,2.8,Debit Card,Tier3
67,61438.98,39,6,12,42.67,97.13,59,9184,7.37,Credit Card,Tier1
66,70680.46,67,11,38,29.28,73.15,23,6362,9.05,Cash,Tier2
60,58649.52,73,12,45,43.72,43.21,39,4008,9.62,Credit Card,Tier3
34,58619.33,61,11,56,30.48,60.13,40,5261,6.25,Credit Card,Tier3
33,74280.2,50,10,21,,28.4,32,3930,2.81,Debit Card,Tier3
19,98576.75,53,7,9,37.68,78.84,87,3914,8.12,Credit Card,Tier1
21,81885.2,46,8,33,56.2,53.96,3,2410,1.67,Cash,Tier3
38,97527.31,52,8,23,33.55,18.42,73,5404,7.34,Cash,Tier2
56,41974.38,29,7,30,90.74,54.89,6,8223,6.71,UPI,Tier3
51,71981.98,5,9,79,56.96,52.67,4,3527,3.69,Credit Card,Tier1
47,68415.41,67,9,48,19.43,14.76,20,6130,8.57,Credit Card,Tier1
23,72724.01,74,8,29,25.3,15.39,101,6659,2.53,Credit Card,Tier3
34,95277.1,95,13,22,57.39,54.64,5,3874,9.27,Credit Card,Tier2
56,60142.64,75,6,43,33.67,,42,9588,2.75,UPI,Tier1
42,56078.93,81,10,45,29.57,65.25,14,9136,5.34,Credit Card,Tier2
22,76747.58,40,11,34,29.97,78.61,3,599,8.65,Credit Card,Tier3
22,25879.54,72,10,62,,59.62,19,6152,4.06,Debit Card,Tier2
37,59789.25,2,6,39,44.08,11.17,91,4414,9.66,Debit Card,Tier2
33,62047.65,68,8,55,47.99,20.35,94,2366,5.61,Cash,Tier1
68,44752.11,62,9,58,37.15,82.13,99,4020,4.48,Credit Card,Tier2
58,88255.3,80,5,51,23.68,32.37,66,261,4.79,UPI,Tier1
54,41630.71,58,11,49,42.51,77.98,66,8912,1.83,Debit Card,Tier1
57,62010.79,85,6,57,72.67,42.26,15,2136,4.05,Debit Card,Tier1
26,,69,12,71,49.55,48.33,72,1396,3.39,Credit Card,Tier1
22,94775.93,58,9,70,47.22,,30,3449,1.36,Cash,Tier2
59,64767.76,35,8,68,30.48,31.37,102,8928,9.56,Credit Card,Tier2
19,85595.38,14,10,48,40.04,16.03,49,198,4.04,Credit Card,Tier2
26,80413.1,15,9,52,51.38,60.27,55,4495,3.21,Credit Card,Tier3
60,67716.07,6,7,77,46.2,58.51,57,7599,8.39,Credit Card,Tier2
53,41030.71,16,7,43,60.03,47.65,87,4624,2.17,UPI,Tier2
39,33439.22,87,9,69,59.78,87.58,95,5923,7.83,Credit Card,Tier2
39,67343.12,95,8,41,53.98,1.32,33,9403,9.04,UPI,Tier1
39,53060.67,46,6,21,21.35,38.22,68,7483,3.75,UPI,Tier3
51,85223.74,63,9,15,56.74,59.39,103,8788,6.82,Debit Card,Tier3
46,81408.84,12,10,15,48.68,7.43,10,4425,3.84,Credit Card,Tier1
55,60938.56,41,5,58,62.34,2.18,1,6894,5.67,UPI,Tier3
63,39530.32,19,9,70,61.37,71.77,26,9073,3.56,Cash,Tier3
50,76236.18,76,8,12,50.04,,39,7079,4.73,Credit Card,Tier2
35,42605.11,77,6,18,33.63,58.82,109,9578,6.91,UPI,Tier1
24,48313.79,2,7,50,39.42,63.0,97,6464,6.4,Cash,Tier3
18,43452.85,20,7,72,54.29,45.89,51,6600,1.46,UPI,Tier1
50,61952.98,95,8,20,42.88,85.94,28,5228,5.19,Debit Card,Tier2
18,90744.23,9,12,75,40.09,24.45,59,3812,2.06,Debit Card,Tier1
41,64889.1,21,9,37,36.26,36.12,94,578,4.12,Credit Card,Tier2
21,55249.19,8,8,10,40.31,25.36,61,5113,9.05,UPI,Tier2
21,31436.47,39,8,56,61.9,15.06,9,4929,1.1,Cash,Tier1
35,77146.74,37,9,12,38.64,93.67,99,8107,3.44,Debit Card,Tier2
44,47831.1,29,6,34,42.3,14.7,42,6860,6.02,Credit Card,Tier3
60,67585.39,83,9,11,27.29,81.53,98,9873,3.88,UPI,Tier3
49,57207.19,35,13,23,45.9,74.16,116,2254,6.44,Cash,Tier3
50,83439.9,38,12,67,62.8,,110,3368,5.26,UPI,Tier2
45,61540.8,90,11,7,29.09,1.19,70,2215,4.98,UPI,Tier2
59,63703.62,75,7,78,54.76,3.86,19,5473,7.99,Credit Card,Tier1
58,75686.44,35,9,35,46.82,,30,8301,2.49,Credit Card,Tier1
53,,68,7,51,46.46,78.86,83,4358,7.2,Debit Card,Tier2
23,84545.83,3,9,17,71.87,87.44,75,6831,6.94,Cash,Tier2
33,63050.67,12,6,47,50.44,57.92,82,2731,8.62,UPI,Tier1
51,65070.36,32,14,77,42.85,31.72,63,5573,3.95,Cash,Tier3
40,53453.09,47,5,23,49.18,52.25,81,1588,7.2,Credit Card,Tier3
67,44100.09,63,5,31,39.43,78.35,74,756,7.27,Credit Card,Tier1
59,52839.48,26,9,38,63.08,55.74,80,2063,5.3,Debit Card,Tier3
41,48012.72,43,5,23,41.43,42.72,7,6472,4.96,UPI,Tier1
66,79374.1,77,10,22,48.01,15.13,32,9184,7.36,UPI,Tier2
30,41433.71,44,9,69,52.02,96.3,117,359,5.22,Credit Card,Tier2
35,94330.63,38,7,52,29.44,2.7,104,8685,2.59,UPI,Tier2
30,81545.02,29,11,16,42.0,2.66,9,1917,8.34,UPI,Tier3
66,65451.04,55,8,74,39.75,28.83,83,4744,2.83,Debit Card,Tier2
54,65007.01,52,10,23,64.11,62.62,54,9267,2.67,Debit Card,Tier3
60,52739.81,19,9,30,41.06,43.93,89,2467,7.64,Cash,Tier2
56,70941.86,35,6,42,55.55,,98,4655,3.08,Debit Card,Tier2
59,88938.03,48,8,29,53.58,32.87,105,776,3.09,Debit Card,Tier1
34,49530.56,91,4,16,33.33,20.37,65,9308,7.08,Credit Card,Tier1
32,31265.37,60,8,67,41.0,26.68,112,1135,1.52,Debit Card,Tier3
35,80470.8,31,11,44,37.38,99.51,3,7814,3.0,UPI,Tier3
40,72136.05,3,5,32,43.84,57.55,96,7144,4.94,UPI,Tier3
68,40355.63,35,6,10,57.23,48.16,80,1880,3.57,Cash,Tier2
47,48865.39,88,6,64,50.94,22.29,22,6004,6.79,Credit Card,Tier3
51,46099.71,52,13,56,64.04,17.99,69,2046,1.78,Cash,Tier2
21,49060.29,71,8,27,20.92,,71,2220,4.64,Cash,Tier1
20,57878.98,51,15,6,41.33,74.16,34,4711,7.18,UPI,Tier3
24,59135.96,56,12,77,44.13,62.41,105,5949,7.95,Cash,Tier3
35,50682.54,99,7,30,54.47,51.87,79,5317,8.02,Debit Card,Tier3
59,48320.4,21,4,21,41.6,44.77,46,158,4.89,Cash,Tier3
24,59966.74,1,11,34,73.69,74.06,99,7218,3.82,UPI,Tier3
57,68689.21,53,5,52,44.7,70.04,96,5340,7.1,Cash,Tier3
23,58041.48,6,4,64,,44.38,48,8563,3.2,Credit Card,Tier2
39,90490.67,98,12,25,,35.81,110,2593,9.19,Credit Card,Tier1
18,76177.93,82,7,22,55.51,,89,834,2.8,Debit Card,Tier2
21,30001.39,62,12,31,45.73,13.07,104,8915,4.09,Credit Card,Tier1
63,76522.01,89,10,73,54.47,70.38,21,6863,1.4,Cash,Tier3
66,78321.97,79,6,30,54.78,51.7,41,4368,1.25,Debit Card,Tier2
69,55435.83,47,7,65,20.84,23.6,79,448,7.5,Cash,Tier3
67,32105.65,96,8,9,57.46,42.24,94,2005,8.22,Debit Card,Tier1
60,65177.47,50,7,17,37.76,83.4,14,9211,2.25,Debit Card,Tier1
46,64830.41,82,5,66,27.11,4.37,30,5691,3.46,Credit Card,Tier3
38,40323.78,31,6,62,39.23,89.15,23,9836,2.47,Debit Card,Tier1
43,33073.18,64,6,44,49.45,17.66,4,8137,3.22,UPI,Tier1
31,63073.82,29,7,41,28.38,94.54,91,6084,3.4,Debit Card,Tier2
26,59872.3,15,8,52,24.6,72.31,24,3107,8.13,Debit Card,Tier2
64,55820.16,58,7,45,53.58,15.93,94,5352,2.1,Credit Card,Tier1
29,63164.96,23,5,49,26.28,9.13,78,1198,6.4,UPI,Tier3
59,40738.92,38,4,60,51.15,30.78,72,7568,3.42,UPI,Tier2
68,55433.95,41,8,19,37.88,66.79,4,905,5.35,Credit Card,Tier3
68,76733.15,75,8,77,68.11,5.15,94,6433,3.58,Cash,Tier3
23,57300.66,15,4,64,34.28,92.9,32,3056,7.14,Cash,Tier3
37,28216.61,87,13,27,69.03,40.13,41,9860,6.78,Cash,Tier3
41,54600.77,3,10,25,26.94,28.56,12,2983,3.48,Debit Card,Tier2
44,41456.51,83,15,55,42.63,81.4,78,5859,6.21,Credit Card,Tier3
55,283508.0,1,40,40,46.03,87.31,5,9542,2.2,UPI,Tier2
25,72014.42,88,10,38,50.31,70.7,27,9769,9.27,Debit Card,Tier2
18,28506.96,75,14,70,25.81,51.11,113,357,9.56,Cash,Tier2
66,81698.29,94,11,31,49.79,3.04,100,6864,9.67,Credit Card,Tier1
66,40531.9,11,10,5,51.58,84.68,11,2533,7.28,Credit Card,Tier3
41,99302.01,60,9,57,62.55,16.41,73,9250,5.32,Debit Card,Tier3
64,63926.92,65,9,42,42.52,58.15,64,271,9.46,Debit Card,Tier1
24,37579.34,76,8,43,47.21,,110,4985,1.43,Debit Card,Tier3
36,,4,8,32,43.7,52.59,17,4399,5.27,UPI,Tier1
39,72658.1,25,4,33,44.55,72.52,7,9369,8.37,UPI,Tier1
52,56391.4,72,14,37,43.56,81.99,91,7712,5.08,UPI,Tier1
47,62873.61,79,9,73,39.26,,40,8808,8.46,Credit Card,Tier3
46,100481.17,43,10,38,59.79,33.32,8,8095,9.71,Credit Card,Tier2
39,49616.63,94,8,12,42.23,67.58,91,980,3.23,Cash,Tier1
28,66319.18,40,8,39,,21.47,26,3376,2.63,Credit Card,Tier2
37,96236.58,96,10,23,58.97,89.09,101,3330,9.53,Credit Card,Tier2
46,70951.3,99,9,62,36.4,3.17,67,4403,3.01,Credit Card,Tier2
68,29654.74,85,5,46,47.2,80.0,86,9509,6.65,Debit Card,Tier3
58,76118.56,95,2,60,46.01,10.89,18,5358,4.97,UPI,Tier1
59,39413.94,91,15,79,50.62,91.82,73,8059,4.22,Credit Card,Tier2
51,95949.77,44,9,65,25.5,38.57,50,9408,2.17,Cash,Tier3
18,46896.91,72,13,66,30.67,46.63,93,8333,6.14,Cash,Tier2
48,130329.21,59,8,34,40.43,43.92,97,9165,3.79,Credit Card,Tier2
47,97282.27,23,11,69,40.15,57.08,45,7530,5.05,Credit Card,Tier2
65,47474.52,62,9,47,34.26,62.3,7,3859,6.83,Debit Card,Tier3
35,65440.3,23,11,51,29.01,96.13,97,4835,9.9,Credit Card,Tier1
34,81580.17,58,9,14,,9.22,69,8948,4.12,Credit Card,Tier1
55,82240.53,55,5,67,41.61,73.5,37,4449,4.52,UPI,Tier1
31,74731.4,33,2,66,62.66,14.56,74,6058,4.48,Debit Card,Tier2
40,92547.5,77,10,76,66.48,51.83,112,3494,5.07,UPI,Tier2
42,62294.68,63,4,37,33.09,46.18,8,8482,5.81,Credit Card,Tier3
32,56932.21,60,8,62,63.96,97.51,1,9605,1.27,Cash,Tier1
63,57368.99,99,6,61,38.55,7.8,40,6808,8.57,Debit Card,Tier1
39,83884.21,61,16,61,44.48,26.46,17,5144,6.27,UPI,Tier1
20,73033.98,80,10,58,70.42,1.36,78,8955,4.82,Cash,Tier1
36,71408.24,76,11,17,43.64,88.75,116,8346,1.01,Debit Card,Tier2
61,82495.15,61,8,38,32.49,34.61,30,4536,3.62,Cash,Tier3
51,19876.85,95,8,26,45.5,1.01,21,5955,3.62,UPI,Tier1
52,71821.51,69,7,47,43.08,72.28,101,5233,7.23,Cash,Tier2
67,69808.52,89,3,20,28.47,7.92,54,753,2.44,Debit Card,Tier3
18,101713.78,21,8,78,46.95,55.49,85,5854,1.87,Cash,Tier1
69,31371.06,3,8,44,47.54,64.46,112,2396,7.61,Cash,Tier2
38,99258.11,48,3,29,60.64,35.84,73,7894,5.33,Debit Card,Tier2
46,66659.0,10,4,17,52.63,53.38,84,7326,7.88,UPI,Tier3
23,75757.77,87,7,45,50.43,88.76,12,6333,2.92,Debit Card,Tier2
54,101870.21,81,8,57,24.75,14.2,94,5276,2.34,Debit Card,Tier3
18,77336.75,42,3,54,,76.5,66,1382,1.61,Debit Card,Tier2
68,73808.1,99,5,55,41.51,20.5,68,8878,4.63,Debit Card,Tier2
18,,89,10,7,49.07,,96,7657,5.55,UPI,Tier1
44,54363.48,66,9,72,58.79,82.95,3,4250,5.15,Cash,Tier2
38,,91,7,69,40.96,13.09,95,1188,7.79,Cash,Tier2
33,49258.72,46,8,40,58.45,63.62,29,1108,6.73,Credit Card,Tier2
61,64019.53,9,6,28,47.85,81.6,112,9128,4.04,Debit Card,Tier1
57,13609.52,49,12,77,51.2,88.75,78,107,5.47,Cash,Tier1
43,,4,5,23,26.65,23.26,88,3014,3.33,UPI,Tier2
33,62321.78,60,12,12,,22.19,96,3524,6.19,Credit Card,Tier3
45,57603.52,90,11,6,54.18,39.57,13,9591,2.01,UPI,Tier1
18,69834.68,96,4,34,54.59,84.56,18,5960,1.57,Cash,Tier1
53,33461.59,29,13,34,36.83,,116,9263,7.46,Credit Card,Tier3
27,107443.94,86,12,48,40.32,58.52,22,544,7.34,Debit Card,Tier1
60,62739.12,47,5,69,45.6,88.24,63,7457,6.29,UPI,Tier1
34,61791.42,77,10,42,33.29,,75,2522,3.71,Debit Card,Tier3
40,43761.28,87,6,5,42.42,10.2,64,4945,2.49,Credit Card,Tier1
24,65526.82,63,7,35,64.35,18.37,31,6535,5.04,Debit Card,Tier1
61,95513.12,31,6,40,49.56,61.31,112,4355,2.01,Debit Card,Tier2
24,87790.16,51,5,13,43.07,35.06,110,1488,6.8,Credit Card,Tier1
61,83797.63,41,5,7,,20.66,56,4342,5.78,Cash,Tier2
32,77020.78,36,7,59,34.68,69.49,24,3576,4.93,Debit Card,Tier3
51,57112.06,40,11,27,61.25,55.42,5,3043,1.27,Credit Card,Tier1
63,33096.41,95,7,59,36.29,99.6,8,9445,7.3,Cash,Tier2
62,60577.15,60,6,12,45.84,93.34,77,6585,8.9,Debit Card,Tier2
21,59810.83,15,10,18,56.57,30.76,44,8363,7.26,Debit Card,Tier2
31,88073.48,78,8,17,33.5,58.11,14,7218,5.87,Debit Card,Tier1
31,71806.59,99,9,16,2.09,37.55,74,8873,7.72,Debit Card,Tier1
33,100470.85,88,9,79,52.82,65.27,23,6974,7.61,Credit Card,Tier1
24,91344.75,30,9,16,51.26,54.37,13,8468,7.67,Debit Card,Tier2
49,54957.1,30,3,66,23.43,92.98,3,1942,3.02,UPI,Tier2
36,25507.16,27,3,43,35.69,61.96,10,1596,2.19,Credit Card,Tier2
19,95482.66,40,5,13,59.44,,103,6380,2.11,Cash,Tier1
27,94906.47,78,3,27,19.85,66.71,26,9216,1.78,Cash,Tier3
67,,45,11,24,44.23,69.9,98,9405,8.93,UPI,Tier2
34,98203.28,75,7,52,22.1,79.36,59,8264,5.54,Debit Card,Tier1
54,73406.58,47,9,39,67.53,35.14,28,3873,2.66,Cash,Tier1
29,,90,6,31,40.78,42.18,46,7112,4.79,Credit Card,Tier2
23,100525.23,56,10,65,18.95,,42,6098,1.67,UPI,Tier1
39,94583.07,54,2,58,57.82,30.55,85,1863,2.68,UPI,Tier3
49,79329.28,85,7,6,71.97,39.69,109,1195,7.75,Debit Card,Tier1
58,75410.78,9,6,50,72.16,22.92,11,6861,6.29,Cash,Tier2
37,78560.67,65,10,19,21.75,30.95,20,5207,2.43,Debit Card,Tier1
18,56198.74,70,11,25,4.64,73.65,24,7715,6.28,Credit Card,Tier3
64,63787.77,1,11,61,14.46,15.31,110,5972,5.92,UPI,Tier1
23,45149.02,86,6,17,44.19,43.41,22,7494,6.95,Cash,Tier3
36,57673.12,13,5,67,53.05,40.52,9,800,9.52,Credit Card,Tier2
35,56934.05,38,5,29,16.38,46.83,100,3284,2.33,Credit Card,Tier2
23,51023.28,45,8,44,62.6,27.47,53,5151,9.05,Credit Card,Tier1
62,68008.42,40,7,26,35.07,29.64,109,4580,3.46,UPI,Tier1
50,57872.42,95,14,8,40.32,10.36,50,8704,3.97,Credit Card,Tier2
40,76049.16,15,7,20,48.45,21.58,92,3672,5.24,UPI,Tier3
40,29308.95,50,6,59,61.29,68.55,22,1811,7.94,Credit Card,Tier2
43,62506.19,2,7,45,46.74,3.67,31,1568,7.4,Credit Card,Tier2
30,67894.14,53,7,33,54.86,43.47,101,4132,5.32,Debit Card,Tier3
24,58166.16,95,4,25,19.36,83.23,20,7940,8.33,UPI,Tier3
32,61207.36,26,4,17,54.45,7.17,49,7205,6.52,Cash,Tier2
61,30124.59,66,7,31,35.1,5.46,85,2850,9.46,Credit Card,Tier3
44,72842.5,75,12,73,44.8,5.13,61,9780,5.17,Credit Card,Tier1
43,79247.33,33,12,13,26.42,61.11,52,7780,7.79,Debit Card,Tier1
50,75857.82,82,5,59,32.34,86.65,99,6165,1.59,Credit Card,Tier2
32,87852.0,85,5,59,13.33,,9,7664,3.89,UPI,Tier3
53,69433.65,59,2,56,36.68,86.96,119,7339,9.25,Credit Card,Tier2
62,75530.99,95,10,51,61.16,59.86,37,9587,5.65,Debit Card,Tier2
44,68434.0,26,11,36,49.33,36.24,37,3950,9.56,Credit Card,Tier1
22,80126.12,94,6,71,34.63,68.67,61,5212,1.06,Debit Card,Tier2
19,30300.95,21,9,12,46.73,21.08,10,9732,5.24,Cash,Tier1
50,45341.22,49,7,46,38.53,10.38,57,5741,7.54,UPI,Tier2
33,99911.79,80,7,21,37.51,97.37,89,8254,3.95,Cash,Tier3
40,,71,4,79,67.13,28.64,74,3703,5.18,Debit Card,Tier3
55,61916.09,86,9,45,32.0,60.21,65,6960,2.5,Credit Card,Tier3
33,90790.05,71,6,37,41.51,92.49,76,9954,4.9,Cash,Tier1
31,62948.27,66,9,40,30.32,86.47,106,5895,5.56,Cash,Tier2
46,224359.04,37,75,49,42.1,34.99,64,5580,6.4,UPI,Tier2
43,67847.28,14,5,13,28.61,44.38,98,419,5.16,UPI,Tier1
52,57231.36,72,10,23,46.85,65.91,21,4076,2.91,Debit Card,Tier3
32,65678.69,93,11,42,42.66,53.07,95,869,9.65,Debit Card,Tier1
20,,7,6,47,48.66,98.61,56,7846,7.98,UPI,Tier2
40,89390.84,38,12,78,57.48,,57,8377,8.31,Debit Card,Tier2
46,96311.83,45,12,42,73.43,91.06,32,9859,6.73,UPI,Tier1
51,62065.41,22,10,77,36.31,77.6,79,6804,8.56,UPI,Tier1
50,34497.23,44,7,76,57.35,60.1,84,5644,6.29,Cash,Tier2
58,53475.45,81,8,64,31.01,87.42,34,9052,8.32,Credit Card,Tier3
58,60952.25,80,7,5,77.45,5.46,7,9936,9.39,Credit Card,Tier1
40,76121.86,97,4,25,42.83,2.52,115,6681,1.82,Credit Card,Tier2
24,42823.71,35,8,66,49.44,88.98,104,8652,7.38,Credit Card,Tier1
20,48078.43,60,5,8,16.72,32.73,118,9590,4.18,Cash,Tier2
49,76234.88,96,5,49,44.98,1.81,92,194,4.03,Debit Card,Tier3
48,85655.99,3,4,24,40.69,85.64,3,983,2.3,Cash,Tier3
35,51324.93,67,11,52,16.31,98.9,74,4141,9.67,Credit Card,Tier2
60,35669.22,72,8,40,37.97,9.13,51,2897,7.72,Credit Card,Tier3
24,137250.6,95,9,6,38.77,72.09,86,5827,1.59,Credit Card,Tier2
58,82232.69,55,6,52,26.09,13.62,109,2481,5.1,UPI,Tier2
18,59125.92,9,9,22,48.3,14.75,20,9991,4.92,Debit Card,Tier1
31,84118.69,69,7,34,37.98,44.0,18,3316,1.86,UPI,Tier1
69,62261.95,28,9,12,,16.84,96,8806,7.05,Cash,Tier2
49,84077.45,15,10,75,48.34,42.66,68,8693,2.47,Credit Card,Tier3
23,68506.65,91,5,29,71.27,26.05,33,7849,2.3,UPI,Tier2
56,67007.98,31,10,42,69.15,46.89,66,8786,4.48,UPI,Tier1
27,,59,11,12,51.61,93.5,16,4520,2.93,Cash,Tier2
24,33157.61,82,9,64,34.35,82.79,54,829,8.96,Debit Card,Tier2
43,107638.09,54,7,26,20.21,55.38,72,5262,7.91,Cash,Tier1
51,44286.25,68,8,42,49.15,93.1,37,5151,7.81,UPI,Tier3
47,35079.48,85,8,74,41.68,25.47,53,7908,5.85,Credit Card,Tier2
53,60317.08,47,9,64,71.54,34.67,7,8183,5.51,Credit Card,Tier2
38,,42,6,12,43.93,19.23,117,1950,7.86,Cash,Tier1
34,63862.32,23,7,53,44.85,12.83,17,4159,7.8,Debit Card,Tier2
50,80130.8,86,10,58,80.35,85.86,90,7147,3.87,Debit Card,Tier1
27,86896.66,65,8,25,43.53,16.51,43,6660,3.46,UPI,Tier2
68,82924.08,89,6,59,53.89,84.71,78,9925,3.18,Cash,Tier1
64,58276.09,54,7,17,37.95,46.23,8,8950,8.52,Cash,Tier1
59,66091.02,92,8,10,49.93,60.5,19,4479,4.35,Credit Card,Tier1
68,73973.34,11,6,26,35.73,28.3,28,9565,7.58,Cash,Tier2
29,26328.68,63,6,36,76.46,18.83,13,6492,4.7,Cash,Tier3
33,77552.86,22,5,21,31.32,12.02,37,5327,4.8,Credit Card,Tier1
58,32939.42,54,8,18,50.09,23.63,67,7254,6.2,Credit Card,Tier2
49,109887.63,89,8,44,49.78,,73,6316,7.5,Cash,Tier2
32,56100.67,85,5,44,53.6,94.09,104,7443,3.53,Cash,Tier1
44,60932.75,36,8,48,20.77,19.75,48,5441,8.77,UPI,Tier3
45,48066.44,58,8,60,,62.25,42,8670,4.88,Cash,Tier2
34,51140.66,20,4,21,53.25,44.42,14,9983,4.2,UPI,Tier1
63,115030.06,16,12,21,24.22,60.22,11,8292,3.31,Cash,Tier3
67,85688.13,92,8,20,16.79,69.42,100,8291,3.86,UPI,Tier1
19,30917.55,56,10,32,25.82,3.54,78,5776,8.1,Credit Card,Tier1
53,98092.68,93,11,50,52.76,9.82,86,5706,1.75,Cash,Tier3
67,91251.33,50,7,65,73.33,55.03,26,6733,2.37,Debit Card,Tier1
24,58813.33,90,10,19,56.13,25.75,59,4511,4.29,Debit Card,Tier1
30,71747.33,66,10,26,47.15,74.53,104,8464,2.49,Debit Card,Tier3
32,64671.23,74,7,62,35.4,10.74,32,9259,6.31,Cash,Tier1
42,108396.76,13,11,25,44.29,,112,3999,7.9,Credit Card,Tier1
40,47481.62,15,9,79,59.76,32.69,107,2830,2.39,Cash,Tier1
39,68212.23,73,6,40,61.79,23.32,36,4906,4.22,Debit Card,Tier3
43,55580.8,27,7,24,61.11,73.51,115,5301,9.74,Cash,Tier1
50,33473.11,8,11,74,41.04,31.4,27,636,3.32,Credit Card,Tier3
28,113216.04,70,11,5,66.36,70.07,12,8687,3.31,UPI,Tier3
27,39005.54,50,6,21,37.39,55.91,36,5972,2.24,Credit Card,Tier3
42,69842.84,88,7,26,48.58,68.89,85,5660,1.28,Cash,Tier3
54,,67,5,10,62.58,9.45,55,7792,2.32,UPI,Tier3
65,56220.45,26,14,44,44.73,59.52,3,1668,3.61,Cash,Tier3
60,74283.31,36,6,79,44.26,83.47,95,5901,7.64,Cash,Tier3
55,46855.85,21,12,67,63.24,48.05,108,7346,6.56,Cash,Tier1
58,77909.64,77,6,68,57.32,42.04,107,6961,2.34,UPI,Tier1
62,59081.1,52,11,33,58.38,2.02,19,2392,6.05,Cash,Tier1
41,90521.82,11,5,52,59.17,,18,7045,7.28,Cash,Tier2
57,94958.74,8,11,51,48.0,98.87,113,1684,8.72,UPI,Tier2
63,52091.62,57,5,48,38.93,74.49,78,7835,9.66,Credit Card,Tier3
50,66688.12,46,11,64,55.31,12.89,51,8923,7.32,UPI,Tier2
34,69035.99,78,9,63,24.2,64.02,36,5471,9.09,Credit Card,Tier3
41,78625.68,97,9,19,,32.26,58,4817,3.72,Cash,Tier2
54,65316.4,2,10,67,43.43,53.89,91,307,6.9,UPI,Tier3
19,69184.64,64,3,69,52.89,5.42,101,5997,6.26,Debit Card,Tier2
49,59645.06,52,2,34,35.84,75.98,106,7652,4.04,Debit Card,Tier2
41,67535.28,65,8,25,30.25,59.22,68,743,3.05,Cash,Tier2
26,,11,6,24,,23.47,1,6756,1.14,Debit Card,Tier3
21,79213.83,6,6,23,43.45,64.19,46,9250,1.87,Credit Card,Tier3
34,80427.62,96,6,15,49.74,46.84,84,4917,3.42,UPI,Tier3
34,80907.55,79,9,30,28.72,51.16,68,4363,9.42,Credit Card,Tier1
67,61616.21,76,12,44,70.94,7.92,65,427,3.68,Debit Card,Tier1
65,72014.19,64,4,64,40.51,2.19,89,4401,6.53,Cash,Tier2
47,41126.18,93,5,30,47.21,33.51,19,6414,1.04,Credit Card,Tier1
57,92913.77,55,6,49,,4.67,43,2853,6.73,UPI,Tier1
28,10000.0,44,9,19,54.45,33.99,23,392,7.9,Debit Card,Tier2
38,63082.74,86,6,17,52.46,37.73,33,1827,8.75,Debit Card,Tier2
38,90099.71,14,7,46,55.34,26.22,17,5987,2.79,Cash,Tier3
35,34994.91,83,11,31,36.75,75.51,59,2294,2.03,UPI,Tier3
46,73795.16,5,11,70,40.56,42.27,33,9116,5.28,UPI,Tier3
41,50023.14,99,10,11,22.73,,75,6709,6.57,Debit Card,Tier3
27,56886.33,25,7,5,71.57,43.05,38,2767,4.48,Credit Card,Tier2
62,85810.7,50,8,57,19.71,6.04,39,4480,2.53,Credit Card,Tier1
34,,73,8,45,24.25,44.78,108,1786,8.12,Credit Card,Tier3
35,20244.17,71,7,43,29.56,76.33,71,7361,6.32,Cash,Tier1
59,43518.64,82,10,73,34.88,79.35,21,361,7.95,Debit Card,Tier2
65,86457.39,2,15,68,46.39,43.85,94,6925,8.28,UPI,Tier2
37,,10,8,32,64.96,90.61,25,7675,7.8,UPI,Tier1
54,,2,7,15,52.84,7.53,8,5576,2.61,Cash,Tier1
62,102018.25,60,10,39,39.68,93.06,30,8094,1.23,UPI,Tier3
35,57470.61,45,8,31,39.62,91.86,72,1762,2.76,UPI,Tier2
34,120071.23,8,8,5,,92.55,20,9032,9.75,UPI,Tier2
26,65538.55,58,11,59,18.66,47.6,35,1455,7.04,Credit Card,Tier3
31,43821.29,7,8,53,24.54,7.99,67,1561,9.93,Cash,Tier3
66,51059.92,99,8,44,33.14,53.6,81,5608,2.23,Debit Card,Tier2
46,15352.05,87,8,13,27.25,49.57,25,4166,8.56,Credit Card,Tier1
48,100354.42,72,5,74,50.15,22.5,45,5034,5.77,Cash,Tier1
21,100084.76,21,5,15,49.56,76.88,47,9950,8.96,Cash,Tier3
35,42658.84,97,7,43,53.71,2.21,68,4239,6.18,Cash,Tier3
37,59986.55,47,10,10,58.04,85.95,96,262,6.97,Debit Card,Tier1
64,67103.37,1,9,71,31.32,63.5,76,7223,6.97,Credit Card,Tier2
60,,12,5,32,53.04,89.26,4,4449,9.11,UPI,Tier3
61,26387.76,75,6,74,46.14,37.85,106,1462,3.56,Cash,Tier3
26,60372.13,48,9,68,52.13,16.61,109,5903,4.17,UPI,Tier3
30,57936.25,94,8,12,32.97,31.37,109,6750,1.67,Debit Card,Tier1
32,56454.95,4,11,51,28.09,94.17,119,8363,5.8,UPI,Tier1
44,69899.75,34,10,19,42.82,34.0,62,8733,4.53,Cash,Tier3
32,96449.43,87,8,61,37.08,1.87,118,260,6.23,Debit Card,Tier2
45,58331.96,32,8,56,34.66,69.53,15,7685,9.45,Credit Card,Tier2
54,68749.75,3,13,32,69.99,78.64,91,1018,2.83,Cash,Tier1
36,80991.15,92,10,60,66.63,61.83,6,8641,6.39,Debit Card,Tier2
43,77191.14,68,9,77,85.75,75.21,97,6286,2.46,Credit Card,Tier1
69,51482.68,57,11,37,29.2,56.0,7,5903,3.6,Credit Card,Tier2
43,67120.3,76,8,78,46.24,33.94,3,4545,6.33,Cash,Tier3
42,77045.88,24,9,29,50.49,59.64,110,5098,4.45,UPI,Tier1
43,40176.27,33,10,72,60.28,71.27,35,2085,4.12,Credit Card,Tier3
43,,3,5,35,38.24,69.66,19,6312,8.73,Credit Card,Tier3
63,96494.96,4,7,17,15.48,76.8,69,3886,8.83,UPI,Tier2
45,49098.83,30,7,30,30.82,87.2,52,8293,5.99,Cash,Tier3
66,69260.74,70,13,39,66.52,2.69,14,1428,8.9,Debit Card,Tier2
35,79130.12,49,8,11,40.82,73.89,5,595,5.42,Credit Card,Tier1
49,52996.49,30,9,6,60.3,,62,9356,8.42,Credit Card,Tier2
20,75595.5,72,10,59,37.85,97.64,43,1473,9.36,Cash,Tier3
19,68591.62,82,6,13,35.6,14.31,7,6329,4.64,Cash,Tier2
50,32705.8,16,7,59,68.34,55.54,104,8039,2.31,UPI,Tier2
59,75101.55,53,7,21,40.53,38.31,45,561,1.79,UPI,Tier3
36,40796.87,6,11,55,65.11,30.11,37,2903,4.64,Debit Card,Tier2
34,85662.46,24,10,59,42.09,58.86,32,5918,7.47,Credit Card,Tier1
61,50233.36,92,11,33,81.02,62.09,42,5027,1.29,Cash,Tier3
50,61451.72,96,7,43,51.08,71.42,5,7232,3.99,Cash,Tier3
29,95190.14,89,7,20,67.9,94.06,10,436,7.77,Credit Card,Tier3
66,75920.4,28,4,40,38.77,50.21,44,3841,3.97,UPI,Tier3
20,41251.57,21,11,12,49.27,83.47,119,9678,4.79,Cash,Tier1
60,,8,4,65,42.06,83.66,10,5199,1.25,Cash,Tier3
66,51815.34,36,4,75,49.63,12.83,18,1496,8.38,Credit Card,Tier2
43,73682.17,9,5,17,53.52,49.83,84,9981,6.46,UPI,Tier3
52,72882.6,40,8,25,46.17,59.49,63,2492,9.88,UPI,Tier3
25,46451.75,85,11,9,61.53,16.77,75,8372,6.57,UPI,Tier2
69,39321.39,51,9,9,45.49,62.28,103,386,4.28,Debit Card,Tier2
53,71194.83,1,5,45,45.83,64.98,43,3591,9.9,Cash,Tier3
24,60999.08,63,7,32,47.85,17.29,73,6745,4.25,Credit Card,Tier1
63,112458.75,68,6,63,30.12,,91,1613,7.23,Credit Card,Tier1
63,65805.28,74,12,47,32.1,,54,8403,3.1,Credit Card,Tier2
53,104913.56,26,11,8,26.75,25.8,60,1035,9.88,Credit Card,Tier3
33,39251.56,40,5,60,55.92,72.63,78,5991,6.43,Debit Card,Tier2
41,30389.32,3,5,41,55.57,63.25,11,9741,9.16,Credit Card,Tier2
18,40358.13,9,9,44,27.17,66.77,38,4397,2.41,UPI,Tier3
66,91160.86,32,9,13,53.34,59.51,54,569,6.47,Credit Card,Tier3
42,,67,7,44,48.17,36.94,57,8634,6.7,UPI,Tier2
27,47792.05,4,12,36,25.58,2.75,77,9607,8.21,Debit Card,Tier1
33,54867.55,6,10,37,43.49,42.52,74,9805,1.5,Debit Card,Tier1
33,39282.42,73,11,54,31.29,86.57,79,5653,8.63,Cash,Tier1
25,25143.92,26,19,64,,2.7,8,8041,7.12,UPI,Tier2
46,80805.06,2,12,42,53.78,68.57,24,4378,1.25,Debit Card,Tier1
56,69906.45,66,9,46,34.68,9.38,33,3211,3.83,Cash,Tier2
45,65230.74,85,10,21,39.51,,98,4884,4.76,Credit Card,Tier3
23,34198.76,86,4,58,49.75,46.93,79,8777,9.28,UPI,Tier2
33,101079.05,3,10,15,33.36,59.22,47,8141,3.86,Cash,Tier1
37,53926.15,35,5,22,54.2,47.94,43,4477,5.0,Credit Card,Tier1
33,76739.78,59,5,23,58.12,16.64,102,3640,5.23,Credit Card,Tier2
24,32999.65,38,5,56,46.27,98.54,104,8206,1.49,Credit Card,Tier1
58,60808.45,33,4,43,38.07,97.74,41,2394,5.05,Debit Card,Tier2
31,71410.24,15,8,64,28.68,22.08,75,7397,4.38,Credit Card,Tier1
60,72195.65,75,9,71,46.65,80.81,72,9300,3.1,Debit Card,Tier3
43,68402.27,74,7,65,71.46,82.08,82,5379,2.24,Cash,Tier1
43,75879.49,14,4,44,39.66,47.91,6,9034,5.83,UPI,Tier2
31,40128.55,66,10,30,,89.5,14,2912,5.86,Cash,Tier1
24,69342.2,45,7,66,,80.0,22,695,7.0,Cash,Tier2
50,67502.67,48,6,44,31.51,67.22,112,9372,6.4,Credit Card,Tier2
43,70096.8,44,3,71,22.89,55.19,65,3029,8.52,UPI,Tier3
62,66591.59,37,7,75,51.69,63.23,118,4730,6.23,Cash,Tier3
37,36989.32,29,4,7,47.57,26.9,105,4373,3.37,Debit Card,Tier1
20,36008.41,99,8,22,19.2,92.56,80,9883,9.06,Credit Card,Tier1
69,16286.1,84,9,48,31.21,83.16,18,6415,2.79,Cash,Tier3
21,82985.76,85,5,78,33.4,67.01,22,1563,1.32,UPI,Tier3
43,83208.47,34,10,7,68.85,63.55,104,9576,9.14,UPI,Tier2
28,83558.11,59,10,24,10.78,14.89,107,1385,3.43,Debit Card,Tier3
19,71749.38,43,10,34,49.92,72.72,97,5330,2.22,UPI,Tier2
31,18071.38,33,8,77,34.7,99.81,112,4978,5.08,Credit Card,Tier2
61,42412.37,19,8,73,35.59,44.4,82,9320,8.08,Credit Card,Tier1
47,68749.14,8,4,57,21.73,70.62,24,2136,3.59,UPI,Tier1
66,67981.4,31,8,73,44.76,18.7,48,5137,3.12,Cash,Tier3
29,60099.54,11,4,11,18.17,20.54,40,7278,7.12,Cash,Tier3
43,73116.18,8,5,37,,76.74,47,1409,6.89,Cash,Tier1
61,65256.34,25,9,64,64.19,,95,3527,8.17,Debit Card,Tier1
50,67656.95,20,6,52,56.62,19.43,97,1314,8.67,UPI,Tier1
30,50940.56,38,7,75,13.69,52.02,6,5558,5.51,Cash,Tier3
31,86604.24,7,8,17,51.06,10.2,17,5351,8.72,Cash,Tier1
41,55523.02,77,11,72,54.71,10.82,34,1257,9.56,Cash,Tier2
51,35725.72,39,10,47,36.51,0.44,111,9640,8.0,UPI,Tier2
61,48038.02,74,7,31,54.29,89.11,101,7081,4.39,Cash,Tier1
43,57333.74,72,5,32,72.83,20.27,53,2194,5.22,Debit Card,Tier3
38,86868.06,20,9,54,48.86,2.46,106,4621,4.12,Debit Card,Tier3
45,64070.1,81,6,28,21.72,92.22,84,7429,1.36,UPI,Tier2
65,60904.74,11,8,13,35.67,11.45,68,4656,4.56,UPI,Tier2
53,37529.4,16,7,76,31.64,81.55,24,7053,8.34,Cash,Tier1
57,82280.62,42,7,78,65.03,56.81,11,5795,3.59,Debit Card,Tier1
19,50657.05,96,9,67,59.14,41.29,43,2323,5.12,Credit Card,Tier3
59,62799.39,90,5,73,17.65,44.53,22,3217,8.37,Credit Card,Tier3
26,97564.03,52,11,48,58.25,28.03,49,7927,7.94,Cash,Tier2
40,76192.79,37,10,55,34.18,67.5,111,9609,5.19,Debit Card,Tier1
32,29178.41,52,13,54,69.26,43.83,91,8918,1.04,Credit Card,Tier2
30,26070.77,9,4,68,57.05,67.09,100,3340,5.64,Cash,Tier3
40,63585.17,35,7,8,26.82,33.04,116,2689,5.61,Debit Card,Tier1
34,38319.71,67,11,13,45.74,31.89,56,6581,2.39,Cash,Tier3
65,79268.03,95,7,77,45.62,50.1,29,4348,6.13,UPI,Tier1
19,65929.79,7,11,13,35.12,27.9,11,8586,8.75,Cash,Tier2
37,68638.46,2,10,55,70.84,94.94,95,5191,9.13,Debit Card,Tier3
37,49451.65,25,7,55,38.97,35.19,66,977,6.46,Cash,Tier2
63,103310.44,76,9,75,54.52,22.75,64,6829,3.56,UPI,Tier3
20,127537.06,94,14,42,28.03,29.22,80,2023,6.27,Debit Card,Tier1
29,58871.14,94,6,65,56.82,,82,2525,6.4,Cash,Tier3
57,72766.86,93,5,6,35.42,5.28,12,4973,5.45,UPI,Tier1
19,67143.18,41,7,62,50.31,90.1,60,4387,9.03,Credit Card,Tier1
53,59286.89,75,10,78,59.33,61.61,103,7368,7.0,UPI,Tier1
31,,52,8,43,37.73,60.66,77,9447,4.13,Cash,Tier2
33,41130.7,87,3,16,72.97,8.12,62,1569,4.31,Debit Card,Tier1
36,40016.86,81,6,47,46.25,38.29,94,7081,2.64,UPI,Tier2
51,73915.28,77,12,40,33.24,93.07,82,4151,4.41,Credit Card,Tier1
61,53567.16,97,7,71,35.52,0.03,5,1835,4.78,UPI,Tier2
63,,65,15,7,51.79,39.09,94,6976,4.25,Cash,Tier3
23,74786.88,77,9,20,41.94,54.71,37,2932,4.2,UPI,Tier1
30,64158.25,38,9,46,59.15,44.0,3,4533,1.5,Debit Card,Tier2
53,94626.81,67,6,5,59.93,80.81,65,8944,5.59,Debit Card,Tier2
39,73208.69,80,8,34,30.65,53.03,99,1015,4.88,Debit Card,Tier3
35,32469.18,42,4,34,55.48,65.69,8,3058,6.67,Credit Card,Tier3
29,15947.11,71,8,32,48.22,12.02,8,392,6.54,Debit Card,Tier1
69,49171.61,54,6,45,30.3,24.02,36,5612,4.63,Debit Card,Tier2
47,51247.64,67,8,24,54.2,88.92,11,7699,4.69,Cash,Tier1
68,85749.5,78,4,72,47.84,56.77,10,6137,7.42,Cash,Tier2
57,64804.84,64,4,36,23.51,67.52,17,882,7.32,Cash,Tier1
24,89941.15,80,8,39,,26.91,36,1237,6.78,UPI,Tier3
49,35853.67,4,7,24,34.58,88.21,41,9410,1.01,Credit Card,Tier3
65,86235.82,31,7,40,12.72,16.2,30,9299,4.62,UPI,Tier2
36,80861.76,13,7,42,29.77,76.18,77,8756,5.74,Cash,Tier2
23,20598.85,27,7,32,17.77,19.12,74,5872,2.69,Debit Card,Tier2
37,94097.59,59,8,18,5.3,74.86,45,4443,5.15,Debit Card,Tier1
44,67056.09,65,5,71,70.63,98.12,104,176,3.35,Debit Card,Tier1
60,73624.98,64,11,32,47.78,60.03,3,7508,9.59,UPI,Tier2
54,45972.29,25,9,75,25.79,72.8,96,4993,7.04,Credit Card,Tier2
65,93055.43,37,7,29,55.95,68.61,18,6570,1.58,UPI,Tier1
24,38911.25,75,7,11,32.68,41.44,100,4200,3.8,Cash,Tier1
22,,73,11,28,44.68,27.4,36,9806,3.2,UPI,Tier3
28,83053.36,71,10,59,42.35,62.84,19,6518,4.58,Debit Card,Tier2
32,43568.32,14,11,79,47.08,90.46,96,8624,1.04,Debit Card,Tier3
20,108634.22,94,9,68,43.47,91.53,36,3413,7.95,UPI,Tier3
22,70093.63,24,8,14,58.41,31.06,4,7059,6.56,Credit Card,Tier1
40,79385.64,67,10,16,48.2,85.68,69,511,6.19,Cash,Tier2
54,31403.34,48,8,75,25.75,17.05,113,6478,6.95,Cash,Tier1
26,111590.06,91,9,33,65.14,62.87,45,8561,7.22,UPI,Tier3
32,38059.75,65,7,62,63.35,49.6,46,3036,8.36,Debit Card,Tier3
20,87547.5,38,7,33,50.27,30.86,96,9218,8.39,Credit Card,Tier3
46,43115.02,90,10,54,62.98,77.38,71,110,9.52,Cash,Tier3
23,51382.25,70,4,52,40.74,72.1,8,7810,1.65,Cash,Tier1
34,82352.59,59,5,41,24.0,84.05,67,7969,4.17,UPI,Tier3
43,87606.16,12,3,23,40.46,63.21,59,6840,7.1,Cash,Tier3
38,37031.75,54,11,29,65.85,20.77,52,1508,5.87,Debit Card,Tier2
25,88990.39,51,14,34,14.76,57.92,96,5356,9.3,Debit Card,Tier2
38,87989.57,38,5,60,36.17,22.18,36,5518,9.04,Debit Card,Tier2
28,44365.03,46,11,54,51.3,91.0,98,4369,8.75,Debit Card,Tier1
55,100170.25,99,6,35,30.1,63.67,102,5564,2.74,UPI,Tier2
25,32949.13,10,12,27,56.58,43.82,58,7956,2.9,UPI,Tier1
59,51255.0,9,13,39,40.34,13.8,97,3003,7.28,Cash,Tier2
41,75538.06,87,11,14,18.15,66.74,117,641,9.61,UPI,Tier3
52,46221.54,94,9,61,38.8,8.76,88,5076,4.02,Cash,Tier1
31,70804.02,52,9,62,47.7,8.37,117,8810,9.26,Credit Card,Tier2
31,70303.67,51,2,12,31.54,5.85,20,3543,9.42,Credit Card,Tier1
27,60884.37,22,7,52,20.21,91.91,75,1746,5.51,Credit Card,Tier3
29,83312.81,73,9,56,45.34,44.46,39,3450,7.95,Debit Card,Tier1
55,59976.06,83,6,10,44.41,15.6,2,4102,2.52,Credit Card,Tier3
61,70093.9,72,15,70,52.95,73.21,47,6387,7.31,Credit Card,Tier1
63,90222.38,68,10,60,69.14,44.58,65,8557,7.89,Debit Card,Tier1
51,82395.1,5,5,19,26.98,92.47,46,6713,3.41,Credit Card,Tier2
58,82292.38,83,7,41,15.85,7.08,71,4528,6.11,Credit Card,Tier2
27,39718.05,82,12,29,,25.42,14,3579,8.02,Debit Card,Tier1
34,76545.44,29,10,58,37.31,96.3,67,2896,1.9,Credit Card,Tier1
34,45673.03,83,8,62,83.34,71.41,80,9566,1.26,Debit Card,Tier2
20,36808.87,6,8,12,15.28,48.68,60,5234,2.47,Cash,Tier2
48,63422.46,69,10,11,35.67,81.79,56,574,3.39,UPI,Tier3
68,45105.51,58,4,78,,70.46,49,857,6.21,Cash,Tier2
18,82393.59,43,10,20,36.67,10.11,58,2967,9.2,Cash,Tier3
29,82919.78,69,14,7,44.55,67.92,95,7668,4.94,UPI,Tier2
56,23142.22,72,8,6,40.45,24.47,16,5794,4.55,Debit Card,Tier2
21,46777.34,91,5,34,24.76,14.21,66,5797,7.33,Debit Card,Tier1
59,32884.69,37,9,33,55.96,0.15,21,994,1.22,UPI,Tier2
30,54822.16,58,9,61,45.64,53.9,98,8776,8.58,Debit Card,Tier2
51,75013.86,37,3,68,26.31,70.52,48,1148,4.76,Debit Card,Tier3
59,59669.66,82,13,64,16.67,31.27,10,1865,2.08,Credit Card,Tier3
38,52025.3,26,7,48,44.27,55.01,73,1345,5.58,Cash,Tier2
39,93603.88,42,7,13,41.74,55.62,78,8408,5.71,Cash,Tier1
21,14293.14,16,15,39,26.45,80.71,16,1677,4.39,UPI,Tier1
35,92211.18,22,5,28,27.76,34.12,29,5699,7.85,Credit Card,Tier2
22,,23,3,64,43.05,15.48,64,3533,2.48,Debit Card,Tier1
36,,47,9,70,25.78,32.05,83,279,9.73,UPI,Tier3
19,53398.01,67,8,6,44.2,0.51,86,6444,9.08,Debit Card,Tier2
29,98943.54,3,5,23,30.85,16.31,114,244,7.56,Debit Card,Tier1
34,37918.47,12,8,15,40.23,23.52,88,9628,2.94,Cash,Tier3
27,65258.2,23,11,20,38.03,31.57,60,9742,6.37,Debit Card,Tier1
51,76603.65,11,8,36,61.84,87.49,17,4557,6.3,Credit Card,Tier3
23,29557.94,52,7,62,27.1,39.36,114,9289,4.16,Cash,Tier3
25,,50,7,57,20.41,40.64,38,910,5.1,Cash,Tier3
68,61740.07,57,6,55,26.79,50.92,9,1833,2.48,Cash,Tier3
28,45493.37,64,14,62,,24.7,64,5001,3.44,Credit Card,Tier1
29,47056.98,46,9,75,61.12,22.93,50,7900,3.42,Cash,Tier1
26,57303.02,29,8,22,34.39,,94,2793,2.5,Credit Card,Tier3
19,79290.79,70,4,12,25.41,65.79,53,3520,3.33,UPI,Tier3
25,57460.21,46,8,48,52.42,91.55,58,1954,6.87,Cash,Tier3
28,88725.38,16,9,36,,39.68,91,2518,8.16,Debit Card,Tier3
53,172197.32,98,60,8,59.16,42.47,101,1317,9.75,Credit Card,Tier1
27,37457.71,51,4,54,41.64,9.84,116,7285,3.25,Cash,Tier1
38,107379.6,11,14,10,24.2,66.7,46,8480,1.13,Credit Card,Tier3
37,50524.92,11,11,35,46.73,67.81,11,7779,5.48,Cash,Tier2
65,36159.94,63,8,48,70.13,65.89,6,8036,9.61,Debit Card,Tier1
25,26674.81,53,6,62,66.62,88.17,22,3632,6.64,Cash,Tier1
53,88652.28,89,6,77,12.03,27.57,26,6212,9.77,Cash,Tier3
46,57491.3,58,10,38,47.97,44.97,115,2822,7.37,UPI,Tier2
59,59418.39,19,9,69,49.92,56.16,79,2440,5.73,Credit Card,Tier2
29,61497.56,32,4,23,67.81,71.22,40,4113,2.99,Credit Card,Tier2
31,87284.74,50,7,6,84.27,29.06,79,9717,2.2,Credit Card,Tier1
65,61050.34,72,9,59,50.7,68.41,44,3034,8.32,Credit Card,Tier1
67,116569.18,55,7,73,46.24,0.03,113,9867,4.26,Credit Card,Tier1
38,67942.73,76,8,40,62.55,83.77,10,1993,3.69,Debit Card,Tier1
39,88359.26,41,9,65,50.4,62.36,70,4245,5.86,Credit Card,Tier1
38,82715.28,99,7,16,56.46,28.06,49,163,9.42,Debit Card,Tier2
61,256792.64,70,60,64,44.27,35.45,102,4539,3.82,UPI,Tier1
67,52086.64,21,11,34,,18.35,90,5352,1.07,Debit Card,Tier2
47,72303.21,26,11,77,76.53,28.9,53,8527,8.58,UPI,Tier2
56,76222.17,1,9,53,44.24,84.97,81,1768,8.78,Cash,Tier1
37,52403.11,81,9,51,33.39,78.66,69,7913,1.7,Debit Card,Tier2
41,,99,9,62,,19.1,107,6145,6.67,UPI,Tier1
40,92196.51,27,7,11,37.66,69.68,66,3730,4.57,Credit Card,Tier1
24,110538.85,50,9,26,75.31,19.36,26,2808,8.64,Credit Card,Tier3
26,83796.13,66,11,30,30.03,86.19,116,2658,6.35,Cash,Tier3
18,105980.71,65,8,39,34.39,93.14,81,7736,2.31,UPI,Tier2
43,204615.08,10,45,22,48.69,45.88,105,2232,5.91,UPI,Tier3
55,,95,6,68,37.9,4.09,15,5412,2.63,Credit Card,Tier2
55,94447.43,37,9,30,58.72,26.0,53,6338,3.84,Debit Card,Tier1
61,45280.67,69,9,55,72.52,53.96,26,1290,6.13,Credit Card,Tier3
39,54317.02,41,4,50,53.67,9.14,41,2949,4.32,Credit Card,Tier1
61,,46,10,13,42.63,,24,9877,6.08,Debit Card,Tier2
27,43547.83,77,8,54,42.84,,39,6435,6.27,Debit Card,Tier1
23,35495.14,45,10,20,14.92,69.21,64,1596,9.21,Cash,Tier2
34,98615.59,88,4,56,44.63,90.92,51,6545,3.02,Cash,Tier1
68,91328.79,27,4,68,25.98,11.21,27,6992,7.17,Cash,Tier3
67,74506.65,65,2,65,43.71,28.52,116,806,6.15,Debit Card,Tier1
55,63994.36,84,7,5,10.51,87.18,38,9777,3.73,Credit Card,Tier2
41,55352.46,8,7,56,19.82,2.49,118,7221,5.98,Debit Card,Tier1
68,71202.88,67,10,45,36.27,28.62,13,3868,3.09,Debit Card,Tier3
27,99755.75,49,5,47,43.8,64.3,72,2496,5.18,Debit Card,Tier1
25,70248.45,96,11,72,32.37,6.22,76,4910,8.46,UPI,Tier3
38,112673.1,89,3,14,58.43,12.06,93,7540,2.04,Credit Card,Tier2
23,45245.28,89,9,33,25.71,42.6,83,3602,1.33,Debit Card,Tier2
38,64567.02,14,3,6,65.38,16.03,104,9417,1.41,Cash,Tier1
56,56792.71,62,14,76,53.74,31.5,69,4342,5.13,Cash,Tier1
41,41126.89,43,9,63,50.74,44.91,100,748,8.05,Credit Card,Tier2
50,,27,10,79,35.42,,86,6355,1.58,Cash,Tier2
35,74181.24,96,5,78,44.45,53.4,58,8705,1.95,Cash,Tier3
45,76533.06,27,13,37,34.63,36.89,97,132,2.55,UPI,Tier1
69,112749.95,68,6,53,70.78,14.7,33,3898,4.95,Debit Card,Tier3
49,75218.28,75,5,8,48.94,53.17,73,689,8.8,Cash,Tier1
29,90303.01,48,15,56,39.24,4.51,30,7052,3.75,Cash,Tier3
65,66454.07,67,6,59,26.45,94.43,60,4718,5.95,UPI,Tier2
59,101917.22,25,7,73,59.31,75.07,74,2173,1.63,Cash,Tier1
44,117765.88,64,10,52,47.9,45.24,60,4727,2.97,Debit Card,Tier1
27,76683.87,24,7,49,43.04,0.55,25,7600,1.7,UPI,Tier3
63,43161.5,9,10,32,47.74,4.37,85,3554,2.17,UPI,Tier3
69,52926.29,8,3,65,28.07,82.13,23,8225,3.53,UPI,Tier3
59,,95,8,50,31.15,29.01,98,2808,1.88,Credit Card,Tier3
49,75042.96,59,9,50,31.05,18.69,19,703,3.62,Cash,Tier2
59,80365.35,17,9,72,42.36,41.93,74,4448,2.03,Cash,Tier1
43,75124.35,43,5,44,42.02,51.25,6,3350,6.21,Debit Card,Tier1
42,65153.67,95,11,22,30.71,13.95,110,7286,1.06,UPI,Tier3
28,51003.63,68,9,20,42.87,62.13,85,3665,7.34,Debit Card,Tier1
40,73825.04,4,10,57,52.17,86.98,31,4800,3.36,UPI,Tier3
51,105809.72,8,7,22,39.92,45.55,91,5498,6.43,Credit Card,Tier1
69,87438.43,42,5,40,44.81,81.39,117,6388,5.28,Credit Card,Tier2
57,76763.49,49,1,61,42.0,24.99,22,8463,2.19,UPI,Tier2
40,87650.47,6,2,38,32.19,79.67,81,6929,9.9,UPI,Tier3
46,56836.59,73,8,67,,8.06,61,8418,5.63,UPI,Tier1
48,53818.17,42,5,52,49.84,51.42,60,604,7.28,UPI,Tier1
24,48548.73,72,8,57,51.88,56.31,69,4749,9.0,UPI,Tier1
57,62243.69,32,9,29,60.49,,19,1449,2.94,Credit Card,Tier1
50,55715.87,15,5,78,54.11,15.28,21,6333,3.81,Credit Card,Tier1
38,91582.04,82,9,67,61.61,32.98,65,3603,1.47,UPI,Tier2
19,54542.88,87,9,13,47.0,43.77,79,298,3.51,Credit Card,Tier3
35,47340.12,69,7,27,7.85,47.81,117,3966,7.42,Cash,Tier2
64,107736.7,27,8,74,46.55,44.04,11,6485,8.32,Credit Card,Tier2
50,55069.74,97,10,41,52.23,40.52,87,7870,2.36,Cash,Tier2
54,68377.63,66,5,26,45.39,54.57,46,5659,5.95,Debit Card,Tier2
51,74929.1,59,9,76,30.49,89.3,52,5336,1.58,UPI,Tier1
37,39992.75,28,12,79,52.64,51.76,103,947,7.31,Debit Card,Tier3
52,92180.64,24,9,12,70.49,98.03,91,7572,1.33,Cash,Tier3
68,79016.62,51,13,13,37.34,33.34,81,4092,8.43,Credit Card,Tier2
67,99284.45,21,6,30,71.69,27.84,20,1437,3.35,Credit Card,Tier3
35,50057.12,31,4,51,32.51,62.3,99,6639,8.91,UPI,Tier1
63,67180.77,75,11,53,43.47,29.82,111,3642,3.74,Debit Card,Tier1
41,65865.83,50,2,34,37.9,49.86,80,3617,3.36,UPI,Tier2
25,70805.55,92,12,48,58.04,16.25,77,7093,3.16,Debit Card,Tier2
47,32998.48,40,5,39,21.25,30.2,12,1665,4.54,Cash,Tier3
61,67438.4,68,11,66,43.26,65.38,77,7681,6.42,Debit Card,Tier1
27,33617.79,16,10,42,30.54,98.81,83,2408,4.1,UPI,Tier3
40,72883.35,76,9,12,32.97,33.06,103,9896,1.64,Credit Card,Tier3
69,18169.72,86,7,60,47.95,38.11,60,9365,5.25,Credit Card,Tier1
66,24265.09,99,8,74,70.16,43.78,47,6821,3.82,UPI,Tier3
28,83008.07,63,7,42,47.28,9.38,106,2394,5.61,UPI,Tier1
19,52969.55,56,6,22,36.77,35.18,48,8081,3.97,UPI,Tier1
43,43267.12,80,13,5,46.29,83.78,43,9541,4.37,Debit Card,Tier1
53,92958.6,24,12,12,19.69,87.66,31,7271,5.54,UPI,Tier2
50,72207.78,99,8,16,47.04,98.83,43,1425,2.38,Debit Card,Tier3
64,84185.98,28,9,69,48.88,49.64,29,4666,2.55,Debit Card,Tier1
30,61342.67,93,11,64,59.9,92.75,63,1742,2.4,Cash,Tier2
57,123951.83,85,5,21,50.63,96.12,69,366,4.0,Debit Card,Tier2
42,51700.7,89,5,74,30.05,47.23,64,1739,2.77,Cash,Tier1
21,103378.9,31,8,26,36.6,8.57,91,9341,6.64,Cash,Tier2
59,63649.95,15,11,51,46.64,14.38,41,5738,1.12,Cash,Tier2
36,28600.77,42,7,76,70.66,64.1,10,3296,2.98,Debit Card,Tier3
35,75622.67,99,9,25,38.91,78.9,106,484,8.22,UPI,Tier1
54,71924.78,50,9,9,25.4,81.83,30,8833,7.04,Debit Card,Tier2
47,41870.92,86,10,35,16.89,33.35,23,9672,9.48,Debit Card,Tier1
36,44711.18,5,8,34,43.76,93.79,39,5366,3.11,UPI,Tier1
40,64456.65,48,11,49,42.28,7.4,42,7825,2.61,Debit Card,Tier1
33,72694.45,13,6,45,41.65,75.42,95,9306,3.37,UPI,Tier2
18,10645.41,32,11,33,37.84,,26,9776,4.15,Credit Card,Tier1
29,88168.67,67,6,45,32.89,96.06,10,6138,1.16,Credit Card,Tier3
41,54121.04,79,12,58,46.97,4.28,110,1500,3.04,Credit Card,Tier2
51,35701.56,91,6,14,61.33,33.36,3,1270,1.22,Cash,Tier3
25,85703.46,91,6,51,60.72,38.1,72,871,9.52,Debit Card,Tier3
35,64480.4,30,9,23,71.38,6.22,1,9965,9.96,UPI,Tier2
65,91755.65,6,12,77,53.56,45.57,8,5624,8.88,Debit Card,Tier3
22,74634.95,25,6,68,54.36,80.55,51,4477,5.69,Cash,Tier3
43,64966.68,28,7,52,41.45,81.75,115,818,1.36,Credit Card,Tier3
47,61639.94,62,4,67,44.48,70.77,62,2445,8.82,Debit Card,Tier3
30,75619.68,22,5,20,,73.5,97,1829,5.07,UPI,Tier3
36,55902.31,68,10,48,66.62,60.06,87,6284,3.49,UPI,Tier1
46,46243.4,15,6,52,29.95,86.86,70,9763,9.09,Cash,Tier2
20,78418.0,26,6,51,67.48,68.16,81,7817,1.02,Credit Card,Tier3
43,61821.27,63,9,43,54.07,38.36,97,3243,9.54,UPI,Tier3
57,65738.49,18,8,74,49.56,77.09,79,343,4.32,Debit Card,Tier1
29,88966.36,73,14,35,54.4,84.08,96,5627,9.83,Debit Card,Tier3
19,62494.71,63,8,36,38.41,11.98,70,9682,4.89,Credit Card,Tier3
28,65330.75,62,9,55,48.25,,17,256,2.87,UPI,Tier1
61,51807.71,68,3,49,40.7,29.23,28,8368,9.1,UPI,Tier1
45,74476.28,48,6,7,32.16,67.34,39,7304,7.23,Credit Card,Tier2
35,,50,7,15,27.61,26.56,3,6170,9.87,Cash,Tier2
30,84817.05,63,11,8,41.07,42.74,97,1904,5.4,Cash,Tier1
54,52259.17,69,9,57,41.44,21.45,26,8022,9.69,Debit Card,Tier1
39,54928.03,6,6,8,29.22,23.51,21,4219,5.09,Cash,Tier2
29,82427.02,58,14,71,64.56,48.1,88,1055,9.94,Cash,Tier2
19,70548.69,51,8,27,40.53,20.55,94,6848,8.66,Credit Card,Tier1
54,45063.2,12,6,78,60.63,42.31,108,811,3.96,Debit Card,Tier1
24,93744.19,95,8,60,30.36,66.26,47,1799,5.0,UPI,Tier1
43,27634.09,47,10,21,37.37,33.82,53,8328,8.42,Credit Card,Tier2
43,82254.26,9,8,16,66.25,84.99,27,8601,7.17,Debit Card,Tier1
41,37165.34,7,13,43,36.76,36.44,4,9308,3.45,Cash,Tier3
29,106487.35,29,12,46,75.44,93.32,119,280,7.41,Cash,Tier3
33,31018.81,78,11,53,20.64,70.76,118,2844,4.25,Cash,Tier1
40,90349.51,51,6,9,31.02,24.05,44,206,5.64,UPI,Tier3
57,63204.04,84,5,19,35.27,42.95,18,2891,8.64,Cash,Tier3
26,56934.74,55,6,67,67.13,2.09,61,5592,6.0,Cash,Tier3
49,69078.73,96,9,30,81.48,16.2,99,9939,1.8,Debit Card,Tier1
32,78901.81,59,8,28,45.92,58.54,27,6715,1.55,Debit Card,Tier2
54,45103.19,56,7,47,36.18,71.54,71,2770,3.79,Debit Card,Tier2
30,47052.67,22,7,40,49.89,12.5,88,3809,6.18,Debit Card,Tier3
22,79291.31,18,6,78,50.64,33.23,58,7514,7.77,Debit Card,Tier3
28,27438.46,58,5,30,83.52,45.1,14,2007,3.22,Debit Card,Tier1
27,52146.96,40,9,68,35.39,34.7,109,7731,6.79,UPI,Tier3
69,131895.11,89,8,15,59.16,66.9,43,1134,4.29,Credit Card,Tier2
30,43703.71,31,10,24,54.48,80.05,41,4710,7.37,Credit Card,Tier1
58,90251.66,56,11,56,56.34,19.66,92,7558,6.37,Credit Card,Tier3
63,52109.08,35,3,37,39.48,44.83,88,9219,1.13,UPI,Tier2
67,76198.99,26,7,10,50.8,56.1,45,455,7.92,Credit Card,Tier2
32,79395.83,68,10,6,42.72,97.83,71,8979,6.94,UPI,Tier2
59,89837.05,84,3,77,60.37,54.49,39,7484,8.78,Credit Card,Tier3
24,60594.42,34,5,23,22.29,1.26,96,8293,7.56,UPI,Tier1
57,108755.46,76,5,34,44.63,72.61,107,7292,5.89,Debit Card,Tier1
45,52034.6,16,9,29,,2.91,74,967,4.66,UPI,Tier1
49,70152.85,42,6,18,52.27,18.83,47,4628,3.39,UPI,Tier3
52,,5,8,20,23.45,24.94,55,708,9.38,UPI,Tier3
32,40316.7,61,13,12,48.61,66.02,77,7784,7.65,UPI,Tier1
65,58710.81,44,7,19,60.28,81.37,86,4356,9.31,Credit Card,Tier2
53,68553.3,35,16,69,40.8,39.63,103,8280,2.67,Debit Card,Tier2
38,55493.34,91,5,21,45.99,46.52,107,6037,7.02,Debit Card,Tier2
23,118700.33,1,8,42,38.88,73.37,98,6047,2.08,UPI,Tier2
18,46550.28,98,9,18,36.03,86.61,38,7447,4.9,Debit Card,Tier3
21,90947.34,43,8,52,61.08,93.05,103,1362,7.86,Credit Card,Tier2
28,83842.12,32,7,46,25.73,3.35,37,9970,8.41,Credit Card,Tier2
61,64695.03,63,7,19,57.67,89.8,24,2246,3.36,Debit Card,Tier3
43,45965.4,33,9,25,40.55,69.17,100,7176,4.9,Credit Card,Tier1
54,48098.38,95,6,22,52.45,20.21,103,4096,5.88,UPI,Tier3
40,53604.72,77,11,75,28.87,94.97,14,1217,3.93,Debit Card,Tier1
46,25713.69,66,12,61,50.59,16.11,3,2585,3.36,Credit Card,Tier1
38,,30,11,5,36.86,37.48,2,8000,8.75,Debit Card,Tier1
65,32385.52,10,7,75,59.6,,46,2308,3.97,Cash,Tier3
62,94609.25,23,9,68,35.18,45.38,31,3877,4.92,UPI,Tier2
62,78606.17,97,7,24,71.58,82.32,46,3305,5.78,Cash,Tier3
66,82291.43,39,12,64,19.11,84.96,73,4266,4.97,Credit Card,Tier3
44,77954.3,45,5,36,34.47,3.11,72,9154,8.76,UPI,Tier1
56,68673.29,29,3,9,32.54,89.1,36,3516,2.98,Debit Card,Tier3
57,97134.97,30,10,48,51.53,57.07,78,1076,2.52,Cash,Tier2
30,51563.22,34,6,26,71.98,80.08,51,5399,7.21,Credit Card,Tier3
40,67346.73,52,5,36,31.07,61.79,40,2058,8.65,UPI,Tier1
33,81435.29,81,7,46,50.37,15.46,42,4011,9.96,Credit Card,Tier2
47,35933.4,22,10,75,36.0,84.75,79,4515,8.08,Cash,Tier2
21,133124.96,5,7,75,50.72,89.53,71,377,4.82,Debit Card,Tier3
57,65628.45,11,8,55,,47.26,96,8484,5.87,Credit Card,Tier2
33,68123.77,86,9,25,42.72,92.05,118,8453,1.35,Debit Card,Tier3
48,92651.32,32,17,48,40.14,,65,225,8.58,UPI,Tier3
59,85129.02,24,10,77,67.5,66.97,100,3101,6.65,UPI,Tier1
42,65837.72,11,7,48,59.81,53.05,4,3721,3.26,Credit Card,Tier2
61,67862.85,11,10,58,,75.62,117,8692,7.09,Debit Card,Tier3
29,31908.73,17,13,63,49.64,65.67,63,3302,2.89,Debit Card,Tier2
43,52757.75,32,8,48,49.83,28.02,104,3392,7.71,Cash,Tier2
54,76378.62,83,8,63,37.36,83.44,8,6903,2.84,Credit Card,Tier3
65,,27,7,19,56.28,53.02,111,7771,3.9,Debit Card,Tier1
50,91865.65,32,8,53,52.97,42.04,19,9470,7.9,Cash,Tier1
45,62348.98,61,9,30,53.95,,84,3618,9.34,Debit Card,Tier3
26,34479.7,25,7,76,34.24,76.39,57,9645,1.7,UPI,Tier3
29,88248.07,64,7,6,7.04,92.08,13,387,7.75,Cash,Tier1
22,96593.97,64,8,77,49.54,69.34,39,7597,6.06,Credit Card,Tier1
69,84761.38,28,8,28,56.31,6.04,14,2019,6.26,Debit Card,Tier1
45,61400.06,40,10,7,,28.71,51,9709,2.9,Debit Card,Tier2
52,87976.49,91,7,49,24.46,47.54,68,4639,4.12,Credit Card,Tier3
22,140436.03,14,5,25,29.5,35.0,58,7512,8.76,Debit Card,Tier1
51,67533.35,42,9,56,32.37,7.54,104,4647,2.89,Debit Card,Tier3
63,,39,7,15,18.33,38.08,48,5160,9.49,Cash,Tier2
51,52101.73,2,9,69,21.62,93.85,4,662,4.71,Debit Card,Tier3
30,78760.47,81,5,48,28.05,32.21,90,8405,6.24,Credit Card,Tier1
56,29694.31,1,12,10,46.67,53.13,28,3731,4.49,UPI,Tier1
59,68726.87,32,10,75,34.48,97.03,45,9664,5.02,Cash,Tier3
62,73367.41,83,6,72,72.76,33.87,81,4454,6.05,Credit Card,Tier3
65,98772.68,64,8,12,25.61,28.0,112,5489,9.93,UPI,Tier2
31,93824.29,78,5,27,76.93,45.33,105,6466,9.81,Credit Card,Tier2
28,84020.87,31,11,57,14.37,90.9,100,1997,9.18,Debit Card,Tier1
59,17421.06,58,9,66,27.89,60.92,73,1257,1.1,Cash,Tier1
55,85263.17,82,9,55,29.16,32.08,104,1793,6.4,Credit Card,Tier1
21,80521.29,78,9,18,32.66,78.92,19,8793,9.46,Cash,Tier1
50,70630.78,14,13,59,43.77,56.06,81,6487,4.27,Cash,Tier3
24,26935.11,88,9,37,44.81,49.8,8,9367,5.78,Debit Card,Tier2
58,47910.97,69,8,9,50.95,,54,8716,5.48,Credit Card,Tier1
25,39329.9,16,6,10,,99.41,96,6618,3.85,UPI,Tier2
54,20669.81,69,6,49,44.02,,64,6886,3.01,Cash,Tier1
68,64935.87,54,11,19,63.74,81.1,10,7376,2.77,Debit Card,Tier1
27,47447.91,13,11,65,42.03,33.69,65,1289,8.39,Debit Card,Tier3
60,122756.72,80,8,57,53.29,8.38,32,5442,6.33,UPI,Tier3
32,61287.02,79,17,57,45.27,74.0,110,7814,5.61,Debit Card,Tier3
55,93462.57,31,4,61,32.73,25.8,41,415,2.24,Cash,Tier3
32,30479.82,69,5,71,53.15,85.69,63,8643,6.25,Credit Card,Tier2
22,,21,5,18,44.71,85.1,12,7765,1.76,UPI,Tier1
46,67131.75,30,4,25,54.65,68.43,26,3909,1.2,Cash,Tier1
36,45020.61,23,9,70,47.08,21.55,88,3395,7.23,UPI,Tier3
68,55711.58,38,13,53,74.74,38.46,51,1440,9.18,Cash,Tier3
27,,29,8,24,68.45,19.35,32,8381,3.83,UPI,Tier3
29,59854.02,77,2,22,39.17,25.79,84,2156,6.45,UPI,Tier3
21,105812.61,32,7,56,76.22,18.49,91,6953,3.37,Debit Card,Tier1
48,73320.98,62,9,21,59.5,,68,4640,3.23,Debit Card,Tier3
35,75549.23,91,7,17,56.83,72.3,37,1765,3.64,Cash,Tier2
33,76872.41,98,5,31,40.42,53.08,94,2370,8.13,UPI,Tier1
57,78477.78,45,6,10,55.46,6.88,78,1674,4.57,Debit Card,Tier2
53,63176.49,49,8,39,47.97,16.78,74,4865,8.56,Debit Card,Tier1
42,57943.58,33,10,22,43.64,99.27,110,9969,8.72,Cash,Tier3
40,68669.95,4,3,38,19.25,63.72,8,7670,5.06,Cash,Tier3
29,90449.69,18,15,40,58.25,44.88,10,7470,5.65,Debit Card,Tier3
51,89777.24,70,7,26,44.61,95.61,50,169,5.13,Cash,Tier1
53,59711.23,64,8,72,32.48,51.03,97,7586,2.58,Cash,Tier1
54,81892.56,28,11,67,24.95,81.04,33,5149,7.18,Debit Card,Tier2
20,60719.14,58,8,45,48.58,44.47,88,192,8.89,Debit Card,Tier3
26,65745.15,91,7,60,56.42,88.53,6,6682,7.28,Credit Card,Tier3
35,,90,13,36,24.64,58.84,8,904,9.5,Debit Card,Tier1
60,61003.81,56,10,20,57.26,76.19,41,6237,6.23,Debit Card,Tier2
52,94509.26,20,8,69,47.82,76.87,21,1409,6.62,Cash,Tier2
51,67033.27,77,12,20,7.27,58.53,103,588,9.72,Debit Card,Tier3
58,67976.22,92,12,49,40.35,13.38,113,4369,6.6,UPI,Tier3
31,33161.21,34,4,52,37.94,32.65,26,5086,9.81,UPI,Tier1
21,58196.63,87,6,47,65.18,1.89,72,2774,6.89,Debit Card,Tier3
46,59691.07,10,6,24,40.88,2.32,80,3277,5.32,Cash,Tier3
58,46758.84,94,7,36,27.52,66.13,8,7504,5.51,Debit Card,Tier3
62,65476.64,22,9,75,36.3,95.19,66,2597,4.96,Credit Card,Tier3
67,55557.99,5,8,74,39.54,23.16,66,2059,2.0,UPI,Tier1
32,66759.91,44,7,23,26.07,72.83,12,2555,1.26,Credit Card,Tier3
45,67673.07,9,11,12,46.85,55.59,38,3508,8.72,Cash,Tier2
59,43973.4,43,5,53,,56.12,113,8163,6.57,UPI,Tier3
33,56228.56,4,10,23,41.68,82.98,117,8683,8.81,Debit Card,Tier2
29,66702.23,42,8,13,63.2,57.43,88,3357,2.69,Credit Card,Tier3
69,91054.59,65,8,38,40.21,94.22,8,478,7.32,Cash,Tier3
22,70647.82,98,10,38,50.17,,25,8948,9.18,Cash,Tier1
51,50437.43,41,8,70,60.45,74.19,40,9427,2.54,Debit Card,Tier2
59,73778.1,64,3,21,36.5,8.56,106,5828,3.64,Debit Card,Tier1
18,102566.08,55,9,14,43.21,68.22,59,1757,5.05,Credit Card,Tier2
56,85167.54,90,12,72,28.18,95.07,40,1917,3.1,Credit Card,Tier2
49,77045.58,18,9,68,39.39,91.52,4,4905,8.37,Debit Card,Tier2
43,80962.98,16,7,27,37.07,20.34,113,1200,6.58,Debit Card,Tier2
34,96678.99,87,6,77,66.68,89.58,100,8990,2.17,Cash,Tier3
65,88663.79,46,7,12,,16.16,86,9977,1.22,Credit Card,Tier3
44,77468.73,36,8,50,57.73,7.85,50,1879,8.53,Debit Card,Tier3
41,88510.13,90,5,43,29.04,3.73,53,3540,1.51,UPI,Tier1
52,41203.68,66,9,22,43.4,96.25,95,4673,2.83,Credit Card,Tier2
63,31950.16,44,11,72,37.89,23.37,42,4635,6.93,UPI,Tier1
59,68456.17,5,6,21,,16.22,46,6290,7.98,Credit Card,Tier3
56,66510.98,29,6,42,48.88,23.89,110,6158,9.19,Debit Card,Tier1
43,53033.98,4,3,74,71.58,66.33,30,6621,1.82,Credit Card,Tier1
66,83168.76,99,5,12,37.67,15.69,54,8416,9.87,Credit Card,Tier1
55,24017.0,86,6,60,47.94,63.02,82,4798,3.76,Debit Card,Tier3
40,53235.01,49,11,64,55.21,2.06,115,379,2.12,Debit Card,Tier3
39,,72,7,55,58.2,39.43,95,7257,5.8,Credit Card,Tier3
21,29001.36,85,7,16,50.72,75.99,97,4941,9.87,Credit Card,Tier3
66,97884.08,8,9,19,43.23,26.44,41,1420,5.2,Cash,Tier2
26,35097.57,52,9,8,49.73,34.03,53,8360,8.54,UPI,Tier2
21,52056.52,69,8,48,39.57,10.49,85,296,3.34,Credit Card,Tier2
24,84975.55,21,5,21,75.45,67.88,48,7314,2.73,Debit Card,Tier2
40,79213.0,27,9,31,45.33,35.22,21,3123,1.31,Credit Card,Tier2
19,40620.16,38,4,51,74.8,17.85,76,5517,3.63,Credit Card,Tier3
66,80014.76,5,8,39,,,63,2010,4.02,UPI,Tier2
41,71375.26,85,6,33,79.45,60.73,119,2245,3.37,Cash,Tier1
57,116326.78,61,11,17,46.15,48.38,3,1361,2.83,Cash,Tier2
48,73886.69,8,11,28,46.88,71.15,10,5033,8.15,Cash,Tier1
64,61892.68,86,6,22,46.39,51.05,8,3019,6.3,Credit Card,Tier1
48,46156.96,18,10,66,35.52,40.45,81,2126,3.58,Debit Card,Tier2
64,48626.65,4,7,18,28.02,88.38,111,1323,8.1,Cash,Tier1
57,46833.08,4,14,19,32.42,55.02,107,6091,3.22,Credit Card,Tier1
65,95164.17,37,3,68,54.3,80.08,30,5750,2.98,Credit Card,Tier3
68,,15,4,29,56.15,87.15,117,8216,8.11,Cash,Tier1
60,,38,4,13,37.94,51.97,103,3613,9.81,Credit Card,Tier2
51,98313.45,27,5,33,27.32,33.3,64,7326,9.59,Credit Card,Tier1
41,13113.79,85,4,17,56.45,16.03,3,1191,7.83,Debit Card,Tier1
66,93135.22,48,12,79,48.72,24.84,59,7536,9.82,UPI,Tier2
43,66218.73,46,3,79,56.97,11.97,14,5602,8.25,Credit Card,Tier2
33,74571.06,46,10,20,31.91,75.48,16,4767,2.59,Debit Card,Tier3
64,46775.13,48,0,31,47.68,31.6,82,3989,9.81,UPI,Tier3
30,48387.26,59,7,10,29.36,,5,8120,8.48,Credit Card,Tier2
32,75754.61,4,9,79,39.28,71.08,59,8479,3.78,Credit Card,Tier2
44,117461.15,75,8,14,38.2,,76,4553,6.87,Cash,Tier3
21,87072.89,19,8,39,54.66,,102,9555,1.07,UPI,Tier1
33,92841.5,57,5,30,82.01,4.27,15,7598,6.93,UPI,Tier2
47,60775.97,19,9,28,54.4,63.54,98,5582,6.95,Credit Card,Tier3
61,51795.51,91,9,59,60.36,1.43,12,7198,7.67,Debit Card,Tier1
47,47822.29,42,10,55,35.65,33.13,100,6518,8.79,Credit Card,Tier3
53,54257.98,92,10,65,22.72,96.34,79,8762,5.49,Cash,Tier1
20,19838.79,5,8,14,60.46,54.4,38,272,8.97,Credit Card,Tier3
39,49051.77,48,5,52,54.83,62.64,104,182,9.56,Credit Card,Tier1
66,52672.23,25,5,27,42.35,13.93,55,2174,3.67,UPI,Tier2
39,61142.12,67,12,47,60.88,5.19,3,7358,8.08,Credit Card,Tier2
67,67898.5,26,2,43,14.32,47.46,60,3731,2.92,UPI,Tier2
67,72973.92,74,11,13,22.11,70.07,107,6767,4.6,UPI,Tier2
66,64671.64,88,6,30,,,94,9699,2.02,Debit Card,Tier1
29,52208.25,62,5,26,42.83,86.49,116,7708,6.43,UPI,Tier3
38,21806.11,93,8,8,38.48,66.97,101,4090,6.69,UPI,Tier1
21,52343.21,7,7,48,53.43,0.28,61,9937,2.83,Debit Card,Tier1
48,43606.09,44,9,51,46.55,74.07,77,8405,6.16,Debit Card,Tier3
61,75253.47,87,6,21,23.99,97.28,43,6690,8.82,UPI,Tier3
48,85004.32,27,7,23,26.8,3.25,68,8364,4.23,Credit Card,Tier3
40,85648.56,42,9,39,32.92,12.92,112,6049,4.26,Debit Card,Tier2
37,81652.96,73,5,29,77.46,30.41,22,6552,9.44,UPI,Tier2
32,62062.43,56,7,73,64.84,77.73,43,2938,5.43,Credit Card,Tier1
40,53516.98,3,7,66,59.84,51.25,66,7954,8.54,UPI,Tier2
45,48563.74,13,4,71,53.04,71.12,57,8415,9.16,UPI,Tier2
33,31835.02,70,8,49,34.63,4.46,73,4340,5.48,Credit Card,Tier2
54,86820.78,59,11,21,43.52,33.45,113,433,8.96,Debit Card,Tier1
38,61156.36,38,14,48,70.7,20.25,58,5873,8.24,Cash,Tier3
32,37580.51,85,9,68,45.24,81.31,36,1656,3.69,UPI,Tier2
34,46817.19,83,3,69,47.83,15.4,51,5395,2.7,UPI,Tier2
67,45926.58,89,10,76,,43.94,101,6011,6.35,Cash,Tier1
54,65946.54,68,10,20,47.65,2.25,32,6665,5.49,UPI,Tier2
30,88484.29,86,8,26,,57.88,38,6271,8.22,Debit Card,Tier1
36,57344.23,69,5,32,44.01,2.77,23,2143,9.17,Credit Card,Tier2
47,15444.26,1,6,73,38.18,89.08,18,3809,7.14,UPI,Tier1
62,60838.03,50,6,36,45.2,13.81,102,6697,9.89,UPI,Tier2
35,61563.73,81,12,61,23.59,12.29,3,4601,3.27,UPI,Tier3
31,,73,6,16,63.19,0.31,103,796,3.41,UPI,Tier1
53,51195.85,9,5,31,69.38,2.24,28,1166,1.42,UPI,Tier2
53,69783.66,53,9,52,47.57,14.22,82,5858,2.52,UPI,Tier1
37,66455.1,88,9,23,45.74,26.48,29,2514,7.33,UPI,Tier3
69,64453.73,10,6,50,37.23,62.81,11,7040,5.56,Credit Card,Tier1
36,74078.11,84,11,49,40.52,95.66,31,2159,4.35,UPI,Tier3
62,55543.68,81,6,48,54.96,73.16,50,1725,7.9,Cash,Tier2
61,54295.12,77,6,8,46.62,69.38,42,368,7.37,Debit Card,Tier3
24,95362.71,29,5,6,46.33,47.33,118,4540,1.89,UPI,Tier1
61,77305.82,36,6,22,46.37,83.55,19,4300,7.38,Debit Card,Tier3
21,83192.81,87,6,30,48.36,1.56,51,3858,5.01,Credit Card,Tier1
51,91974.3,27,11,72,58.31,30.95,77,2882,2.68,UPI,Tier1
19,,18,12,55,52.18,74.01,93,4322,6.78,UPI,Tier1
22,85424.55,18,14,7,46.13,71.97,43,8557,2.22,Credit Card,Tier3
27,30254.41,9,9,11,60.43,76.42,95,3551,9.93,Credit Card,Tier3
49,69491.39,67,6,53,24.93,72.34,97,2496,8.93,Cash,Tier1
59,60980.19,7,6,47,56.85,30.92,112,3674,3.12,Credit Card,Tier1
58,101909.05,58,14,8,35.03,90.57,26,7402,6.32,UPI,Tier1
30,85408.2,79,7,77,28.26,83.83,3,6913,9.57,Debit Card,Tier2
56,51130.21,30,11,22,41.41,28.08,27,6415,8.99,Debit Card,Tier1
22,73201.47,73,4,27,43.7,90.33,56,8500,4.35,UPI,Tier3
27,68688.99,61,10,33,65.9,14.75,81,7401,6.59,UPI,Tier1
27,,91,5,70,54.55,41.74,34,2258,7.5,Debit Card,Tier2
55,42585.47,82,13,41,57.4,81.42,74,2597,2.15,UPI,Tier2
44,72920.36,95,7,25,20.57,73.22,90,2571,5.6,Cash,Tier1
68,59980.67,17,10,71,35.11,33.34,58,4310,7.67,Debit Card,Tier2
38,71213.89,53,5,51,59.36,83.24,101,6026,1.3,Cash,Tier3
25,49063.53,6,10,23,65.46,9.25,32,9656,2.9,Credit Card,Tier1
18,52128.61,39,9,55,55.02,78.86,6,2646,5.27,Cash,Tier3
45,90824.52,25,7,17,47.71,69.2,26,4427,7.02,Cash,Tier3
66,41865.95,42,5,78,48.24,25.66,41,2181,9.93,UPI,Tier3
56,43489.4,42,4,21,51.14,99.56,117,9727,8.99,Debit Card,Tier1
31,63865.21,59,5,63,36.3,72.52,17,1137,7.46,Cash,Tier2
38,48018.41,38,9,15,41.82,86.82,87,762,3.73,UPI,Tier3
47,45529.37,31,12,9,42.41,,40,9718,9.67,Credit Card,Tier3
38,67311.67,29,3,29,66.26,74.91,45,4869,7.7,Credit Card,Tier2
66,31888.55,9,10,52,30.77,4.86,32,9761,7.09,UPI,Tier1
26,42824.83,1,3,14,62.93,99.66,32,6917,8.76,UPI,Tier1
34,,80,9,14,42.72,2.15,107,2517,5.97,Debit Card,Tier3
22,75108.45,87,7,18,39.15,22.81,102,9288,5.34,Credit Card,Tier3
48,48575.61,72,4,32,48.15,51.02,29,9487,1.24,UPI,Tier3
69,74200.73,47,11,38,34.78,30.62,61,6739,6.0,UPI,Tier2
57,77481.27,76,8,55,68.55,94.24,4,3810,7.79,Cash,Tier1
55,86877.12,10,12,54,40.67,57.95,75,9250,1.59,Debit Card,Tier1
60,62202.57,16,8,37,65.54,37.61,51,3970,9.2,Credit Card,Tier2
36,86482.95,47,10,32,32.97,51.85,24,209,7.62,Debit Card,Tier1
53,20154.18,43,15,33,32.06,26.1,25,7362,6.78,Cash,Tier1
67,41761.22,24,11,63,20.71,70.42,9,9725,8.93,UPI,Tier1
50,,8,13,45,29.64,91.4,95,645,3.07,Credit Card,Tier2
30,72251.94,75,11,9,38.21,80.04,61,2691,6.07,Credit Card,Tier2
31,44940.79,26,9,65,58.14,11.57,30,277,5.94,Credit Card,Tier2
50,70707.24,7,11,46,14.68,69.04,17,9892,2.06,Cash,Tier3
46,,79,6,17,54.39,,60,2622,4.75,Debit Card,Tier2
60,58906.9,15,7,34,28.15,3.8,10,8643,8.7,UPI,Tier1
66,87545.02,48,14,30,42.63,39.0,19,2403,8.75,Cash,Tier1
53,84996.62,3,8,9,29.5,45.45,38,3319,8.6,Credit Card,Tier1
61,43064.67,16,7,74,49.17,2.12,97,4913,1.78,Credit Card,Tier2
27,41740.47,79,4,41,31.14,84.42,28,1122,3.65,UPI,Tier2
48,,89,4,54,65.22,94.26,8,4448,7.22,Cash,Tier3
23,,97,8,46,43.46,47.14,86,7968,1.2,Credit Card,Tier2
18,50526.23,14,11,49,61.17,7.03,68,4507,3.44,UPI,Tier3
24,87894.13,88,9,65,9.2,65.44,116,2350,3.86,UPI,Tier3
44,72642.58,75,8,22,46.14,8.84,93,8914,8.86,UPI,Tier1
38,73933.87,3,8,5,56.74,85.85,55,9577,9.92,Debit Card,Tier1
45,37136.15,73,6,51,32.88,,83,8898,4.73,Debit Card,Tier3
33,90680.4,70,3,52,40.56,96.66,103,3783,6.69,Credit Card,Tier1
63,10000.0,31,6,64,33.49,5.1,118,292,6.02,Credit Card,Tier2
40,83349.22,80,8,14,41.79,16.7,105,3656,9.75,UPI,Tier2
69,85554.86,75,6,70,71.7,59.76,84,415,9.15,Cash,Tier2
37,55487.17,17,6,57,68.51,24.58,62,8044,5.33,Cash,Tier1
55,93004.02,49,9,69,59.59,39.57,41,5502,6.66,Cash,Tier1
42,63611.85,3,8,69,60.75,43.41,32,4767,1.19,Debit Card,Tier3
45,66373.5,83,12,34,50.5,51.58,56,2129,4.87,Cash,Tier1
22,72469.63,88,6,11,48.17,73.73,99,6130,5.32,UPI,Tier3
38,135104.65,55,9,59,49.34,27.61,44,5266,1.13,Cash,Tier1
35,94577.55,72,7,67,40.92,71.36,65,1857,2.28,Debit Card,Tier2
64,80424.89,40,6,67,42.94,74.24,9,171,5.88,UPI,Tier3
23,44918.3,66,5,77,61.38,38.91,32,2235,7.9,Credit Card,Tier1
46,68158.98,87,10,77,45.51,57.07,80,2561,9.15,Debit Card,Tier2
36,47111.27,40,5,77,78.85,49.17,20,4598,1.77,Cash,Tier1
50,83086.44,30,17,70,54.21,94.16,118,5083,4.77,Cash,Tier3
18,68090.27,25,6,8,52.64,56.83,81,4402,7.4,Cash,Tier1
62,40260.52,7,10,66,41.3,8.08,59,7375,7.7,UPI,Tier1
20,66784.74,92,12,43,36.4,59.0,67,5477,1.71,Debit Card,Tier3
59,46312.82,50,5,67,25.73,25.33,114,272,4.16,Cash,Tier2
38,68326.76,81,8,77,,31.16,62,7549,1.98,Cash,Tier2
52,46100.3,96,10,33,43.97,42.53,53,5267,6.23,Debit Card,Tier3
58,65604.73,1,12,41,39.79,9.81,6,1772,5.82,UPI,Tier3
57,81510.34,91,5,22,38.13,2.15,91,6822,1.05,Cash,Tier2
20,63832.86,44,8,15,42.84,17.2,21,7180,4.45,Cash,Tier3
42,56400.46,49,7,78,55.15,35.91,35,3887,3.46,UPI,Tier2
62,69472.08,7,11,36,28.69,61.68,2,7036,8.33,UPI,Tier1
55,80338.02,3,5,42,61.1,25.69,1,2937,9.3,Debit Card,Tier1
62,,94,11,49,36.19,83.82,103,2224,4.47,Cash,Tier3
37,70734.44,1,5,9,45.58,56.68,36,2526,3.16,UPI,Tier2
69,93985.9,51,10,71,21.91,77.1,92,8705,8.1,UPI,Tier1
61,77620.45,98,10,79,43.98,57.19,55,3807,9.83,Credit Card,Tier2
62,66270.59,38,7,44,65.16,30.24,66,1413,3.89,Cash,Tier3
51,316296.92,43,40,27,54.64,31.46,109,8213,1.45,Debit Card,Tier1
38,74954.92,55,2,37,32.87,5.19,76,1085,7.53,Debit Card,Tier1
65,81579.22,57,6,26,69.55,49.01,38,4511,7.58,Credit Card,Tier2
40,20473.5,53,5,50,65.4,71.87,8,8679,4.0,Credit Card,Tier1
23,30823.97,33,4,13,25.52,88.1,86,5567,6.07,Cash,Tier1
68,87106.24,80,2,9,32.83,98.89,17,7012,1.74,Cash,Tier2
30,31883.86,62,5,65,36.16,5.4,68,8306,7.07,Debit Card,Tier2
66,73833.85,11,9,48,41.58,73.9,15,3812,7.39,Debit Card,Tier1
40,57254.91,72,10,67,24.18,57.41,80,6826,2.84,UPI,Tier3
26,43083.84,52,7,8,40.33,29.81,57,1975,8.14,Credit Card,Tier3
34,72692.29,1,9,30,34.52,61.92,94,4868,1.29,Credit Card,Tier2
19,69422.74,14,6,53,64.68,4.8,32,8193,8.34,Debit Card,Tier2
36,111427.54,94,8,12,67.14,92.5,87,8380,8.79,Cash,Tier3
36,51254.15,85,10,32,49.93,37.9,16,7809,1.54,UPI,Tier1
24,96682.42,21,9,32,26.89,48.93,94,7482,8.96,Credit Card,Tier3
59,72753.3,34,5,57,30.13,20.17,13,9183,7.56,Cash,Tier3
59,50457.52,90,8,66,77.94,68.58,34,3313,4.0,Debit Card,Tier1
37,82583.42,14,4,58,68.67,86.59,63,1686,1.26,Debit Card,Tier2
26,77446.25,40,13,30,21.9,36.19,112,5935,9.51,Cash,Tier1
34,65788.55,35,4,49,29.89,59.2,58,8388,4.42,Debit Card,Tier3
44,70858.5,42,8,11,54.16,80.09,45,379,6.89,Credit Card,Tier1
64,51866.29,82,8,14,,,25,367,3.22,Credit Card,Tier3
19,,20,10,12,55.27,78.99,20,6925,9.5,Credit Card,Tier2
53,81707.73,60,7,20,31.01,73.02,70,3904,2.74,Credit Card,Tier2
36,,9,5,11,46.76,56.67,89,9221,2.8,Cash,Tier2
34,63238.17,33,7,77,48.44,93.3,38,4850,8.86,UPI,Tier3
22,71156.08,49,7,19,53.68,58.64,95,2892,1.8,UPI,Tier2
56,70836.34,68,10,44,54.18,76.69,32,3799,8.63,Credit Card,Tier2
35,33554.82,4,6,63,28.11,33.98,71,3397,2.44,Cash,Tier3
24,93297.55,48,5,78,40.25,20.12,60,4127,7.27,Debit Card,Tier1
34,67666.01,16,8,70,41.88,38.62,81,531,4.36,Debit Card,Tier1
56,60541.63,47,7,66,34.55,70.27,35,4085,4.11,Debit Card,Tier3
53,74478.61,26,6,52,28.23,67.14,36,8208,7.81,Credit Card,Tier3
57,70203.93,70,11,45,51.45,17.4,107,5428,7.43,UPI,Tier3
62,81875.38,37,3,23,49.88,14.61,103,4894,4.21,Debit Card,Tier1
21,76835.64,22,8,7,30.13,28.0,59,6971,2.24,UPI,Tier2
55,80792.62,7,6,49,62.15,0.66,96,3345,4.27,Cash,Tier2
42,94721.87,42,4,22,59.72,60.67,61,2079,6.81,UPI,Tier2
22,84439.74,30,9,53,42.66,91.87,103,9840,1.01,Credit Card,Tier1
47,61469.3,74,8,73,54.22,16.73,12,8421,8.72,Cash,Tier3
29,40296.17,79,11,74,64.36,20.14,40,7337,9.55,Credit Card,Tier3
21,101691.55,6,9,69,34.85,65.5,23,5245,8.9,Debit Card,Tier3
41,59770.09,24,6,46,32.14,44.89,104,7037,6.82,Cash,Tier1
46,54591.64,66,8,10,66.33,73.31,16,2909,5.11,Credit Card,Tier2
26,26792.01,40,8,56,47.07,23.39,100,4206,1.7,Credit Card,Tier2
21,72446.41,15,4,78,38.05,13.56,47,8540,7.5,Credit Card,Tier3
68,68275.51,53,9,14,58.9,95.1,95,4333,4.57,Cash,Tier2
41,31667.47,85,4,36,48.73,94.42,35,1675,3.6,Cash,Tier3
31,74972.03,82,8,29,52.94,84.08,115,5681,3.97,Debit Card,Tier2
22,54039.78,5,9,31,41.12,77.44,81,1656,1.26,UPI,Tier3
35,124186.93,89,2,27,23.73,35.2,110,6898,5.91,Debit Card,Tier3
59,52474.05,36,9,21,50.47,11.21,5,6270,7.86,Debit Card,Tier2
36,55425.75,74,11,61,25.97,46.87,59,1060,8.39,UPI,Tier3
29,45754.92,46,11,39,38.16,23.31,115,4000,8.43,Credit Card,Tier1
35,93113.28,23,5,30,18.55,23.87,107,9355,1.65,Debit Card,Tier2
34,56798.93,88,11,13,7.36,71.44,35,3347,9.38,UPI,Tier2
47,49051.89,45,9,8,55.02,16.29,4,9018,8.76,UPI,Tier2
41,80553.01,10,8,21,,78.21,68,776,2.02,Cash,Tier1
28,,54,9,12,64.24,59.72,90,1751,1.7,Debit Card,Tier1
52,78752.43,70,12,39,78.62,32.08,81,4234,8.84,UPI,Tier1
40,104190.79,77,4,17,32.52,11.06,88,6650,9.42,UPI,Tier2
34,77465.37,85,7,8,51.74,38.22,33,9042,5.81,Credit Card,Tier1
18,79033.76,32,10,61,57.32,82.27,67,1607,4.96,Credit Card,Tier1
32,84141.32,43,8,28,47.58,54.36,113,1616,7.31,Cash,Tier3
49,102613.58,15,9,43,53.83,99.5,12,5036,7.31,UPI,Tier1
26,91617.67,66,10,46,50.95,65.86,43,6607,7.18,Cash,Tier2
32,74672.73,15,6,74,32.08,58.96,16,6098,9.02,Credit Card,Tier3
45,84885.61,81,8,62,21.66,10.78,20,7370,6.28,UPI,Tier1
41,45509.43,20,6,16,48.41,36.89,63,6090,3.2,Cash,Tier1
52,82078.46,50,8,33,52.7,72.08,80,403,7.95,Debit Card,Tier3
39,42877.77,6,7,36,28.13,65.79,98,2608,6.53,Cash,Tier1
44,56925.51,79,10,53,90.23,76.66,63,3772,7.06,UPI,Tier2
36,10000.0,17,12,13,22.31,87.8,5,5538,5.98,UPI,Tier3
62,73831.45,26,8,7,50.19,85.79,8,7212,6.05,UPI,Tier2
29,50834.82,22,9,66,33.97,11.02,18,2581,5.28,Debit Card,Tier3
37,89445.19,73,12,14,50.33,29.61,22,8803,3.89,UPI,Tier2
18,73584.24,64,10,48,35.25,93.03,31,4696,2.96,Cash,Tier2
38,89730.11,76,8,20,56.39,46.94,27,9595,2.63,Debit Card,Tier3
66,41160.88,86,9,55,52.77,58.09,111,1724,9.53,Credit Card,Tier2
62,87844.49,58,5,55,54.99,92.56,15,9216,9.56,UPI,Tier2
18,111328.84,87,8,19,32.86,42.44,41,8217,9.32,Debit Card,Tier1
27,,37,9,14,37.44,92.99,97,5087,9.14,Credit Card,Tier1
64,82387.68,78,10,42,22.71,,40,7287,1.91,UPI,Tier1
49,68731.15,88,8,52,32.95,40.37,116,2881,4.58,Debit Card,Tier1
56,53457.29,72,6,27,53.8,70.83,60,4342,9.12,UPI,Tier3
39,81746.23,90,11,41,45.41,99.7,83,9485,2.99,Debit Card,Tier3
35,31866.18,96,13,77,,35.67,5,2954,9.25,Debit Card,Tier2
65,55809.39,28,8,37,42.78,24.97,62,2304,9.77,UPI,Tier1
63,26036.75,96,3,39,34.99,53.54,78,5946,9.36,Cash,Tier1
49,49519.56,86,8,22,62.19,39.18,30,9861,5.53,Credit Card,Tier2
44,79124.99,49,6,13,27.13,80.66,102,936,6.55,Cash,Tier1
45,76118.65,73,11,18,60.27,66.11,4,6584,9.29,Debit Card,Tier2
35,66120.1,67,5,45,61.6,72.3,84,5337,7.14,Debit Card,Tier2
56,68748.82,89,8,66,28.22,40.09,32,3796,9.55,Debit Card,Tier2
66,23510.98,76,11,67,41.9,51.57,108,4614,6.04,UPI,Tier1
46,56803.63,93,16,73,45.27,17.48,61,9570,6.65,Credit Card,Tier1
35,50010.26,67,6,65,65.56,22.24,83,8583,4.56,UPI,Tier2
61,50500.69,41,8,10,65.83,57.97,106,2659,3.22,Credit Card,Tier3
25,78190.73,46,9,33,59.08,45.92,72,9171,1.16,Credit Card,Tier2
48,46068.84,87,10,63,46.88,64.71,88,5140,3.35,Cash,Tier1
51,,87,4,38,41.87,88.46,79,6020,4.27,Credit Card,Tier1
24,19084.48,55,6,43,66.98,74.52,88,7821,7.27,Debit Card,Tier2
53,58529.29,82,7,50,74.06,82.97,32,8368,4.83,Debit Card,Tier3
35,41067.57,11,12,62,51.93,87.62,113,8366,2.73,Credit Card,Tier1
55,66742.46,26,10,69,34.33,60.83,102,1376,3.7,Credit Card,Tier3
26,,72,7,30,54.34,95.85,108,1856,4.19,Credit Card,Tier3
26,67299.93,92,2,24,66.18,81.55,53,9688,3.66,Debit Card,Tier1
63,61816.91,82,9,76,29.51,,97,5243,1.91,Cash,Tier1
25,101784.92,13,4,65,67.47,8.08,55,7746,3.64,Credit Card,Tier3
68,75938.8,36,12,56,12.38,71.45,112,5525,4.22,UPI,Tier3
52,24527.97,64,11,53,40.18,69.57,72,2980,9.12,Debit Card,Tier2
35,37172.45,51,6,32,47.55,33.22,57,7511,1.79,Credit Card,Tier1
22,66214.58,76,7,59,51.97,34.78,60,5959,1.1,Cash,Tier1
31,44543.35,22,9,48,42.1,70.26,86,7680,7.51,UPI,Tier2
45,10000.0,60,13,49,5.6,72.95,110,7566,4.05,Credit Card,Tier3
47,94690.02,2,6,77,22.37,61.29,53,8199,8.77,Debit Card,Tier2
21,80844.93,56,7,71,55.42,23.11,72,5730,3.35,Cash,Tier1
56,76461.49,40,8,63,46.8,83.22,47,6480,3.74,Cash,Tier2
37,51638.89,28,8,66,37.41,96.03,44,4335,8.98,UPI,Tier3
42,74408.89,77,2,44,24.0,32.05,90,1087,5.22,Cash,Tier1
45,,97,14,37,51.53,93.47,80,1665,1.04,Credit Card,Tier1
29,69506.86,3,9,72,61.39,29.4,65,7448,3.34,UPI,Tier3
19,,63,9,62,46.12,18.23,60,6272,7.63,Debit Card,Tier3
60,,98,4,49,27.83,42.13,102,8475,7.13,Credit Card,Tier1
31,,23,12,76,30.16,43.35,69,3125,9.75,Cash,Tier1
39,92110.24,55,2,32,42.34,86.03,119,3369,9.6,Debit Card,Tier2
48,65856.15,32,17,41,36.94,60.18,1,6639,8.27,Cash,Tier2
40,,84,7,27,44.52,4.58,91,6022,7.98,Credit Card,Tier2
65,68674.06,28,12,72,55.35,35.02,10,4171,4.87,UPI,Tier3
37,81133.66,8,4,76,45.7,3.12,98,9047,2.17,Credit Card,Tier3
55,95068.43,3,7,23,25.36,7.53,65,9881,9.14,Cash,Tier2
21,71889.15,94,4,37,29.2,66.34,86,7393,8.44,UPI,Tier2
32,45404.69,89,8,63,37.42,19.99,21,3368,6.16,Debit Card,Tier2
41,66223.86,53,2,74,53.19,54.36,34,9815,9.6,Cash,Tier1
42,104969.45,94,9,75,51.2,,17,1706,9.38,Cash,Tier3
18,94648.92,29,13,21,43.31,8.9,11,1921,6.77,UPI,Tier1
24,84992.8,94,15,27,64.55,91.26,25,6011,4.6,Credit Card,Tier2
48,82505.11,98,9,71,62.02,36.31,1,2447,8.04,Debit Card,Tier3
29,80387.9,89,8,49,33.42,92.03,23,2353,7.66,Debit Card,Tier3
59,90492.61,81,9,41,46.85,42.09,57,3165,7.62,Cash,Tier2
22,54954.17,59,9,36,59.83,93.38,67,5333,3.79,UPI,Tier3
61,35188.11,24,7,71,53.95,54.86,25,1754,6.06,Credit Card,Tier2
67,66518.08,38,13,10,36.47,51.68,81,6889,2.82,Cash,Tier1
59,,28,11,62,50.03,39.08,29,3597,9.25,Credit Card,Tier2
55,41789.54,97,9,68,27.83,85.92,66,9673,5.23,UPI,Tier2
29,49153.87,62,7,78,46.49,63.27,101,8029,9.66,Cash,Tier1
56,119676.91,51,5,23,26.53,4.85,109,5983,9.22,UPI,Tier2
35,67994.74,7,9,65,45.1,82.27,107,1157,8.55,Cash,Tier1
19,72961.97,23,7,56,39.52,43.21,70,5924,6.25,Debit Card,Tier2
27,38108.02,46,9,78,9.81,70.88,53,6280,7.23,Cash,Tier1
32,24437.43,90,5,57,15.78,43.83,15,8799,6.53,Cash,Tier3
47,46980.84,78,18,77,76.63,,54,5068,1.71,Credit Card,Tier1
61,96640.3,28,6,38,44.8,94.55,91,2483,6.44,Credit Card,Tier1
34,72354.06,24,10,28,22.99,53.92,63,3674,2.55,UPI,Tier2
21,78169.09,7,15,9,53.85,7.43,117,5345,6.99,UPI,Tier3
24,81248.45,79,11,67,51.72,75.77,119,5111,7.66,Cash,Tier3
58,51990.31,49,7,29,25.24,34.42,97,276,6.53,Cash,Tier3
48,95535.24,3,8,66,35.45,67.85,8,1980,9.84,Credit Card,Tier3
68,51078.23,2,10,76,37.72,15.38,47,3911,3.19,Credit Card,Tier3
56,95937.11,7,12,67,38.81,56.6,66,411,7.0,Debit Card,Tier3
51,74730.65,80,11,24,62.92,34.98,117,6313,4.31,UPI,Tier3
23,25641.01,21,6,52,39.49,31.84,79,8012,3.53,Debit Card,Tier2
67,48543.79,9,8,14,52.67,33.73,55,9867,4.73,Credit Card,Tier2
55,25731.35,12,9,60,49.03,75.6,98,2721,9.96,Cash,Tier2
62,90592.21,93,8,66,54.02,74.34,83,4364,7.03,Credit Card,Tier2
68,64455.82,24,9,32,39.0,31.85,65,6347,6.88,UPI,Tier2
51,15976.47,33,14,33,45.26,18.39,118,4109,4.92,Debit Card,Tier2
61,73266.43,78,6,30,78.95,17.65,14,3148,4.47,Debit Card,Tier2
32,,43,10,21,54.13,46.31,35,6856,5.18,Debit Card,Tier3
31,32356.27,82,9,50,70.43,62.0,88,4819,7.08,UPI,Tier1
23,101915.25,5,13,50,38.16,36.37,48,6724,3.54,Credit Card,Tier1
67,67360.29,79,4,76,52.09,4.87,57,756,3.83,Credit Card,Tier1
54,58544.51,71,12,46,69.32,45.9,29,9050,8.59,UPI,Tier3
67,56212.65,89,6,51,36.48,65.98,55,9837,8.06,Debit Card,Tier3
49,31707.85,14,13,26,31.4,57.56,39,8449,8.34,Cash,Tier2
20,36299.92,36,6,52,59.06,31.27,48,912,8.31,Debit Card,Tier1
20,,35,8,36,21.13,,37,3111,4.51,Credit Card,Tier3
39,54574.58,50,10,58,39.35,12.69,104,367,5.55,Debit Card,Tier3
39,65485.49,88,4,63,47.05,38.9,112,9506,1.22,Debit Card,Tier1
27,20024.73,79,6,21,45.62,18.36,78,5824,6.21,Credit Card,Tier1
68,36001.98,11,12,73,91.96,,41,8250,2.47,Credit Card,Tier1
20,78415.88,24,6,42,35.07,39.46,20,5336,4.27,Cash,Tier1
29,73309.66,75,5,10,54.31,47.84,46,657,8.81,Credit Card,Tier3
46,103574.25,44,8,13,47.05,24.22,64,8823,4.28,Cash,Tier1
65,94545.04,51,12,70,47.61,71.14,59,3597,5.34,Credit Card,Tier2
34,59924.36,17,11,24,58.6,66.72,60,3549,3.87,UPI,Tier3
24,75404.98,70,6,7,70.09,19.4,76,6003,8.35,UPI,Tier3
30,58034.72,85,10,65,26.81,10.31,48,8440,3.25,UPI,Tier2
19,110205.82,8,8,30,53.68,12.1,118,7167,1.05,Debit Card,Tier3
21,90278.32,79,4,65,34.75,47.73,34,1525,2.44,Cash,Tier1
27,,96,7,5,52.47,97.54,64,5561,9.46,Debit Card,Tier3
56,69408.69,74,7,34,26.74,84.54,30,192,3.29,Cash,Tier3
41,96786.71,28,8,23,55.46,,34,4987,2.75,Debit Card,Tier3
34,77750.71,79,12,62,48.26,67.3,55,6015,5.13,Cash,Tier3
69,99289.82,12,9,64,51.28,43.57,87,5357,3.21,UPI,Tier2
23,16739.75,43,7,27,56.64,98.64,17,9741,4.53,Credit Card,Tier3
36,75147.02,82,8,57,56.71,38.48,86,5004,2.6,Debit Card,Tier2
22,53660.43,37,10,23,47.74,97.13,73,8420,8.89,Credit Card,Tier1
49,103640.32,88,16,43,65.85,,83,6708,2.5,Debit Card,Tier1
27,99020.77,63,11,32,46.12,39.89,21,7041,2.35,UPI,Tier1
26,65722.39,93,8,7,45.46,,49,8262,8.07,Debit Card,Tier2
44,98783.88,63,8,23,27.57,60.73,43,2996,7.06,Cash,Tier3
30,104228.52,10,10,28,10.5,67.92,53,7881,5.06,Debit Card,Tier2
36,66636.95,78,7,60,32.17,15.39,23,5649,4.78,Credit Card,Tier2
38,119382.54,80,6,12,37.37,,62,3744,2.67,UPI,Tier1
41,64310.49,37,5,55,38.47,33.87,112,7903,8.47,Cash,Tier2
55,60280.54,11,10,64,46.21,19.25,62,1441,7.25,Cash,Tier3
21,84049.2,90,4,65,59.99,81.67,2,6564,6.42,Credit Card,Tier3
41,57216.6,19,5,75,42.32,84.72,96,9971,2.74,Debit Card,Tier1
52,66877.48,52,5,31,38.86,86.24,62,2312,7.97,Cash,Tier1
20,96007.56,18,9,41,50.73,88.11,19,9431,4.82,UPI,Tier1
21,65422.81,94,6,55,20.79,82.29,70,3690,7.83,Debit Card,Tier1
54,,32,8,39,30.88,27.37,44,1228,9.1,UPI,Tier1
57,73081.03,23,4,49,32.47,59.84,87,4811,5.5,UPI,Tier2
65,49681.54,12,10,7,30.36,44.03,71,9032,7.75,Debit Card,Tier2
52,84035.97,58,12,70,42.22,41.49,116,1885,3.39,Cash,Tier3
48,80316.17,77,6,7,61.16,64.26,76,4203,4.22,UPI,Tier1
61,97370.81,21,16,41,33.68,74.37,96,9973,8.24,UPI,Tier3
42,84965.71,21,8,15,61.16,66.96,114,3456,1.28,Debit Card,Tier1
57,355941.48,93,30,5,40.28,36.47,53,3889,7.95,Debit Card,Tier3
30,50279.87,93,8,23,38.72,92.29,95,2367,4.06,Debit Card,Tier3
21,82687.7,91,13,56,18.3,23.8,102,9199,9.88,Debit Card,Tier3
63,108305.93,29,6,32,59.5,5.13,40,1295,9.39,UPI,Tier1
31,49849.7,79,7,78,11.85,7.22,32,3560,5.82,Debit Card,Tier2
30,104594.24,47,8,41,53.18,4.08,75,5026,1.76,Debit Card,Tier2
44,52914.3,12,6,23,31.52,95.14,55,7359,7.4,UPI,Tier2
23,46256.63,58,12,64,38.49,27.11,111,545,1.85,Debit Card,Tier2
34,,41,5,5,65.33,62.62,44,3648,1.99,Debit Card,Tier2
53,80750.03,19,7,16,37.63,73.29,92,8753,4.1,Credit Card,Tier2
57,85058.5,12,8,47,68.85,92.75,2,6435,7.8,Cash,Tier1
66,43841.23,23,7,59,57.81,64.93,29,4303,3.25,Credit Card,Tier1
52,74559.88,5,4,47,54.07,17.32,96,4767,9.28,Credit Card,Tier3
34,49917.8,26,9,75,29.77,34.04,71,3963,4.82,Debit Card,Tier3
58,32243.71,63,7,34,66.36,3.9,29,1122,7.73,Credit Card,Tier2
19,44567.8,52,1,12,42.47,23.5,55,8777,2.72,Debit Card,Tier1
30,48480.19,10,4,16,34.34,22.19,5,1279,3.95,Credit Card,Tier3
69,76475.09,86,12,68,58.96,27.45,93,9347,4.75,UPI,Tier2
19,90348.7,39,12,77,36.67,89.29,101,7218,2.9,Credit Card,Tier3
69,32589.45,23,5,36,37.5,59.25,2,9342,9.19,UPI,Tier1
45,72743.14,11,5,21,58.21,69.31,118,8491,9.01,UPI,Tier2
60,39112.64,92,3,44,11.09,63.81,113,6482,4.64,UPI,Tier1
43,78839.88,95,7,48,45.15,5.52,103,8237,9.68,Cash,Tier3
39,51299.93,72,10,8,46.29,51.69,93,5622,1.96,Credit Card,Tier3
64,41870.76,48,7,61,50.78,64.51,42,422,1.04,Debit Card,Tier2
60,82592.62,92,5,42,46.76,,21,7283,8.2,Cash,Tier2
20,52087.7,16,4,70,61.55,90.8,104,878,2.94,Credit Card,Tier1
52,58048.79,46,13,53,34.2,,12,4330,7.87,Cash,Tier1
29,16160.24,47,9,62,27.83,18.73,26,4749,7.56,Debit Card,Tier1
41,85824.13,95,12,13,11.1,47.37,96,3510,9.28,Credit Card,Tier3
22,83059.99,48,8,28,68.19,41.37,20,6191,3.13,Cash,Tier3
37,65120.07,80,8,11,62.2,75.91,5,5700,9.62,Credit Card,Tier1
56,31393.22,69,8,60,53.37,36.53,68,7594,1.8,Cash,Tier2
56,91606.12,99,6,60,,97.79,41,8850,8.54,Credit Card,Tier1
30,50342.21,25,10,24,51.13,64.04,74,1969,4.59,Credit Card,Tier3
58,55026.22,77,6,40,47.23,22.59,12,1811,1.29,Debit Card,Tier2
62,115864.97,93,9,49,37.69,37.7,64,3976,4.42,Cash,Tier2
29,,91,11,44,35.17,66.36,51,125,8.66,Credit Card,Tier1
30,81328.62,81,9,48,,61.07,97,8331,6.24,UPI,Tier3
27,77366.03,37,8,27,65.96,73.29,46,3417,1.03,Cash,Tier3
50,73583.79,63,6,73,13.78,42.28,69,5041,6.68,Credit Card,Tier2
57,71204.01,29,13,13,50.91,75.55,75,4192,1.88,Cash,Tier2
33,73280.55,58,11,46,62.9,40.92,101,8635,4.99,UPI,Tier2
62,70982.69,98,10,38,35.62,14.86,30,1355,2.37,UPI,Tier3
52,63857.8,94,10,63,31.72,11.38,27,9941,6.89,Credit Card,Tier3
20,98248.23,31,5,69,38.93,96.14,113,5597,9.54,Debit Card,Tier2
22,36121.47,86,9,71,21.15,5.03,94,7294,1.21,Credit Card,Tier1
43,87472.08,89,6,78,41.16,67.88,107,1279,1.65,Credit Card,Tier2
28,83091.53,68,11,13,72.23,96.25,46,645,7.98,Credit Card,Tier3
24,80364.78,99,13,32,40.69,42.52,77,915,1.89,Debit Card,Tier2
27,89573.55,41,14,15,46.69,72.41,25,2620,9.15,Debit Card,Tier3
59,62962.81,50,11,20,59.03,46.69,79,834,8.74,Cash,Tier2
69,23882.57,44,5,27,36.9,93.39,117,3962,9.99,Debit Card,Tier3
51,63409.56,9,7,39,64.4,42.03,111,7070,2.94,Credit Card,Tier2
20,172774.92,59,60,79,62.43,15.77,66,3955,7.89,Debit Card,Tier3
25,48899.1,90,10,28,50.25,35.85,106,9045,7.0,Cash,Tier3
48,37666.77,91,7,39,29.77,92.1,75,1159,4.85,Cash,Tier3
28,54498.41,27,11,25,42.21,58.91,1,4094,4.43,Debit Card,Tier3
62,51874.28,82,2,31,,27.38,22,8049,7.75,Cash,Tier1
24,12693.46,94,4,49,45.26,46.21,65,4717,4.27,Debit Card,Tier2
62,80404.88,59,9,5,36.64,55.57,44,5287,1.28,UPI,Tier3
19,113847.08,95,4,31,40.43,3.52,99,1663,6.06,Debit Card,Tier3
23,78337.22,3,7,49,69.27,74.66,57,5740,8.94,Debit Card,Tier3
58,60535.67,93,12,41,61.63,11.26,54,1158,1.37,Cash,Tier2
49,63795.58,7,5,30,37.42,94.16,110,9847,3.22,Credit Card,Tier1
37,55738.31,82,3,54,45.32,54.9,10,470,2.14,Credit Card,Tier1
51,66980.91,16,8,42,56.02,4.65,32,8864,3.03,Debit Card,Tier1
67,64185.82,49,8,15,66.44,59.07,58,5714,1.86,Debit Card,Tier1
33,46496.93,32,5,79,61.73,31.31,77,657,8.81,Debit Card,Tier3
42,102023.54,89,14,73,17.51,92.73,6,7805,2.76,Credit Card,Tier1
29,32282.61,44,6,9,20.6,40.85,98,9688,2.98,Cash,Tier3
24,80803.29,96,7,18,16.73,37.4,9,7884,6.14,Credit Card,Tier2
56,62773.65,19,6,37,48.86,90.5,84,1989,7.3,Cash,Tier3
34,106818.3,3,4,56,54.1,46.78,9,1050,8.32,Debit Card,Tier1
62,72499.02,60,9,28,30.3,77.2,31,2075,8.61,UPI,Tier2
28,57082.08,35,8,9,56.62,56.53,84,7589,1.98,Cash,Tier2
23,59550.44,29,8,46,44.82,57.97,43,2937,3.09,Credit Card,Tier2
40,65877.95,75,7,50,38.88,1.6,68,2938,1.99,Debit Card,Tier3
44,39858.6,70,16,35,24.86,25.13,38,2262,8.36,Credit Card,Tier2
63,48128.87,83,9,55,37.31,45.35,39,7023,5.35,Cash,Tier2
23,25731.23,45,8,39,40.63,26.29,93,5999,7.37,Cash,Tier3
55,44694.51,27,6,21,45.78,51.57,38,9563,5.75,Debit Card,Tier1
19,67065.94,69,11,65,43.55,91.87,81,360,2.75,Credit Card,Tier3
39,71603.85,90,4,40,44.89,68.25,40,1747,2.63,Cash,Tier1
37,21454.75,35,10,43,50.38,,81,6039,1.74,Credit Card,Tier1
42,61981.34,19,7,75,31.1,57.42,103,5785,5.63,Credit Card,Tier2
32,77395.02,17,6,18,56.19,45.56,34,1785,1.8,Debit Card,Tier2
66,61415.93,35,9,60,37.45,72.13,103,5329,4.16,Debit Card,Tier3
46,51056.65,77,11,35,18.75,92.72,99,5377,6.1,Credit Card,Tier2
25,55932.45,78,7,55,30.12,11.12,44,3386,8.26,UPI,Tier2
54,53103.21,30,8,67,,90.96,43,1843,9.47,Debit Card,Tier3
66,50991.93,48,8,30,50.18,30.24,36,5455,3.17,Debit Card,Tier1
69,68824.12,57,6,18,20.51,96.14,22,5900,4.18,Cash,Tier2
50,,17,11,45,64.4,85.9,21,880,3.52,Cash,Tier2
39,48638.6,15,8,17,30.42,59.57,18,195,1.59,Cash,Tier2
67,58000.86,82,5,78,21.57,2.69,47,3525,6.2,Debit Card,Tier2
64,63862.65,14,6,12,23.77,35.06,14,728,7.89,Debit Card,Tier2
22,49878.2,14,6,35,39.9,36.35,112,847,8.94,UPI,Tier2
56,89161.19,45,7,69,56.58,22.81,28,929,5.35,Credit Card,Tier2
35,12840.52,97,8,39,50.82,73.18,62,6924,2.85,Credit Card,Tier3
55,,38,8,48,51.83,93.71,18,3387,8.44,Credit Card,Tier3
54,83002.9,63,10,61,29.95,50.9,97,2656,7.42,Credit Card,Tier2
47,58529.93,75,7,35,61.61,94.73,28,3171,7.85,Debit Card,Tier2
68,46941.54,11,11,33,35.21,52.45,83,9037,1.94,Debit Card,Tier2
48,74696.65,48,9,63,45.55,55.25,34,3463,5.23,UPI,Tier3
27,84939.55,26,4,16,64.62,12.97,79,6423,1.11,Debit Card,Tier3
32,69633.98,67,11,9,44.23,49.85,79,1105,9.42,Credit Card,Tier2
59,47373.15,25,9,75,,88.57,20,4273,5.37,Debit Card,Tier2
65,75036.47,81,8,30,73.64,62.49,37,2970,2.11,Credit Card,Tier1
61,56154.92,61,7,20,48.37,65.07,92,8020,6.45,UPI,Tier2
35,81394.11,86,6,75,44.66,25.61,36,9983,8.29,Cash,Tier1
40,97631.7,93,10,23,21.36,31.68,113,7089,2.75,Debit Card,Tier1
50,10000.0,26,8,9,30.17,,50,2825,7.18,Credit Card,Tier1
33,67443.48,34,13,77,53.42,89.36,77,7820,2.07,UPI,Tier1
55,26813.85,90,4,26,42.99,81.94,51,7321,6.91,Debit Card,Tier2
52,118719.35,9,7,29,47.67,97.95,71,2575,7.31,UPI,Tier2
51,54701.26,40,12,6,36.17,64.0,85,8797,6.42,Credit Card,Tier2
45,81420.21,75,13,52,45.86,86.84,18,6023,9.34,UPI,Tier3
19,64223.03,7,8,18,61.03,42.97,64,1217,5.1,Cash,Tier1
47,47332.14,30,13,70,23.7,27.52,74,3708,5.37,Debit Card,Tier3
30,44714.83,66,8,56,26.01,1.77,62,4674,2.26,Debit Card,Tier3
58,99884.94,30,6,22,45.93,15.65,103,8203,4.68,Cash,Tier2
33,86030.64,68,7,15,33.84,52.27,67,3658,7.9,Credit Card,Tier3
22,107758.85,58,6,44,53.37,92.91,87,441,1.14,Credit Card,Tier1
45,,55,7,19,55.65,16.72,70,4529,3.31,Credit Card,Tier1
56,71334.23,14,13,41,57.58,0.39,59,7680,4.11,Cash,Tier1
62,59121.79,77,11,59,40.21,82.78,102,4109,9.98,Cash,Tier2
37,58684.19,89,12,61,48.65,87.59,91,4268,9.91,Cash,Tier2
41,42078.49,77,6,22,41.17,8.79,94,1976,5.62,Credit Card,Tier1
44,66848.22,77,7,22,49.21,80.85,111,1849,7.09,Debit Card,Tier3
47,47636.57,37,7,33,50.28,70.59,30,238,4.57,Cash,Tier1
62,74722.0,44,7,46,45.16,43.37,15,3186,1.16,UPI,Tier1
44,68740.22,6,8,7,39.35,75.38,2,4572,4.27,Credit Card,Tier3
43,71329.0,26,9,26,-12.3,9.85,3,2127,1.84,Debit Card,Tier3
24,101852.86,14,10,63,67.84,90.97,10,544,2.1,Cash,Tier2
59,64170.21,8,8,77,28.9,45.09,59,5243,2.74,Cash,Tier2
64,81647.99,24,13,52,51.72,0.64,94,1897,9.4,Debit Card,Tier1
55,110133.21,86,7,49,21.16,95.99,20,617,7.25,Debit Card,Tier1
22,93745.58,39,11,43,65.25,43.8,74,854,7.69,Debit Card,Tier2
40,90369.73,49,11,72,57.93,39.18,16,8894,2.78,UPI,Tier1
45,58252.86,85,7,35,46.31,55.24,100,3958,8.03,Credit Card,Tier3
51,70052.15,63,7,18,24.88,99.63,102,6534,5.41,Credit Card,Tier3
32,35997.92,26,4,75,40.07,8.37,4,7560,8.76,Credit Card,Tier2
49,75976.12,10,3,14,34.94,79.96,24,7958,4.25,Credit Card,Tier1
43,71038.12,77,8,17,53.06,33.11,56,2560,2.74,UPI,Tier1
65,65514.47,58,9,67,58.77,17.13,88,702,9.74,Debit Card,Tier2
48,87598.29,14,9,72,21.54,78.32,49,4608,8.05,UPI,Tier3
36,38428.95,73,10,72,35.23,99.57,6,455,9.85,Cash,Tier3
26,100966.98,71,10,66,14.51,79.21,9,1537,8.98,Credit Card,Tier3
46,,39,7,26,44.28,67.38,2,2235,7.25,Debit Card,Tier1
68,63446.05,31,11,50,34.62,80.47,106,1500,4.46,Cash,Tier2
56,61727.95,50,4,73,66.34,17.61,76,3725,6.56,UPI,Tier2
21,75573.45,16,6,7,45.75,52.7,83,6146,6.34,Debit Card,Tier2
20,98458.73,72,6,57,21.32,30.46,16,2693,2.03,Credit Card,Tier2
46,67235.37,51,7,58,35.52,66.0,96,5748,5.85,Credit Card,Tier1
69,68168.68,15,4,45,,13.46,10,2149,7.46,Debit Card,Tier3
28,65398.61,89,9,67,53.58,75.9,48,5851,1.54,Credit Card,Tier1
50,104204.53,38,9,29,45.58,48.81,3,1438,8.05,UPI,Tier3
55,56884.57,79,8,13,44.31,61.04,21,2203,2.35,UPI,Tier2
28,64350.83,89,6,16,,51.04,44,8284,6.32,Cash,Tier1
44,97195.58,71,13,12,29.23,17.85,101,4465,1.11,Credit Card,Tier2
50,68234.24,90,9,58,49.3,65.12,96,1738,5.89,Cash,Tier2
38,90015.29,72,9,24,50.42,64.18,75,7043,1.46,Cash,Tier1
56,44951.84,82,15,64,53.71,85.54,107,9324,1.16,Credit Card,Tier2
48,60483.56,21,6,72,73.17,35.9,113,8164,6.21,Cash,Tier2
55,97657.55,16,8,54,22.25,30.45,75,507,2.92,Debit Card,Tier1
63,50120.53,67,6,62,46.55,55.96,118,2619,6.13,Debit Card,Tier3
19,61671.42,65,5,32,53.77,24.81,108,3836,7.02,Debit Card,Tier1
44,70647.08,13,7,79,,32.98,106,7304,5.5,UPI,Tier2
53,43238.6,64,7,58,36.86,20.57,68,9209,1.93,Debit Card,Tier1
28,55896.18,61,4,5,40.64,78.09,53,8358,7.77,Credit Card,Tier1
64,269912.04,32,55,71,51.99,83.2,77,7693,4.45,UPI,Tier3
35,66027.0,12,5,72,70.9,55.84,11,8555,7.53,Credit Card,Tier3
18,93167.74,95,10,56,44.3,71.6,34,1275,6.65,Debit Card,Tier2
52,98912.06,41,3,17,64.61,74.9,1,6862,3.9,Cash,Tier3
52,46166.13,66,9,61,45.17,81.66,35,3874,9.55,Credit Card,Tier1
48,67447.91,8,8,52,57.87,,6,6586,6.52,Credit Card,Tier2
45,79833.46,59,5,23,50.43,86.11,18,6313,2.76,Credit Card,Tier3
56,98359.64,25,13,77,50.8,88.16,73,1429,3.11,Credit Card,Tier3
18,80806.79,5,3,38,58.31,69.11,23,5153,3.3,Debit Card,Tier2
42,71400.09,45,8,67,21.74,99.05,25,9508,8.44,Credit Card,Tier2
60,79663.94,2,11,28,54.07,69.22,102,7854,7.16,Credit Card,Tier3
55,319291.64,42,45,45,17.11,43.87,42,9985,1.89,Debit Card,Tier2
37,44590.29,38,11,45,,70.93,118,1607,5.29,UPI,Tier2
20,69241.57,3,4,62,55.51,71.91,115,8501,7.15,Cash,Tier1
68,97101.54,46,5,50,49.91,36.94,86,5550,5.64,Debit Card,Tier3
19,60438.15,22,5,21,46.49,91.48,17,2914,2.61,Credit Card,Tier1
35,67847.83,33,10,12,30.3,21.94,118,2155,2.29,Cash,Tier1
61,59664.64,32,7,12,16.8,80.17,113,2408,9.82,UPI,Tier3
27,14095.09,17,2,38,76.99,81.12,9,8592,3.08,UPI,Tier3
22,65452.98,82,8,68,60.57,,50,6046,1.37,Debit Card,Tier1
26,71639.42,56,12,16,17.0,68.73,113,6088,4.85,Credit Card,Tier3
19,53725.15,3,5,49,45.43,19.24,38,4596,8.64,Debit Card,Tier2
51,39597.99,70,5,40,54.98,89.01,118,4878,7.01,UPI,Tier1
55,,49,5,36,28.36,,41,6915,3.04,UPI,Tier1
48,81812.13,55,5,62,24.04,55.77,13,3701,4.68,UPI,Tier3
27,108395.55,77,6,34,52.59,15.49,57,6904,6.34,Debit Card,Tier2
67,95413.53,31,6,25,43.46,85.69,18,408,6.56,Cash,Tier1
29,35424.39,81,10,32,54.56,19.43,115,1716,7.0,UPI,Tier1
53,83801.8,21,6,14,48.91,57.29,10,7229,7.25,Credit Card,Tier1
38,50410.43,16,13,7,35.58,23.16,79,2648,1.62,UPI,Tier1
66,52190.12,17,9,25,72.42,53.65,113,7090,2.08,Cash,Tier3
64,54836.54,96,11,35,52.91,52.18,101,6066,2.71,Credit Card,Tier3
23,80533.47,1,8,71,40.61,35.27,82,6553,3.35,Credit Card,Tier1
65,86103.57,72,8,65,31.26,16.42,69,1513,4.23,Cash,Tier3
66,62843.32,65,12,41,53.97,56.5,36,5590,7.65,UPI,Tier2
20,63216.44,66,7,7,48.01,76.55,118,2488,7.1,Cash,Tier1
27,,37,6,67,32.9,17.35,5,4837,9.71,UPI,Tier1
22,77495.88,24,3,7,70.43,92.04,37,4176,5.89,Debit Card,Tier2
63,90876.97,91,8,9,43.51,28.3,109,4950,3.94,Debit Card,Tier1
43,36743.82,84,9,79,47.28,84.71,8,3892,6.92,UPI,Tier3
38,65440.6,62,6,74,48.29,80.06,20,3663,5.77,UPI,Tier1
62,41503.46,21,7,76,37.46,1.47,113,8417,4.14,UPI,Tier3
43,63879.27,37,10,43,46.33,32.56,34,9040,2.22,Credit Card,Tier3
55,60024.14,35,11,50,54.93,70.2,51,7998,2.22,Debit Card,Tier3
61,63971.51,38,8,25,21.21,59.24,90,4890,3.94,Credit Card,Tier1
43,47405.66,53,5,36,42.31,53.55,104,3454,4.69,Credit Card,Tier2
25,32279.62,15,7,7,32.63,27.01,47,8609,9.26,Debit Card,Tier2
22,18922.37,42,12,16,39.21,97.6,42,5498,4.77,UPI,Tier1
32,,94,11,52,65.27,53.69,79,8470,4.87,UPI,Tier3
33,55517.98,4,6,52,38.33,52.68,25,2034,5.99,UPI,Tier1
18,50129.37,39,4,28,13.65,47.78,111,3520,5.02,Debit Card,Tier2
33,94096.07,79,8,53,37.08,36.4,95,5644,4.61,Cash,Tier2
54,46092.36,23,8,11,43.82,54.35,115,2140,8.42,Debit Card,Tier3
20,96170.35,15,8,34,,15.5,9,2420,6.56,Credit Card,Tier2
69,100724.56,90,8,53,,56.67,115,7657,6.57,Credit Card,Tier1
64,,12,3,53,47.33,7.09,37,7317,4.35,UPI,Tier3
48,67032.39,82,5,5,31.65,23.02,35,8806,4.65,Credit Card,Tier1
30,56206.68,70,5,11,45.21,25.31,90,9085,6.18,Cash,Tier2
33,10000.0,82,11,21,44.14,90.7,52,4799,1.26,UPI,Tier3
60,33217.89,54,10,46,12.53,15.2,4,6455,6.01,Credit Card,Tier1
38,82048.59,88,6,35,34.26,37.44,90,9002,1.02,Debit Card,Tier1
19,109422.38,38,11,17,43.94,95.32,11,8322,9.76,Cash,Tier1
44,84858.92,28,11,15,30.19,,39,4678,7.94,Credit Card,Tier1
55,72119.91,79,5,32,23.74,90.47,5,7574,4.96,UPI,Tier2
43,64530.69,19,14,12,68.9,92.56,20,4855,4.74,Credit Card,Tier1
55,102018.58,69,10,19,42.59,6.51,118,9481,8.11,Cash,Tier1
63,112261.26,64,5,72,45.73,87.06,58,3400,7.9,Debit Card,Tier1
42,52089.46,4,6,58,36.06,52.03,59,6594,4.14,Credit Card,Tier2
28,21000.3,81,14,11,32.32,90.41,115,8132,6.45,UPI,Tier1
25,18839.88,10,5,68,63.15,7.6,23,3662,9.14,Credit Card,Tier2
25,94081.38,12,7,66,55.22,6.05,37,6626,9.54,Debit Card,Tier2
50,63964.71,69,10,28,12.92,41.54,115,2966,9.28,Credit Card,Tier3
24,69031.32,7,7,71,,82.17,67,9204,1.75,UPI,Tier2
55,25605.68,44,10,64,45.11,,108,1751,6.83,UPI,Tier2
38,48429.84,23,9,47,41.05,,51,3292,3.13,Cash,Tier3
25,58499.42,2,4,75,46.82,67.04,13,7778,6.2,Cash,Tier2
68,69572.44,94,8,6,32.14,47.42,100,1134,1.31,Debit Card,Tier2
38,56230.98,37,7,37,45.45,16.03,119,4681,8.8,Credit Card,Tier3
37,42178.82,69,10,46,46.31,31.7,33,6328,8.04,Credit Card,Tier3
25,47739.53,20,9,63,46.22,28.58,85,7452,3.44,Credit Card,Tier1
63,91583.11,90,6,64,40.22,4.47,119,5762,6.31,Credit Card,Tier3
48,,44,6,43,47.91,,20,4243,9.72,Credit Card,Tier3
67,78467.45,70,12,5,54.11,75.47,58,8104,9.59,Credit Card,Tier2
46,45224.78,93,11,37,51.27,57.13,82,9789,7.39,Credit Card,Tier1
65,10000.0,74,9,45,58.96,57.51,92,4220,3.16,UPI,Tier3
26,53491.71,51,4,9,46.94,,60,175,6.46,Credit Card,Tier3
32,45935.45,80,5,77,45.99,32.9,91,2810,5.31,Debit Card,Tier3
47,72678.27,98,2,63,35.5,65.43,88,4445,6.92,UPI,Tier2
43,137285.92,31,10,41,53.87,23.84,33,9954,9.01,UPI,Tier3
27,80293.65,41,13,64,52.08,90.53,6,9171,7.49,UPI,Tier1
46,125191.12,58,11,48,41.89,76.02,118,5073,1.12,Cash,Tier1
33,77512.93,5,6,69,34.28,2.28,100,7674,4.73,UPI,Tier3
53,51142.5,33,5,34,,70.01,100,1972,1.81,Cash,Tier3
37,72654.15,43,10,32,35.43,5.23,48,512,1.54,Debit Card,Tier3
62,104174.05,19,9,13,52.38,1.83,55,9648,2.7,Cash,Tier3
54,105250.38,32,4,36,42.09,72.92,74,8413,8.97,Cash,Tier2
39,52342.58,87,5,46,47.68,,91,3417,8.34,UPI,Tier1
24,70570.04,3,10,38,16.49,54.11,79,6051,5.93,UPI,Tier3
40,33556.13,1,11,72,38.91,41.6,35,780,8.53,Debit Card,Tier3
58,83142.71,41,9,22,29.78,40.6,32,5546,9.1,UPI,Tier2
57,99173.8,92,7,44,50.26,27.88,93,1058,1.78,Cash,Tier1
46,65875.59,48,4,62,37.42,95.21,102,6463,9.14,Credit Card,Tier1
33,50317.55,39,5,52,24.69,5.24,3,408,1.2,Debit Card,Tier3
55,72922.88,5,5,20,30.95,64.79,16,1769,8.58,Credit Card,Tier2
45,74184.1,77,13,74,40.45,45.89,36,4120,6.19,Credit Card,Tier1
65,66785.16,11,13,57,59.32,53.03,103,6530,1.22,Cash,Tier2
55,68931.73,22,10,79,64.18,12.66,76,396,4.26,Cash,Tier2
48,61176.07,87,13,7,32.99,10.95,115,3330,1.92,UPI,Tier1
31,86911.01,64,6,68,78.51,8.94,31,9070,5.68,Cash,Tier2
50,81197.0,12,7,49,53.71,14.74,100,6443,4.67,Credit Card,Tier1
26,43371.73,53,5,60,45.09,84.32,34,8176,2.66,Debit Card,Tier3
44,42767.01,55,6,70,38.22,9.05,91,2986,8.25,UPI,Tier1
41,59403.76,53,7,11,59.05,24.54,118,3736,6.08,Cash,Tier3
30,81210.42,21,14,50,67.69,74.08,5,5213,7.92,Debit Card,Tier3
43,68257.26,19,9,65,,88.12,99,4532,4.28,Debit Card,Tier2
46,50850.69,69,10,12,32.33,4.07,75,4085,5.43,Cash,Tier3
68,70753.41,88,9,69,55.09,81.71,19,9948,3.2,Credit Card,Tier1
66,57722.17,94,7,79,,67.82,14,7953,1.05,Debit Card,Tier3
60,84370.7,72,6,65,49.66,20.81,112,9426,9.55,Credit Card,Tier3
45,72327.29,66,10,65,11.25,19.99,62,1221,8.93,Cash,Tier2
45,58063.88,59,7,9,39.67,74.89,34,6524,1.71,UPI,Tier2
25,70093.41,49,8,35,70.58,49.78,102,2750,2.75,Credit Card,Tier1
40,93931.06,98,11,65,56.87,47.36,78,1552,7.45,UPI,Tier2
46,52468.14,59,6,52,51.25,,14,9696,3.42,Cash,Tier1
22,73858.45,23,12,15,42.38,75.99,85,5145,7.1,Debit Card,Tier1
59,63449.87,3,13,15,24.12,13.39,78,3356,3.5,Debit Card,Tier2
24,74393.64,56,8,12,63.76,47.73,68,3992,3.12,Credit Card,Tier3
59,50599.57,58,8,10,69.38,6.06,83,6905,2.17,Debit Card,Tier1
53,67427.38,88,7,36,22.04,86.19,36,5173,2.43,Credit Card,Tier1
58,89372.11,62,5,57,,50.06,114,6092,8.72,Credit Card,Tier2
44,44385.85,18,8,61,43.63,11.77,82,259,9.19,UPI,Tier2
63,35753.09,61,10,33,33.13,68.14,87,9367,7.15,Debit Card,Tier3
19,36587.98,37,6,60,56.46,41.13,83,3650,7.65,Debit Card,Tier1
42,39245.42,54,12,68,42.94,37.65,28,801,9.36,UPI,Tier3
26,78097.11,95,6,68,54.94,3.38,12,8757,6.15,UPI,Tier1
44,34071.09,78,8,23,34.7,18.18,65,1298,1.92,Cash,Tier1
18,58446.3,65,10,72,52.68,89.37,19,9263,9.92,Credit Card,Tier2
40,78602.36,14,7,69,34.96,8.1,94,5037,7.0,Debit Card,Tier3
27,74166.5,5,14,55,38.14,90.11,53,8218,9.31,Credit Card,Tier2
59,56517.7,95,2,57,38.67,61.34,35,9383,2.7,Credit Card,Tier1
69,69200.32,95,8,70,57.82,14.97,101,3161,9.67,Debit Card,Tier3
42,67357.2,94,14,76,52.64,69.67,117,9029,9.36,Credit Card,Tier3
20,60066.7,62,4,59,46.98,18.41,64,7565,1.63,UPI,Tier2
23,60361.64,1,2,54,41.53,17.85,71,4299,1.51,Cash,Tier1
23,114179.4,63,4,52,60.96,64.55,7,7337,2.45,Debit Card,Tier2
19,82804.84,67,7,61,40.73,98.24,108,6375,2.69,UPI,Tier3
35,119574.32,20,10,62,44.39,38.58,5,6776,3.67,Cash,Tier3
40,54066.81,43,9,45,53.71,,71,8360,8.08,Cash,Tier2
19,63130.73,85,10,39,27.14,93.44,53,8671,2.08,Cash,Tier2
29,35693.23,94,8,33,45.26,19.12,54,1771,1.64,Debit Card,Tier3
39,47189.53,42,7,71,53.0,98.5,97,3189,5.97,Debit Card,Tier1
54,106842.09,94,7,70,36.57,52.16,111,4270,5.96,UPI,Tier3
37,53515.25,69,7,19,68.63,89.33,45,1065,6.6,Credit Card,Tier1
56,107224.19,74,8,25,41.08,24.54,34,8010,7.85,Debit Card,Tier3
41,37646.03,88,13,57,55.59,78.58,56,6784,1.82,Cash,Tier1
65,41823.68,39,5,26,45.24,84.53,21,2264,6.26,UPI,Tier1
37,57492.91,62,12,58,62.89,15.19,72,7738,5.35,Cash,Tier2
18,63597.5,48,9,60,37.43,27.14,23,8953,4.29,Debit Card,Tier3
18,85307.92,6,9,35,69.7,19.1,54,7672,1.85,Cash,Tier3
34,74916.95,74,16,26,36.5,84.72,98,111,5.77,Cash,Tier3
18,55841.06,42,7,12,54.97,,87,1453,1.31,UPI,Tier1
69,62067.05,58,9,64,49.12,44.24,36,4179,9.75,Cash,Tier1
62,57980.62,43,6,35,50.31,82.14,11,194,8.95,Credit Card,Tier1
47,44877.62,10,8,41,83.7,93.33,10,4391,9.07,Debit Card,Tier2
58,45464.82,89,5,22,32.49,74.28,38,6114,3.64,Cash,Tier3
64,87613.45,78,5,36,40.67,13.75,52,6349,2.55,Cash,Tier3
20,24780.37,39,13,41,20.65,81.9,101,3873,1.87,UPI,Tier3
63,,13,7,23,,1.48,101,8859,5.04,Cash,Tier3
28,57454.13,75,4,10,54.12,,54,8332,1.38,Debit Card,Tier1
41,48004.81,39,4,9,28.14,36.66,2,8348,7.84,Cash,Tier3
39,81274.7,11,8,30,18.14,4.26,63,149,5.53,UPI,Tier3
61,97674.76,16,6,23,24.07,4.79,67,2859,7.37,UPI,Tier1
62,89587.91,33,7,11,50.7,5.89,75,6956,7.39,UPI,Tier2
43,76040.75,60,10,10,47.76,79.12,44,4079,5.6,Credit Card,Tier2
30,88911.0,96,6,73,39.57,9.91,26,6801,7.66,Credit Card,Tier3
18,27237.05,59,8,79,47.28,46.43,24,9814,9.47,UPI,Tier2
41,53519.73,74,7,8,37.54,75.69,51,7866,1.07,Debit Card,Tier1
27,44954.26,51,7,66,55.21,91.94,44,3430,3.16,Credit Card,Tier1
52,,15,8,29,51.26,73.95,37,6465,9.13,UPI,Tier2
41,56563.48,80,8,69,15.46,60.22,14,2484,7.31,UPI,Tier1
45,83598.94,43,13,25,43.26,26.3,117,9599,6.11,UPI,Tier2
53,76788.85,27,7,19,49.77,73.7,27,8332,5.91,Credit Card,Tier2
33,46029.25,56,12,14,52.05,3.71,7,8118,4.61,Cash,Tier2
57,52086.92,60,14,21,32.58,81.13,2,464,6.39,Debit Card,Tier2
33,93463.99,96,6,5,39.91,14.67,79,8447,6.65,Credit Card,Tier1
34,47939.38,70,9,34,27.26,59.41,94,8161,4.29,UPI,Tier1
68,67747.09,47,11,5,30.34,84.41,70,9199,4.44,Cash,Tier2
32,47784.09,8,7,60,27.96,88.41,91,5057,3.06,UPI,Tier2
33,58093.05,63,6,10,,53.33,86,2497,6.17,Cash,Tier2
32,63984.44,89,7,47,40.21,36.0,69,4071,5.58,Debit Card,Tier3
51,47776.94,7,6,67,44.03,72.56,54,3259,5.15,Debit Card,Tier1
28,43870.17,81,6,59,50.82,91.3,29,7544,6.5,Credit Card,Tier1
18,71298.01,94,7,55,59.85,4.96,51,8809,6.85,Cash,Tier3
32,46415.78,2,11,38,,40.39,34,6903,4.61,Credit Card,Tier3
43,47165.53,17,8,67,58.3,34.16,81,2818,8.17,Debit Card,Tier1
68,44340.83,4,10,9,62.34,,72,9031,1.7,Debit Card,Tier3
21,63286.02,26,7,37,50.71,41.1,15,9502,4.6,Credit Card,Tier3
60,85761.44,78,11,46,22.08,6.59,16,9553,6.38,Credit Card,Tier2
22,,72,9,75,47.72,12.5,26,9370,2.35,Debit Card,Tier2
52,49029.8,69,14,11,34.21,0.06,18,3968,3.04,Credit Card,Tier1
30,112306.84,5,6,72,61.48,86.19,36,5075,6.59,Cash,Tier2
27,42896.49,5,8,76,53.66,83.37,7,7224,5.84,Credit Card,Tier2
28,88838.07,91,8,31,26.24,60.34,29,7479,2.9,UPI,Tier3
35,,69,10,29,45.39,30.53,67,1583,4.76,UPI,Tier3
51,45839.69,3,5,39,52.31,46.75,8,2068,8.17,Debit Card,Tier3
56,48615.36,38,4,38,43.64,66.37,21,3571,5.91,Cash,Tier3
58,,94,14,68,64.8,76.5,7,9907,8.02,Cash,Tier1
59,77759.39,1,7,62,,32.35,92,6831,3.38,Cash,Tier1
67,79737.1,8,12,9,43.59,34.82,32,226,1.82,Cash,Tier2
40,44232.33,13,7,18,36.95,91.98,48,8373,3.65,Cash,Tier1
24,43227.5,84,11,8,55.65,23.12,34,4984,1.65,Debit Card,Tier1
56,44833.95,70,11,46,48.85,65.6,97,1699,4.04,Debit Card,Tier3
20,62550.2,50,4,26,68.28,92.72,93,9088,6.62,UPI,Tier2
29,60376.58,8,9,71,32.93,65.29,106,1910,3.86,Debit Card,Tier2
24,44096.14,30,9,25,64.19,29.78,19,9516,2.64,Cash,Tier1
66,70931.28,40,8,41,41.03,29.32,87,6326,1.62,Debit Card,Tier1
43,114776.51,79,5,11,44.27,65.02,84,3319,4.47,Debit Card,Tier1
50,53896.26,74,8,11,40.01,31.62,24,3109,9.7,Cash,Tier3
54,,33,14,49,41.36,75.16,64,9641,6.9,Credit Card,Tier3
65,77312.55,73,9,41,62.97,96.96,67,473,8.2,Credit Card,Tier3
32,52706.04,52,6,74,46.94,77.53,78,114,6.84,UPI,Tier2
19,79717.22,33,5,35,31.23,76.2,26,4401,7.26,Cash,Tier1
58,49192.06,73,10,49,21.66,26.46,1,9117,6.24,Debit Card,Tier2
24,105306.63,78,5,75,31.23,70.45,24,4572,6.09,Credit Card,Tier3
49,72585.05,96,9,31,42.3,74.63,6,3701,5.79,Credit Card,Tier2
21,51359.5,37,6,70,61.53,84.86,4,7843,4.46,Cash,Tier3
37,52048.78,70,11,33,43.98,77.65,58,2285,6.59,Credit Card,Tier2
67,53696.41,69,6,65,44.22,37.68,29,898,8.24,Debit Card,Tier1
53,95200.49,4,6,38,47.81,42.91,73,7337,6.75,Debit Card,Tier1
49,37087.48,60,14,22,50.78,93.46,68,182,2.78,Cash,Tier3
45,50305.28,80,3,32,13.85,38.99,118,3678,3.55,Debit Card,Tier2
30,52643.47,74,11,34,53.54,44.6,4,5370,7.28,Cash,Tier2
18,64654.86,31,10,26,68.59,5.73,79,4946,1.77,Debit Card,Tier1
52,59035.59,95,9,7,64.33,74.05,95,6696,6.49,Debit Card,Tier2
65,32192.99,14,14,40,38.15,33.83,47,1406,6.41,Credit Card,Tier3
47,56203.9,77,2,29,14.6,13.23,88,9835,2.05,Cash,Tier1
53,62809.88,60,4,27,48.25,,22,9441,3.77,Debit Card,Tier3
42,51181.85,68,8,69,49.19,47.15,30,9386,2.75,Cash,Tier1
33,80109.06,26,6,41,57.57,25.85,109,6950,7.66,Cash,Tier2
36,85226.99,24,8,25,51.34,29.37,99,8859,9.07,UPI,Tier2
18,63275.49,56,5,68,58.48,91.46,90,900,8.38,Debit Card,Tier2
22,70071.91,9,11,50,59.69,55.63,66,3366,5.18,UPI,Tier3
68,17456.77,35,4,51,12.71,55.86,79,8983,3.07,Debit Card,Tier3
39,55735.74,79,2,52,26.97,9.59,50,5176,6.4,Debit Card,Tier1
41,87106.08,24,9,41,47.53,30.98,28,6795,4.08,Debit Card,Tier1
60,55684.4,31,9,39,43.5,60.53,118,2896,1.41,UPI,Tier2
62,48780.24,83,11,20,68.16,14.12,93,4038,5.13,Cash,Tier2
69,115109.16,66,9,72,55.37,58.43,28,4478,5.62,UPI,Tier2
54,105019.7,66,5,34,54.06,15.45,78,8310,9.39,Debit Card,Tier2
53,75286.65,41,10,22,28.85,50.2,4,5111,4.97,Debit Card,Tier3
53,90056.03,36,8,10,34.12,43.66,86,2479,3.3,Cash,Tier1
21,16029.42,34,5,50,26.17,25.92,101,1526,5.78,Debit Card,Tier3
53,47673.87,39,4,45,41.99,40.86,103,1321,2.8,Credit Card,Tier2
69,54660.93,83,11,52,39.3,73.9,89,3330,7.74,Credit Card,Tier2
35,59808.44,23,6,19,33.62,,1,1363,6.01,UPI,Tier1
67,54221.23,80,7,11,82.25,40.1,80,8224,1.94,UPI,Tier3
33,10000.0,44,3,41,54.34,61.23,77,3215,5.93,Cash,Tier2
58,73492.54,70,12,30,68.69,81.14,89,4152,3.57,Credit Card,Tier2
35,76960.39,58,9,69,52.51,32.62,59,2167,2.73,Credit Card,Tier2
39,100241.77,59,10,30,61.78,18.57,96,1237,1.78,Cash,Tier3
19,47657.2,26,11,54,50.28,97.76,87,8540,9.26,Credit Card,Tier2
38,45856.41,22,9,34,35.07,1.82,48,1234,8.18,Credit Card,Tier1
53,10000.0,88,14,38,38.63,59.69,46,2386,8.42,Debit Card,Tier3
61,58541.53,40,7,50,26.56,39.7,87,9969,1.63,Credit Card,Tier1
56,84824.46,85,1,71,47.0,0.64,97,5714,9.91,Cash,Tier3
64,51541.11,94,6,23,56.39,46.86,18,4836,9.74,Cash,Tier3
56,112155.79,11,3,62,,61.49,37,4694,7.64,Debit Card,Tier2
46,59354.91,9,6,35,57.48,81.1,61,2623,9.29,Credit Card,Tier3
43,68233.83,12,10,17,14.03,33.5,59,9477,8.65,UPI,Tier1
38,35011.73,26,10,33,62.99,91.7,6,3828,7.43,Debit Card,Tier3
34,71318.85,38,7,57,56.9,98.44,2,3171,4.62,Debit Card,Tier1
33,21454.96,3,11,78,44.24,60.65,105,6044,6.8,UPI,Tier1
48,80261.36,97,9,21,51.45,74.28,118,1559,7.7,Cash,Tier1
68,80937.42,15,9,35,34.88,47.46,11,2998,3.8,Debit Card,Tier1
26,94904.41,47,4,56,12.7,66.81,9,6327,5.03,Credit Card,Tier2
48,42560.69,5,9,45,19.11,,112,2439,9.9,Credit Card,Tier2
31,68532.37,54,5,61,37.58,38.79,79,9670,7.38,Credit Card,Tier1
66,77403.96,24,10,12,52.0,58.73,75,3686,5.95,Cash,Tier1
54,74730.2,11,5,58,32.83,39.34,71,6123,1.91,UPI,Tier2
19,45963.42,33,9,60,43.72,19.94,22,5495,5.39,Cash,Tier2
69,12376.4,87,6,31,29.95,91.48,41,1457,1.54,Debit Card,Tier3
65,72633.13,74,1,67,54.49,40.56,55,882,7.75,UPI,Tier3
63,61645.01,57,14,71,24.48,5.4,49,6788,1.68,Credit Card,Tier2
31,52533.25,52,12,30,74.05,94.9,4,9282,7.46,Credit Card,Tier3
50,81806.8,64,7,59,45.36,14.42,70,2314,4.32,Debit Card,Tier2
52,64011.77,43,9,48,59.36,28.54,7,8564,1.46,Cash,Tier2
56,35977.71,92,5,78,45.76,74.66,96,4078,2.79,Cash,Tier3
64,22508.05,81,15,49,38.7,79.01,15,5643,6.57,Debit Card,Tier1
68,40162.81,44,18,46,,,68,2330,7.39,UPI,Tier3
37,117646.27,90,8,30,19.98,27.58,26,1299,7.37,Credit Card,Tier2
19,80901.09,89,8,25,61.22,99.62,103,4428,6.56,Credit Card,Tier3
68,69149.47,36,12,29,74.31,84.15,107,5938,4.97,UPI,Tier1
58,61003.46,12,9,63,76.91,,32,7169,5.1,UPI,Tier3
36,59557.36,56,7,43,25.77,74.79,31,5707,1.13,Cash,Tier1
54,90678.31,3,11,70,45.37,53.96,95,6477,3.27,UPI,Tier1
35,54206.89,50,7,46,25.91,72.58,28,4791,7.15,Credit Card,Tier1
33,77692.25,29,8,26,52.09,26.02,100,7358,6.18,UPI,Tier3
21,57334.59,88,5,6,63.98,5.0,61,3719,7.71,Credit Card,Tier2
29,107683.45,83,4,63,30.38,84.13,85,7326,1.73,Cash,Tier1
46,81330.35,77,11,15,40.19,66.8,103,1302,6.83,Cash,Tier1
24,92402.25,16,5,45,49.24,62.65,91,7588,1.48,Debit Card,Tier1
31,52142.98,40,5,8,50.14,55.0,9,1217,2.61,UPI,Tier2
29,88278.99,27,6,31,72.92,58.46,48,1344,9.98,Credit Card,Tier3
52,58123.3,70,8,50,21.23,45.09,28,1199,8.05,Cash,Tier3
22,67420.77,42,10,70,30.46,62.55,60,7957,6.32,Credit Card,Tier3
34,100971.05,57,9,59,46.72,30.73,10,1243,5.74,UPI,Tier1
59,42058.95,10,6,42,32.49,88.84,32,6645,8.36,Credit Card,Tier2
49,277885.8,38,55,9,,87.95,111,563,4.19,Debit Card,Tier2
27,74636.12,8,11,32,72.45,16.66,37,6948,1.82,Credit Card,Tier2
60,76440.1,18,8,13,18.81,28.31,59,2270,8.23,UPI,Tier3
34,55082.74,96,14,62,46.26,68.46,21,9482,5.22,Credit Card,Tier2
22,110897.81,17,11,57,50.33,28.06,26,2576,9.1,UPI,Tier3
62,36511.5,58,7,55,55.17,7.86,57,3083,5.2,Credit Card,Tier2
59,97095.48,66,6,51,18.6,41.25,101,7881,5.77,UPI,Tier3
26,91731.44,44,6,45,66.3,4.42,92,5698,7.66,Cash,Tier2
66,106819.55,84,7,19,47.05,88.42,25,5061,2.39,Debit Card,Tier2
50,30059.0,74,10,51,37.44,79.4,77,4092,1.78,Cash,Tier1
53,45885.71,9,11,79,54.03,59.56,28,866,3.36,UPI,Tier2
53,97822.75,48,10,31,49.52,37.24,7,6274,8.96,Cash,Tier2
35,23705.14,39,6,36,36.96,12.46,31,8400,8.69,Cash,Tier3
26,29657.9,89,10,61,67.88,12.09,46,7629,2.07,Cash,Tier1
46,54257.23,89,6,53,48.77,56.85,54,7019,9.76,Cash,Tier3
67,69223.86,88,9,54,50.73,89.61,17,2785,3.24,Cash,Tier3
31,100028.95,6,9,17,25.84,14.5,76,3135,8.28,UPI,Tier3
42,60924.15,30,10,72,30.04,92.57,18,2394,7.74,UPI,Tier3
32,,74,9,52,41.53,91.47,107,7366,8.62,UPI,Tier3
23,71850.58,95,8,64,64.47,89.33,19,9699,9.02,Cash,Tier3
59,75331.12,18,9,10,46.99,22.58,82,9253,2.84,UPI,Tier1
46,74707.28,43,7,71,46.73,91.48,117,9948,6.33,Cash,Tier2
32,61084.3,33,8,46,50.13,47.84,84,7747,1.73,UPI,Tier1
46,21988.11,53,5,10,43.91,42.94,56,8162,1.78,Cash,Tier2
21,44812.45,56,4,29,58.99,62.66,5,6200,7.2,Cash,Tier1
35,96245.96,19,11,53,41.08,93.17,78,6738,6.38,Cash,Tier1
67,69115.52,87,6,39,42.7,46.94,14,6529,7.1,Cash,Tier1
66,57904.51,69,8,11,60.19,99.79,7,8759,1.02,UPI,Tier1
61,89599.71,26,12,78,18.36,7.83,33,1322,1.81,Credit Card,Tier1
56,40137.43,29,12,15,72.51,60.83,19,9228,1.86,Cash,Tier3
33,,24,9,64,77.8,95.44,86,908,2.91,Credit Card,Tier3
28,68030.68,6,6,11,26.77,80.48,102,4423,5.45,UPI,Tier1
31,55289.69,54,5,71,37.16,25.38,69,6990,6.26,Debit Card,Tier3
20,67216.78,39,12,29,38.6,43.47,10,4773,5.81,Credit Card,Tier1
68,60870.73,4,8,8,50.64,7.65,95,8346,4.32,Credit Card,Tier1
67,34214.45,58,7,55,42.02,97.64,87,6454,5.76,Credit Card,Tier3
59,,48,5,47,62.11,65.07,102,3180,4.78,Credit Card,Tier1
55,35776.26,60,3,49,42.98,47.59,110,2911,7.25,Debit Card,Tier2
62,68643.53,26,13,47,37.52,3.61,56,5406,8.86,Debit Card,Tier1
59,95230.99,79,11,12,26.36,,15,4177,5.95,Debit Card,Tier1
35,58817.49,77,11,54,51.93,15.97,3,5240,6.71,Debit Card,Tier3
37,39227.37,40,11,64,48.57,8.23,97,8931,8.08,Debit Card,Tier3
65,62206.27,86,8,35,79.5,2.48,85,9480,8.01,Debit Card,Tier1
42,46696.64,77,7,36,14.99,92.63,73,7168,8.42,Debit Card,Tier2
55,78079.2,56,8,41,56.02,68.04,31,9034,3.52,Credit Card,Tier2
30,61744.25,39,6,42,70.33,31.46,71,754,3.04,Cash,Tier1
21,102614.79,81,10,31,32.76,6.64,100,2295,8.12,Debit Card,Tier2
31,362343.08,39,35,55,53.46,85.01,23,1882,7.69,UPI,Tier1
50,61632.23,48,6,67,40.56,72.0,48,2927,2.53,Credit Card,Tier2
45,80743.4,25,5,12,79.33,63.18,88,4425,2.44,Cash,Tier2
69,56348.8,34,9,57,,75.11,115,5997,1.91,Credit Card,Tier3
54,,21,8,11,61.83,95.4,59,5726,3.5,UPI,Tier1
25,57048.45,25,5,72,1.92,12.97,75,2752,7.38,UPI,Tier1
61,81862.03,89,7,51,40.98,37.19,55,9618,8.81,Debit Card,Tier1
51,96525.74,22,11,52,36.6,4.7,98,8714,9.97,UPI,Tier1
61,82570.26,23,9,12,71.15,,66,5236,8.68,Debit Card,Tier1
22,85282.61,25,7,35,53.96,28.45,80,6211,9.84,UPI,Tier2
22,85306.74,78,8,52,46.08,84.75,87,2619,2.32,UPI,Tier2
48,77127.63,78,10,30,64.82,60.91,107,9331,4.3,Debit Card,Tier3
62,39935.7,26,8,47,51.61,,52,6391,2.83,Debit Card,Tier3
26,102421.37,30,5,54,15.81,43.97,70,366,3.57,UPI,Tier1
59,104697.04,90,12,59,24.73,47.77,2,8323,1.99,UPI,Tier3
49,59854.65,38,6,25,65.58,28.22,22,6245,8.76,UPI,Tier2
50,56844.65,86,8,17,46.61,93.14,69,3409,1.52,Cash,Tier2
20,,34,8,58,36.67,58.88,109,5044,4.81,Debit Card,Tier3
47,77117.88,89,7,55,42.8,34.39,91,9385,2.06,Debit Card,Tier1
67,,77,7,9,52.04,97.76,88,3008,5.07,Debit Card,Tier2
29,37499.44,93,8,79,53.17,73.77,19,2760,3.36,UPI,Tier2
46,71725.43,73,5,56,45.74,88.16,98,9986,7.04,Credit Card,Tier1
20,77131.6,15,10,5,55.94,77.75,4,8004,9.12,Cash,Tier3
43,80968.07,95,6,14,36.17,42.78,67,139,1.89,Cash,Tier2
47,72684.44,44,5,44,55.09,8.39,34,7062,1.25,Cash,Tier1
26,59035.47,91,9,74,,52.56,7,1882,5.2,UPI,Tier3
43,86868.04,95,10,27,37.0,31.75,73,7879,1.59,Debit Card,Tier2
19,66448.67,10,9,31,36.74,4.2,1,2088,2.26,Credit Card,Tier1
20,54771.69,37,5,70,,30.36,49,9303,6.98,Debit Card,Tier2
63,61025.63,7,6,21,11.69,92.84,28,3621,7.95,Credit Card,Tier2
21,26588.68,32,7,33,49.22,12.18,100,1212,5.06,Credit Card,Tier2
42,60990.68,11,6,6,57.66,51.85,118,1774,6.73,Debit Card,Tier1
68,80145.6,48,7,79,56.03,13.13,72,1124,9.2,Debit Card,Tier2
30,72475.23,92,8,61,43.79,18.6,46,6570,5.28,Cash,Tier2
56,98454.61,68,7,72,32.59,45.02,10,9770,9.91,Debit Card,Tier1
61,59214.55,48,6,13,40.95,78.75,47,3057,1.29,Credit Card,Tier3
52,75720.89,45,5,38,47.11,99.8,89,3456,2.58,UPI,Tier2
40,82440.28,95,12,54,53.36,10.13,27,6003,3.71,UPI,Tier3
26,116542.85,93,9,39,45.49,17.89,3,6107,6.94,Credit Card,Tier2
19,,33,10,37,42.04,,36,3300,1.84,Credit Card,Tier1
58,,4,5,38,49.72,36.61,112,3461,6.45,UPI,Tier2
61,83654.43,47,8,31,5.54,58.36,89,1145,5.34,UPI,Tier2
48,106046.0,90,5,58,53.13,,109,1979,2.09,UPI,Tier1
61,57903.93,53,10,42,35.23,32.42,94,6704,7.19,UPI,Tier3
64,83503.79,31,4,59,56.15,90.04,16,8450,4.58,Debit Card,Tier3
19,92032.02,31,6,69,24.18,31.62,35,3999,8.78,Cash,Tier2
49,87375.44,27,8,60,46.94,10.43,21,5782,1.49,Cash,Tier1
35,67762.29,89,4,51,30.02,32.11,45,4754,2.37,UPI,Tier3
30,49633.58,48,10,61,30.71,36.14,40,7140,5.84,Cash,Tier1
63,63211.85,36,6,39,42.41,48.13,115,706,9.12,UPI,Tier1
22,75089.21,49,11,64,74.57,79.99,86,5173,9.05,Debit Card,Tier2
59,84980.9,31,7,10,51.9,97.85,4,9694,1.46,Cash,Tier3
61,,44,10,7,27.8,3.09,97,6088,2.87,Cash,Tier2
27,56642.02,59,16,72,59.53,69.72,31,6037,7.99,Debit Card,Tier3
60,77218.35,23,8,49,62.03,13.31,97,510,3.77,Cash,Tier2
42,83921.87,99,14,11,46.92,94.27,40,1224,8.11,UPI,Tier1
51,73351.42,68,9,71,72.1,96.12,108,7445,8.0,UPI,Tier1
54,46603.88,92,7,71,40.12,38.56,20,7824,6.21,UPI,Tier1
47,244036.28,42,55,21,27.8,19.47,76,2199,8.0,Credit Card,Tier3
24,85852.06,42,14,42,32.83,14.37,30,9852,7.57,Credit Card,Tier3
23,34573.61,13,5,51,36.19,56.45,58,3499,7.02,Debit Card,Tier3
20,18950.08,1,8,69,57.3,30.21,56,8003,6.99,Debit Card,Tier1
30,98177.82,76,6,70,62.32,30.2,97,943,7.81,Debit Card,Tier3
20,76251.14,53,5,5,40.93,63.61,27,4294,2.81,Cash,Tier2
43,78348.06,40,7,15,68.93,63.99,20,5042,3.44,UPI,Tier1
41,41310.03,90,8,66,68.82,95.35,106,8117,2.7,Credit Card,Tier2
23,81225.62,46,9,13,41.29,22.25,85,8805,2.31,Debit Card,Tier3
60,,87,6,9,38.75,1.49,54,5269,8.29,Credit Card,Tier2
66,30144.79,22,4,44,41.49,13.32,4,2935,9.77,Cash,Tier2
59,96334.24,52,5,61,10.86,39.94,93,1741,1.31,Cash,Tier2
29,68491.03,28,7,37,37.1,64.1,68,1063,6.81,UPI,Tier1
66,56286.15,53,11,42,46.73,73.64,56,7606,5.99,Debit Card,Tier1
53,56684.23,63,8,60,48.16,0.86,11,1845,2.54,UPI,Tier3
19,20665.12,17,5,34,,5.55,35,9492,3.66,Debit Card,Tier3
28,78053.41,64,5,37,64.31,68.62,52,1867,2.0,UPI,Tier3
56,70760.86,6,5,44,55.88,,36,1080,6.67,Credit Card,Tier3
51,60730.24,14,9,72,35.76,31.14,25,1391,8.74,Credit Card,Tier3
43,93126.67,17,14,26,49.7,0.11,62,8424,8.04,Cash,Tier1
35,34555.1,38,7,27,22.22,5.9,43,1078,2.66,Cash,Tier1
38,51871.01,69,9,77,49.16,,34,5034,1.28,UPI,Tier2
53,46299.82,13,10,26,57.09,78.56,61,5169,5.64,Cash,Tier3
57,58866.51,53,6,65,30.53,96.84,70,3353,6.18,Cash,Tier2
69,66484.34,9,7,40,30.76,18.27,45,7519,2.95,Debit Card,Tier2
63,74460.3,44,10,5,42.25,88.4,11,1313,2.09,UPI,Tier2
61,57366.58,26,5,71,,21.97,29,5483,8.95,UPI,Tier3
39,45698.17,77,2,29,34.61,45.64,42,1581,3.7,Cash,Tier3
47,102092.15,19,9,73,,69.44,28,5189,5.56,UPI,Tier2
67,118056.08,48,8,67,,39.41,66,2009,5.22,Cash,Tier2
60,68152.31,81,10,55,33.38,19.36,35,7445,9.54,Cash,Tier2
47,48350.83,80,8,26,39.67,39.94,42,5964,4.53,Cash,Tier2
25,97459.99,30,7,61,46.74,21.18,67,2649,9.21,UPI,Tier1
51,33171.34,32,9,12,51.43,14.18,117,322,4.11,Debit Card,Tier1
64,57634.99,78,4,47,47.25,96.35,92,8745,9.21,Cash,Tier3
26,49685.42,79,14,60,58.49,76.67,66,1117,1.01,Credit Card,Tier3
68,39490.22,76,5,25,31.31,11.42,109,3335,2.97,Debit Card,Tier3
37,58839.47,75,8,11,37.58,5.69,76,5226,4.47,Cash,Tier2
57,45988.21,69,1,24,51.93,54.67,112,488,8.78,Debit Card,Tier3
42,65278.4,11,10,68,71.36,72.73,6,5445,8.56,UPI,Tier2
36,65597.9,98,11,17,51.8,42.22,114,6511,3.64,Debit Card,Tier3
22,51330.7,83,7,77,65.14,54.45,41,700,5.56,Credit Card,Tier2
28,56848.71,26,14,18,35.56,78.16,28,2258,5.91,Debit Card,Tier3
32,59921.32,26,10,20,57.03,79.98,46,5904,9.85,UPI,Tier3
25,82816.61,17,11,51,51.3,82.06,101,7172,4.1,Cash,Tier3
36,61734.55,95,5,20,27.03,90.54,14,5484,9.59,Cash,Tier1
40,83143.44,83,9,19,66.48,55.08,23,2515,5.54,Cash,Tier3
44,77887.89,44,8,71,56.21,99.22,76,1806,6.89,Cash,Tier3
57,77573.68,84,8,9,66.73,52.33,104,8767,7.08,Cash,Tier1
49,95532.61,23,6,9,31.04,57.68,109,3987,6.29,Cash,Tier3
43,40373.4,25,5,49,36.35,33.66,28,9554,6.67,Debit Card,Tier3
44,54589.97,92,9,18,,45.5,74,4475,9.08,UPI,Tier1
36,103792.57,37,6,69,49.43,22.53,71,9562,4.75,Debit Card,Tier1
67,59339.04,76,6,48,59.31,88.94,8,1257,7.01,Cash,Tier3
59,10000.0,65,1,40,46.41,42.2,119,5994,3.24,Cash,Tier1
46,60534.7,2,7,22,72.02,70.14,81,7706,7.5,Credit Card,Tier1
56,67968.67,74,6,76,52.01,66.64,55,6815,9.9,UPI,Tier1
58,10000.0,98,10,54,44.12,52.53,41,5950,8.3,UPI,Tier1
50,94346.58,32,7,48,30.7,91.3,94,6276,1.91,Credit Card,Tier3
36,49298.33,89,8,62,41.26,69.4,29,1759,6.81,Cash,Tier2
54,72228.39,74,6,48,50.21,57.66,110,6629,4.62,Cash,Tier3
36,60028.41,55,3,5,43.48,92.44,19,6268,4.55,Cash,Tier2
50,36656.27,50,2,75,47.55,92.48,42,4437,4.55,Credit Card,Tier2
64,41448.82,65,8,6,67.58,37.22,64,6833,7.21,Cash,Tier3
33,,32,5,12,62.7,,41,8197,1.48,Debit Card,Tier1
40,88884.78,37,7,14,35.75,82.21,102,4701,4.54,UPI,Tier3
24,61754.16,76,8,13,40.61,75.31,67,7890,1.67,UPI,Tier1
43,53518.96,82,7,11,23.1,50.87,6,9537,9.2,UPI,Tier2
49,44438.6,94,18,53,38.8,93.21,46,2121,1.51,Debit Card,Tier2
29,91315.3,13,9,39,60.15,40.5,72,1996,2.22,Debit Card,Tier2
25,97212.43,54,9,40,38.82,0.86,15,3023,4.17,Debit Card,Tier2
22,91064.37,3,8,76,71.01,94.04,7,3613,6.64,Debit Card,Tier2
59,75833.62,85,6,78,43.35,8.85,12,7085,5.71,Debit Card,Tier3
45,71376.26,42,9,59,27.98,81.88,65,7693,5.46,UPI,Tier2
22,38249.37,78,9,6,36.49,80.7,51,5776,1.19,Debit Card,Tier3
66,59591.98,40,6,27,26.23,54.67,109,314,6.92,Cash,Tier3
43,49955.08,74,6,30,44.17,98.9,114,7933,4.36,Debit Card,Tier2
22,24838.73,66,5,46,12.16,53.72,16,7045,7.41,Debit Card,Tier2
39,88254.96,60,12,27,56.83,56.31,28,2470,4.8,Cash,Tier1
32,49691.74,11,9,41,63.69,17.21,76,8786,8.48,Debit Card,Tier2
30,91310.72,1,8,34,50.61,12.29,98,5939,2.83,Debit Card,Tier2
45,84398.42,26,8,67,46.76,35.85,50,4339,7.16,Cash,Tier1
50,77247.8,42,4,35,43.5,80.41,97,6528,9.16,UPI,Tier3
60,78483.45,62,11,77,41.89,49.17,84,6031,2.13,UPI,Tier1
40,51463.09,61,6,46,38.27,,117,3094,9.5,Debit Card,Tier2
50,105872.7,77,7,59,30.63,27.79,20,841,4.86,UPI,Tier1
60,65948.76,92,6,51,28.68,20.39,112,4794,4.72,Cash,Tier1
35,71642.5,85,6,5,48.13,34.66,43,3734,2.07,Credit Card,Tier1
67,50720.32,62,5,60,49.26,83.76,53,1676,9.02,Credit Card,Tier2
47,44514.36,74,6,15,30.97,70.43,71,902,6.89,UPI,Tier3
43,75500.51,12,7,29,32.73,70.28,25,224,8.76,UPI,Tier1
33,,27,6,47,31.31,64.83,55,4362,7.39,Credit Card,Tier1
30,47634.25,67,11,30,30.19,26.88,13,5307,5.1,UPI,Tier2
56,33354.61,28,8,30,33.19,87.56,47,1009,5.15,Cash,Tier1
50,37061.69,66,8,12,29.56,45.35,98,1354,8.64,Cash,Tier2
43,91314.94,28,7,72,49.13,,18,3288,5.27,Cash,Tier1
65,51508.42,95,7,71,50.51,9.62,112,8321,2.36,UPI,Tier3
18,57544.01,21,6,63,8.65,98.63,110,1907,4.22,Debit Card,Tier1
66,96907.49,7,5,47,59.64,40.32,16,8115,8.38,Debit Card,Tier3
55,40312.69,95,9,55,31.79,70.21,53,7498,1.23,UPI,Tier1
19,49006.11,14,9,47,,92.94,92,188,5.55,Cash,Tier3
66,48087.13,39,4,18,57.18,3.11,46,8582,4.01,Credit Card,Tier3
23,100597.51,73,7,12,45.17,89.61,36,614,4.54,Credit Card,Tier1
63,108854.44,87,8,46,47.6,90.98,104,1992,3.48,Credit Card,Tier1
67,81534.39,62,5,7,49.15,21.9,99,5213,7.68,Cash,Tier3
55,82234.46,12,10,46,53.59,33.09,83,8524,9.5,Debit Card,Tier1
59,52232.19,93,10,39,43.3,88.34,20,3344,4.16,Credit Card,Tier3
41,107841.23,38,7,56,53.11,49.59,32,3034,5.11,Credit Card,Tier1
35,,58,7,49,61.4,82.72,75,3774,7.27,Debit Card,Tier3
44,83768.43,56,7,6,50.31,0.65,30,8567,5.21,Credit Card,Tier1
58,62678.45,39,8,52,40.14,47.94,83,9360,5.89,Cash,Tier2
25,59103.28,86,10,69,40.36,53.01,33,2580,6.04,UPI,Tier3
45,101586.93,4,13,75,29.54,63.01,13,8046,6.77,UPI,Tier1
27,76873.92,48,3,13,,40.25,96,8623,4.81,Credit Card,Tier1
34,96930.26,7,13,52,56.94,1.65,81,8724,2.34,Cash,Tier3
46,,60,9,79,27.3,50.55,41,9881,4.51,Cash,Tier2
23,46335.94,40,8,42,52.5,55.83,3,3044,8.76,Debit Card,Tier3
31,52166.46,8,6,75,30.82,35.97,5,5695,3.65,Credit Card,Tier2
39,67265.24,58,4,54,,90.58,26,4590,6.14,Credit Card,Tier1
23,51217.0,57,10,71,44.67,29.49,7,5865,1.75,Cash,Tier2
43,40635.85,35,4,73,50.9,4.4,18,3224,7.37,Cash,Tier2
56,91431.17,73,9,29,51.94,85.37,113,4950,4.54,UPI,Tier2
29,53012.86,13,8,37,59.4,99.37,39,383,2.61,Cash,Tier2
52,68040.24,39,9,50,34.94,81.71,45,4543,8.08,Debit Card,Tier1
31,71514.94,84,9,16,65.76,21.29,102,6384,9.83,Credit Card,Tier2
39,52060.63,21,2,14,16.26,18.37,77,1324,3.57,Debit Card,Tier3
68,96917.59,47,13,22,68.07,8.7,56,3408,1.85,Credit Card,Tier2
40,40422.88,83,3,68,41.79,87.95,65,527,2.79,UPI,Tier3
65,70755.76,2,7,50,77.29,74.32,35,2871,7.74,UPI,Tier1
24,70414.59,44,10,23,56.65,93.54,23,5964,3.34,Credit Card,Tier3
57,63806.4,30,6,32,58.99,66.01,20,1060,2.7,Debit Card,Tier1
67,36467.92,87,11,28,47.07,4.25,46,1419,7.98,Credit Card,Tier3
42,84157.99,55,14,68,,31.68,102,1173,4.37,Debit Card,Tier3
30,81357.23,40,4,53,54.4,60.64,93,8454,5.1,UPI,Tier2
38,50137.49,77,9,63,25.46,49.95,45,7263,9.69,UPI,Tier3
58,80564.72,97,5,76,45.44,8.76,101,806,6.58,Debit Card,Tier1
27,73247.97,96,16,33,61.19,3.03,6,3544,3.49,Debit Card,Tier3
26,36826.53,92,5,7,33.18,28.85,13,354,2.8,Cash,Tier3
32,46213.56,24,10,6,63.16,68.75,23,4097,5.41,UPI,Tier3
69,90042.19,42,8,64,69.3,94.51,58,1912,8.12,Credit Card,Tier2
19,71807.16,28,4,57,9.72,65.54,4,5870,2.44,Credit Card,Tier1
42,52585.34,94,9,27,31.36,2.93,36,1663,5.73,UPI,Tier2
30,46113.53,93,10,56,48.32,84.14,62,9144,7.06,Debit Card,Tier1
51,53661.34,98,13,24,42.86,6.14,15,4624,1.97,UPI,Tier1
68,55221.45,51,12,38,26.97,72.15,11,5907,7.63,Credit Card,Tier3
51,46388.81,22,7,36,,44.64,53,9872,8.66,Credit Card,Tier1
52,26681.19,89,13,31,59.67,25.47,22,8750,7.3,UPI,Tier1
55,90080.29,78,2,14,63.78,65.3,30,388,2.23,Debit Card,Tier1
20,86353.94,74,12,38,62.79,70.5,108,6554,3.32,Credit Card,Tier3
59,36988.38,74,10,36,30.55,51.22,116,2887,2.71,Cash,Tier2
23,67998.85,8,9,77,52.66,79.77,18,5384,8.98,Credit Card,Tier1
65,45150.76,14,7,77,59.16,23.82,50,5233,6.87,UPI,Tier2
66,59245.52,45,7,46,52.35,33.67,74,1344,5.7,Cash,Tier2
36,57415.14,38,7,17,58.46,64.65,69,7567,5.66,UPI,Tier2
20,55587.65,32,3,32,51.27,47.57,95,9043,7.89,Cash,Tier3
35,109064.84,62,6,35,37.8,7.98,33,5387,4.75,Cash,Tier1
56,55312.83,96,15,12,34.17,12.49,56,4098,3.12,Cash,Tier3
26,47218.2,67,11,16,59.88,77.8,18,6720,6.68,UPI,Tier3
69,48223.21,84,4,75,37.09,73.86,58,8773,8.82,Cash,Tier3
29,87963.09,61,4,60,,81.2,114,3470,5.25,UPI,Tier3
22,28653.75,13,4,34,57.07,11.75,54,9512,4.25,Debit Card,Tier3
20,,87,6,19,38.39,32.83,71,7825,1.14,Debit Card,Tier1
28,,83,9,74,55.39,77.81,89,4601,9.93,UPI,Tier1
47,70367.7,80,9,52,44.1,,21,5641,4.13,Debit Card,Tier1
21,69222.28,99,10,20,62.77,2.45,98,6944,8.88,Debit Card,Tier1
22,111907.22,47,8,18,67.48,79.06,87,4489,5.79,UPI,Tier1
18,70419.65,54,5,37,28.36,34.98,16,3704,1.39,Cash,Tier1
44,49419.9,71,5,50,34.01,50.96,91,7367,4.19,Cash,Tier3
45,58794.3,52,5,37,69.61,6.64,13,5232,3.18,Cash,Tier1
46,40020.49,72,10,42,41.28,29.11,13,2280,4.59,UPI,Tier1
35,92630.61,25,5,66,60.82,83.0,89,4994,4.68,UPI,Tier2
29,77640.36,23,5,32,38.78,10.98,42,8997,6.71,UPI,Tier3
30,89737.11,74,11,46,32.62,69.5,97,6699,6.69,Cash,Tier3
58,91685.65,30,6,25,52.27,36.48,81,1018,7.51,Cash,Tier1
19,55887.36,97,12,65,39.27,37.14,25,6327,8.9,Credit Card,Tier2
54,,11,8,62,42.99,16.51,18,1515,5.94,UPI,Tier1
62,63862.31,35,9,29,39.53,1.66,112,1468,3.51,Cash,Tier1
33,45799.26,27,9,11,,46.65,115,5678,9.27,Debit Card,Tier3
65,274516.2,67,40,36,40.16,98.35,112,4167,8.53,Debit Card,Tier1
41,89906.13,47,11,67,,83.44,82,5431,4.64,Debit Card,Tier3
52,61300.93,50,3,28,22.18,46.98,53,7265,4.83,Cash,Tier1
39,68299.89,8,11,27,64.35,60.79,49,5830,5.02,Debit Card,Tier3
53,62935.4,55,5,43,31.12,64.32,80,1243,4.62,Debit Card,Tier2
28,,77,4,9,52.93,87.37,27,8224,9.43,Credit Card,Tier1
63,50308.79,42,8,64,52.12,58.56,74,6979,2.85,Debit Card,Tier3
46,16678.18,67,5,17,39.42,92.73,24,6591,7.1,UPI,Tier3
52,75359.11,20,8,36,25.71,69.12,24,2036,2.48,Debit Card,Tier3
65,86732.36,45,4,50,33.9,17.57,65,982,1.29,UPI,Tier1
32,74820.23,35,10,79,25.62,52.47,32,458,1.79,Debit Card,Tier1
48,50914.93,77,9,76,43.1,27.58,83,5683,1.33,Cash,Tier2
59,40029.73,20,8,66,48.85,64.22,73,2159,8.32,Credit Card,Tier3
58,75878.95,24,7,36,49.84,35.67,5,9495,9.93,Debit Card,Tier2
60,68112.54,57,6,75,31.37,87.87,22,517,9.5,Credit Card,Tier2
33,62232.56,55,11,47,34.05,49.72,54,1214,1.17,UPI,Tier1
27,105094.19,9,6,39,17.62,37.92,56,1319,8.32,UPI,Tier3
66,44170.4,94,10,77,,64.35,24,9309,4.01,Debit Card,Tier2
49,104050.81,89,13,51,50.61,68.85,30,6178,1.76,UPI,Tier1
68,65699.25,16,13,57,14.21,92.6,12,8814,4.61,Cash,Tier3
19,24617.45,55,9,13,48.34,13.42,80,567,5.68,UPI,Tier3
41,61057.54,72,10,37,46.9,2.92,116,5214,5.12,UPI,Tier3
40,86108.91,58,14,37,22.96,,12,9651,1.96,Credit Card,Tier3
19,56968.79,64,8,59,54.8,,21,6974,9.45,Debit Card,Tier3
55,32554.87,92,10,31,30.83,71.27,11,9103,9.23,Credit Card,Tier1
48,61380.68,76,8,36,51.89,48.6,85,3589,7.27,Credit Card,Tier2
68,46142.21,88,5,37,69.04,6.89,2,474,3.49,Debit Card,Tier2
57,75819.92,49,7,10,53.0,95.33,91,2487,6.96,UPI,Tier3
43,82014.8,29,15,69,59.45,,42,1626,2.56,UPI,Tier3
46,41762.05,79,10,77,59.08,15.9,25,5297,3.86,Credit Card,Tier2
20,49472.31,82,8,12,62.47,96.02,75,4720,9.47,UPI,Tier3
31,81646.13,7,9,68,37.71,1.16,105,5784,1.22,UPI,Tier2
42,46105.43,77,9,33,17.49,91.35,17,487,3.85,UPI,Tier2
65,41192.52,83,14,22,39.34,42.71,97,6296,5.34,Cash,Tier1
18,39068.8,69,6,38,41.17,92.27,99,959,8.55,Debit Card,Tier2
20,,90,7,76,58.29,14.9,84,4646,8.92,Credit Card,Tier2
43,,2,11,61,44.41,62.66,90,8351,7.08,Cash,Tier3
35,49950.99,33,7,14,38.27,57.18,56,1369,4.24,Credit Card,Tier3
26,65111.88,48,10,39,24.51,32.38,64,4592,9.81,UPI,Tier1
55,98596.91,37,7,12,37.93,30.48,112,5202,1.22,UPI,Tier2
40,43570.68,89,5,15,31.88,26.01,53,8142,9.67,Debit Card,Tier3
38,22061.66,89,7,9,40.11,44.84,15,4936,9.52,Cash,Tier3
18,75011.66,30,9,28,17.61,51.33,83,4996,4.55,Debit Card,Tier2
38,62571.17,41,8,40,69.99,20.31,1,4065,2.75,Credit Card,Tier2
44,,4,5,73,39.39,62.51,89,3483,8.19,UPI,Tier3
59,79345.77,83,11,34,41.51,2.74,98,6875,7.09,Cash,Tier2
23,83462.95,91,6,79,65.23,63.98,114,1801,6.75,UPI,Tier2
61,16417.88,39,7,42,36.88,96.81,41,2371,8.33,Debit Card,Tier3
53,50642.85,24,4,30,40.74,90.19,56,5278,2.96,UPI,Tier2
45,115985.36,50,5,43,59.64,79.23,32,9161,2.61,Credit Card,Tier2
62,77834.91,37,7,71,44.49,18.81,77,1853,9.17,UPI,Tier3
34,79874.28,53,4,41,44.91,34.2,19,5199,5.27,Cash,Tier3
57,90803.67,25,7,18,39.62,45.8,40,9669,7.18,Credit Card,Tier3
69,65375.51,93,7,63,60.43,19.48,50,9442,3.58,Credit Card,Tier3
20,82527.05,31,10,78,66.09,54.93,21,8131,5.5,Credit Card,Tier1
29,80797.36,99,7,27,47.98,49.44,82,9500,3.1,Cash,Tier2
56,76858.91,92,10,15,33.09,,8,8830,6.46,Credit Card,Tier1
29,57915.74,38,5,72,36.44,74.89,19,4947,2.43,Debit Card,Tier3
19,68785.3,58,12,35,59.28,43.5,58,4642,2.34,Credit Card,Tier2
63,52056.05,53,7,45,44.48,34.98,21,4017,7.16,Credit Card,Tier1
39,65281.91,50,4,38,35.32,50.7,55,634,4.6,UPI,Tier1
40,39293.2,4,12,70,25.84,93.12,101,8667,8.74,Credit Card,Tier3
47,,92,7,70,51.0,50.01,35,1719,4.1,Cash,Tier1
22,58789.14,52,5,5,70.78,88.94,51,5352,4.25,UPI,Tier3
26,44238.48,31,6,33,36.24,12.38,85,211,2.96,Cash,Tier3
38,53889.62,87,9,61,32.41,78.13,116,5567,8.17,Credit Card,Tier2
28,61393.63,78,5,67,38.83,27.45,67,6747,9.47,Credit Card,Tier1
22,73849.77,92,19,52,49.26,26.43,30,8300,4.33,Cash,Tier2
52,85883.66,14,4,40,39.99,99.61,107,6828,4.87,Debit Card,Tier1
44,54796.74,1,7,7,45.83,11.58,95,9040,3.83,Cash,Tier3
66,94372.3,43,7,53,61.18,28.16,3,9633,1.04,Cash,Tier1
19,85649.44,96,2,62,39.76,27.01,30,5213,8.11,Debit Card,Tier2
41,76090.06,59,5,40,35.04,1.92,46,1747,4.21,Credit Card,Tier1
48,68380.28,61,3,49,32.25,49.77,42,4404,9.55,Debit Card,Tier3
50,72020.66,41,6,38,50.44,23.64,61,1749,2.13,Debit Card,Tier3
56,91115.13,18,11,26,46.28,87.09,4,6688,7.63,Credit Card,Tier2
47,91918.75,60,10,69,48.43,4.98,63,231,9.12,UPI,Tier1
63,94368.83,69,9,66,41.59,40.54,48,7732,6.88,Credit Card,Tier1
54,65909.19,79,6,56,36.05,65.35,94,3108,6.32,UPI,Tier3
68,77209.28,59,2,30,65.03,72.18,27,5574,4.58,Credit Card,Tier2
45,,42,11,73,16.18,76.45,5,6952,4.94,Credit Card,Tier2
48,51278.25,80,4,10,58.53,89.93,115,4996,6.73,Debit Card,Tier1
28,57994.83,36,7,62,36.86,94.34,110,7407,5.16,Cash,Tier2
40,65352.81,40,8,40,39.3,69.18,93,526,9.89,Debit Card,Tier3
19,84791.17,30,5,50,29.41,66.4,53,2320,5.15,UPI,Tier2
57,85133.79,87,14,25,52.8,53.31,95,204,9.06,Credit Card,Tier2
58,59920.99,11,10,59,,43.47,50,8171,3.36,UPI,Tier3
44,,25,6,47,60.21,97.31,73,2526,6.99,Cash,Tier2
52,70416.05,45,7,39,59.63,66.08,113,1695,9.71,Debit Card,Tier3
19,44797.04,51,7,18,68.04,60.95,47,621,9.79,Cash,Tier2
56,32221.4,43,11,29,56.75,29.46,24,7545,4.23,UPI,Tier1
54,37194.83,66,12,43,49.26,38.12,12,8440,4.31,Credit Card,Tier1
38,72180.38,99,7,71,62.78,25.78,82,9704,2.41,UPI,Tier2
22,94942.82,47,7,78,30.18,49.3,114,5839,1.77,Credit Card,Tier1
69,65855.68,24,10,74,51.64,36.74,2,294,3.33,Cash,Tier1
62,69650.37,77,9,57,29.4,87.78,42,2113,5.64,UPI,Tier1
38,91023.69,37,15,16,61.72,50.25,73,2218,6.72,Cash,Tier1
46,31021.99,56,12,61,40.43,98.76,24,1405,1.78,UPI,Tier1
37,76443.88,94,5,64,58.93,77.11,59,7459,6.64,Cash,Tier2
55,64745.02,75,9,40,38.97,12.96,6,3444,4.5,UPI,Tier2
37,77453.26,87,12,69,59.21,20.35,69,4190,1.83,Debit Card,Tier1
67,54363.35,46,7,67,43.46,92.75,118,2512,1.21,Debit Card,Tier1
42,47005.38,28,14,42,52.41,96.15,64,5363,8.6,Debit Card,Tier2
19,68091.2,93,13,35,44.04,0.48,33,3370,8.49,UPI,Tier1
49,101282.21,52,7,21,35.64,45.55,41,8960,9.13,Debit Card,Tier2
43,83940.02,15,8,38,41.03,25.65,24,9530,9.04,Credit Card,Tier2
23,53830.76,45,6,51,55.4,27.73,71,3107,9.78,Cash,Tier3
58,35498.62,58,4,56,19.44,50.04,65,6432,3.63,Cash,Tier1
20,27994.52,67,9,47,57.18,56.76,40,2191,4.05,Credit Card,Tier1
50,93954.19,73,9,33,43.81,6.36,8,3120,6.74,Credit Card,Tier1
18,43988.19,72,7,26,39.96,65.81,33,7165,4.65,UPI,Tier1
68,57838.7,97,8,42,22.1,40.51,35,3550,6.56,Debit Card,Tier1
22,94066.64,98,10,66,48.36,5.18,24,3373,3.43,Debit Card,Tier2
30,29494.17,73,9,39,34.26,12.69,63,1658,8.6,UPI,Tier1
36,97829.82,81,6,59,39.85,5.08,3,8940,6.95,Debit Card,Tier2
29,59419.91,41,6,78,55.22,34.81,68,7379,5.99,Debit Card,Tier3
65,39731.17,65,14,48,39.01,65.82,92,9656,6.84,Credit Card,Tier1
42,59558.28,40,9,10,49.82,60.58,8,5145,1.81,Credit Card,Tier3
68,,5,8,23,18.48,50.83,88,1739,5.62,Credit Card,Tier2
52,74698.04,94,7,16,41.06,65.77,10,1468,8.92,Debit Card,Tier1
29,,75,10,31,63.48,87.46,59,6405,6.12,Credit Card,Tier2
47,22943.87,28,8,37,61.46,25.38,86,7810,2.79,Debit Card,Tier3
22,60147.62,38,4,41,19.19,95.81,7,5884,1.55,Debit Card,Tier1
51,35156.01,81,8,62,30.64,96.29,89,5419,9.02,Cash,Tier3
39,69495.04,87,6,35,48.49,52.31,59,3017,9.25,UPI,Tier2
56,38883.13,18,5,51,67.6,70.91,117,6969,9.35,Debit Card,Tier3
30,54263.72,37,4,70,66.68,70.26,51,2747,7.84,Debit Card,Tier3
64,69016.93,27,10,24,48.42,66.97,28,2481,3.9,Cash,Tier3
20,60325.91,25,8,33,29.53,2.3,40,471,6.35,Credit Card,Tier3
37,70509.47,69,8,29,50.34,73.1,93,5867,5.29,Debit Card,Tier1
48,79966.32,83,6,79,40.49,72.71,71,8618,8.65,UPI,Tier1
22,39525.46,27,13,16,37.7,59.27,76,7964,6.48,UPI,Tier2
41,63583.25,77,11,12,24.33,0.31,38,2269,7.22,Debit Card,Tier1
57,10000.0,54,8,67,33.11,24.57,84,2624,5.34,UPI,Tier1
50,70441.33,7,5,71,38.89,8.34,97,4923,7.04,Debit Card,Tier2
25,58382.09,90,7,65,45.2,47.87,117,1014,5.68,Cash,Tier2
41,43364.11,78,7,79,28.07,8.72,102,8429,9.08,Credit Card,Tier3
67,71945.83,27,7,32,45.78,,38,2044,3.21,Credit Card,Tier2
37,90799.35,59,8,19,40.88,23.0,4,6394,6.06,Credit Card,Tier3
33,54527.61,72,7,60,59.43,43.03,20,2351,1.81,Credit Card,Tier2
67,44214.08,31,11,9,33.95,43.98,35,405,2.72,UPI,Tier1
69,68630.56,99,8,66,57.01,43.05,2,8556,4.52,Cash,Tier2
29,35616.65,91,7,8,44.69,42.06,102,8308,5.89,UPI,Tier2
30,50471.61,68,5,31,48.44,35.07,83,4003,6.09,UPI,Tier1
62,91892.85,4,6,8,54.05,,40,6478,1.27,Credit Card,Tier1
59,66367.94,18,21,68,49.13,27.24,80,7452,7.23,Debit Card,Tier1
56,23651.73,63,6,18,33.37,41.8,80,9071,8.43,Cash,Tier3
42,25466.18,87,4,5,21.23,97.17,66,5425,2.42,Debit Card,Tier1
63,68565.89,96,4,77,30.28,67.94,104,8035,6.59,Credit Card,Tier2
49,83972.59,76,9,35,51.68,67.68,105,9677,9.31,UPI,Tier3
41,29412.33,52,7,16,58.63,16.82,116,832,6.4,Cash,Tier1
65,74893.68,84,7,12,53.74,,21,1460,2.28,Cash,Tier3
64,94267.56,63,5,66,20.39,1.47,17,3479,1.9,Debit Card,Tier3
61,106532.9,45,8,27,58.87,,21,9408,2.82,Debit Card,Tier2
26,72286.9,12,5,69,,74.5,40,4416,3.72,Debit Card,Tier3
57,76149.66,8,12,69,49.08,98.39,32,9783,4.15,Credit Card,Tier1
67,,22,7,62,53.5,58.84,110,4020,5.63,Cash,Tier1
40,111194.56,91,4,50,39.34,95.51,72,8075,6.91,Cash,Tier1
67,52339.22,41,9,66,38.77,38.75,106,6404,2.49,Debit Card,Tier3
30,44463.63,41,10,40,69.87,22.29,76,6934,5.95,Credit Card,Tier1
49,59385.47,81,10,7,71.43,,58,2231,6.79,Debit Card,Tier2
67,98256.82,57,8,24,36.35,33.51,23,6324,4.57,Cash,Tier1
32,113577.01,32,6,68,27.94,99.25,117,668,5.31,Debit Card,Tier2
53,67758.99,97,4,41,36.39,15.27,48,6533,7.71,Debit Card,Tier1
66,86957.85,95,6,66,30.33,1.36,80,4255,8.35,Cash,Tier3
22,65950.49,55,10,18,35.71,64.17,110,2288,4.72,UPI,Tier2
39,42168.5,6,6,79,,33.44,91,5812,3.43,Debit Card,Tier1
33,97488.36,39,9,45,30.02,34.8,71,6405,5.74,Credit Card,Tier3
58,51313.2,9,6,70,45.34,68.79,104,7707,5.46,UPI,Tier1
27,98781.68,32,6,8,27.64,76.86,79,6078,6.35,Cash,Tier3
41,93567.91,36,9,14,38.81,40.68,8,232,4.23,Cash,Tier2
35,78508.8,16,11,75,,13.93,87,590,8.35,Cash,Tier1
66,105237.44,12,10,23,29.43,40.49,50,4159,6.11,Cash,Tier3
35,114111.61,41,4,75,53.83,30.81,33,6474,6.04,Credit Card,Tier2
24,,67,8,31,45.42,76.91,94,3503,3.23,UPI,Tier1
21,47206.53,58,11,38,36.12,34.02,55,9772,5.46,Debit Card,Tier2
43,23986.06,91,11,73,38.77,27.58,117,2105,9.17,Credit Card,Tier2
22,114383.01,91,10,44,45.35,76.04,23,6376,5.98,Cash,Tier1
33,,9,9,44,25.7,98.84,112,6472,2.01,Cash,Tier3
52,89970.81,17,10,30,13.8,28.12,105,2717,5.69,Credit Card,Tier2
43,48692.38,5,7,77,52.48,56.47,113,8266,2.68,Debit Card,Tier3
35,98841.84,26,13,55,68.25,89.41,105,3900,9.22,UPI,Tier2
46,49597.41,85,10,39,66.9,95.3,54,7506,5.77,UPI,Tier2
40,38782.18,1,9,10,13.64,91.35,54,349,7.6,Credit Card,Tier2
31,60412.86,1,3,65,40.17,93.55,52,781,1.55,Cash,Tier2
32,53300.93,35,7,78,39.53,16.46,43,1723,4.65,Credit Card,Tier3
66,78118.6,9,6,65,74.68,38.76,88,2464,6.37,Credit Card,Tier2
50,63869.31,87,8,23,67.5,40.44,63,9989,2.0,UPI,Tier3
42,78809.45,38,11,39,43.94,68.62,67,6134,1.53,UPI,Tier3
38,58597.53,4,5,30,28.43,7.22,14,4509,9.25,Debit Card,Tier3
34,50367.64,52,9,39,40.55,24.77,2,7278,2.02,Credit Card,Tier2
40,52161.67,19,9,55,48.4,89.4,70,2214,5.7,Debit Card,Tier2
60,109988.65,5,11,64,48.46,80.81,57,618,9.5,Credit Card,Tier1
34,69953.76,92,3,71,30.5,37.24,96,7891,1.12,UPI,Tier2
31,21357.23,48,7,9,47.99,45.45,83,4783,8.68,Credit Card,Tier3
46,53555.4,87,14,49,18.85,47.19,74,727,2.87,Debit Card,Tier3
37,67131.05,63,12,77,46.43,70.79,110,2807,9.39,Debit Card,Tier1
47,105598.79,38,10,64,36.43,61.07,34,6018,5.47,UPI,Tier3
36,87631.37,52,5,64,53.0,,26,1365,2.31,Cash,Tier3
56,44722.21,87,8,33,45.35,33.12,25,4257,5.62,Credit Card,Tier1
30,118203.83,46,9,48,33.47,71.74,61,3070,6.66,Cash,Tier3
35,64314.47,82,7,24,51.67,10.82,68,3447,6.52,Debit Card,Tier3
40,92419.26,93,6,58,45.27,29.08,59,1593,7.64,Cash,Tier1
63,39589.81,92,3,60,58.48,15.53,19,817,9.91,Debit Card,Tier3
50,12240.41,9,9,60,90.92,14.9,2,7492,3.99,Debit Card,Tier3
56,34014.51,50,9,44,43.36,28.26,47,2221,6.6,Cash,Tier2
57,10000.0,74,9,26,35.59,93.85,50,9548,1.57,Cash,Tier1
35,111465.97,66,8,51,35.62,8.22,30,4365,5.7,Cash,Tier1
26,69719.72,77,10,64,66.87,49.88,54,3901,9.77,UPI,Tier1
50,44657.83,38,10,40,50.35,92.07,16,9425,5.05,Credit Card,Tier2
49,74957.73,27,4,38,49.18,55.97,39,8549,7.89,UPI,Tier1
34,69165.35,20,9,38,38.04,30.15,73,8959,4.49,Credit Card,Tier1
36,78660.53,62,12,31,39.91,22.4,79,2981,9.59,UPI,Tier1
44,91609.69,74,8,69,26.17,32.19,78,1142,4.47,Debit Card,Tier2
23,58621.73,16,5,33,47.67,14.56,39,2823,8.31,Cash,Tier2
52,45643.54,79,12,36,35.11,28.01,51,8002,8.07,Credit Card,Tier2
54,83211.05,13,7,61,43.07,81.06,119,188,2.36,Credit Card,Tier2
51,82651.32,20,3,17,62.49,65.39,32,9441,8.62,Debit Card,Tier1
37,67216.19,24,3,40,51.48,12.26,24,6586,7.36,UPI,Tier1
42,112906.19,50,6,17,56.62,,41,529,2.53,Cash,Tier3
21,55367.91,7,10,50,33.93,57.07,9,1471,3.22,UPI,Tier1
27,,87,13,9,65.15,18.05,88,1057,4.01,UPI,Tier3
27,74198.01,88,13,57,32.12,22.95,93,4159,1.1,Cash,Tier1
41,50151.37,29,12,78,39.31,60.99,108,5118,6.33,UPI,Tier1
38,75901.36,5,8,21,48.39,78.69,57,9753,7.1,Credit Card,Tier3
28,46673.82,35,8,6,45.53,81.62,117,7649,4.3,UPI,Tier2
44,56194.67,65,8,29,77.69,55.08,35,7313,3.94,Credit Card,Tier1
33,106598.49,82,4,11,75.79,29.55,91,7880,7.63,UPI,Tier1
43,56077.08,70,6,38,25.0,88.13,99,8771,3.88,Debit Card,Tier3
47,47425.27,87,7,30,35.08,78.31,40,5550,1.83,Credit Card,Tier3
66,90754.93,74,4,62,44.04,86.52,67,1641,5.91,Cash,Tier1
33,41877.08,7,10,65,51.07,88.36,40,9259,8.12,Credit Card,Tier1
24,49755.25,44,9,24,38.35,61.39,16,6448,6.37,Debit Card,Tier1
33,77684.34,72,8,69,32.66,58.51,67,7916,7.32,Credit Card,Tier1
52,85645.05,13,10,77,42.52,,27,5206,8.01,Debit Card,Tier3
33,91850.48,94,11,26,20.88,26.93,16,8966,9.39,Cash,Tier3
57,48561.12,82,7,21,28.69,17.03,8,3951,8.32,Credit Card,Tier1
29,78112.19,78,13,67,26.71,41.05,68,2011,4.99,UPI,Tier2
52,54745.62,75,4,70,47.84,8.37,76,2297,3.58,Credit Card,Tier2
66,51675.58,38,10,20,32.89,48.81,106,7509,1.09,Credit Card,Tier1
38,91470.68,13,6,59,31.54,21.99,101,1902,4.43,Credit Card,Tier2
67,52909.8,54,15,60,34.24,41.08,82,8114,2.87,UPI,Tier2
60,71120.5,44,9,47,42.37,25.02,117,9853,6.89,Credit Card,Tier2
53,,97,9,78,28.91,0.05,21,1672,4.51,Cash,Tier3
65,41443.4,13,9,14,66.77,92.77,70,7338,8.23,Debit Card,Tier2
34,86254.04,25,8,57,37.02,79.42,106,1092,9.96,Credit Card,Tier2
49,77326.18,24,7,64,54.37,,7,5297,8.1,Credit Card,Tier2
58,21301.61,29,12,19,43.29,1.3,118,8903,7.93,Debit Card,Tier1
23,71103.26,70,9,8,56.62,85.31,13,9151,5.16,Cash,Tier1
41,47994.58,18,7,51,1.29,74.77,97,2059,4.51,Credit Card,Tier1
44,89135.66,92,4,26,27.58,40.38,73,2182,1.88,UPI,Tier3
37,33201.2,5,5,40,38.33,49.9,40,805,6.47,Credit Card,Tier1
42,57157.51,18,9,26,64.33,78.55,46,8402,3.87,Credit Card,Tier3
19,72964.54,63,13,23,47.2,65.39,34,5871,5.4,UPI,Tier3
26,66195.49,37,5,77,23.31,90.35,77,6543,5.7,Debit Card,Tier3
45,81785.08,71,8,15,23.4,56.61,87,9497,5.83,Cash,Tier1
55,31594.72,55,8,76,56.4,58.06,12,4048,4.48,Credit Card,Tier2
20,101342.12,73,8,69,53.07,80.48,107,9969,4.46,Credit Card,Tier1
37,76553.18,99,13,70,39.36,20.69,107,9982,1.88,Cash,Tier3
23,94913.8,12,5,19,14.07,20.72,36,9475,4.36,Credit Card,Tier3
56,84233.28,52,10,33,56.73,14.0,20,7172,8.08,UPI,Tier3
50,64744.58,57,7,19,53.17,15.41,108,7122,3.94,Debit Card,Tier1
18,36747.64,46,11,78,51.7,73.89,65,3567,5.05,UPI,Tier2
54,52601.83,44,14,59,19.49,42.3,18,7586,5.08,UPI,Tier2
23,99970.39,24,5,63,60.27,47.18,51,7058,7.88,UPI,Tier2
62,95479.63,9,8,65,46.33,44.88,45,7959,4.31,Credit Card,Tier2
51,51368.8,12,7,78,47.84,24.3,47,8029,2.53,UPI,Tier3
64,10000.0,9,9,61,35.59,96.46,116,8454,1.31,Cash,Tier2
32,60320.83,22,4,26,61.66,50.33,64,8391,7.87,Credit Card,Tier2
62,58670.54,17,7,34,33.92,38.41,82,1536,5.08,Debit Card,Tier2
43,59505.0,33,6,29,51.81,75.15,3,5241,5.0,Cash,Tier1
31,76627.86,47,7,71,32.5,77.2,99,7949,3.91,Cash,Tier2
24,84276.68,88,11,13,35.63,98.43,90,7294,1.48,Cash,Tier1
63,86786.59,15,5,38,47.83,46.37,41,341,7.67,Cash,Tier2
48,74805.6,93,13,68,10.72,10.11,100,4823,7.98,UPI,Tier3
41,25383.04,96,11,27,76.52,76.81,29,4408,9.48,Debit Card,Tier3
48,57493.61,33,5,14,48.54,70.63,35,117,4.85,UPI,Tier3
46,115689.98,93,5,50,59.22,5.45,118,9094,2.36,Debit Card,Tier2
59,73232.77,15,8,55,8.76,57.1,53,4763,4.64,UPI,Tier3
49,73092.03,27,10,66,28.1,13.88,111,2823,4.48,Debit Card,Tier2
34,72908.69,98,8,43,24.09,98.54,74,1468,5.89,Cash,Tier1
31,74138.35,61,9,69,62.45,81.52,118,9040,2.63,Debit Card,Tier2
57,12571.53,68,14,76,32.5,13.2,94,8175,4.23,UPI,Tier2
53,59730.47,82,4,71,54.14,9.77,71,9977,9.39,Debit Card,Tier2
65,64166.36,85,6,57,46.92,28.2,14,4835,8.58,Debit Card,Tier3
41,93192.9,48,9,47,,25.81,93,8043,2.07,Debit Card,Tier1
62,66048.8,8,11,22,63.08,43.6,33,3631,1.4,Cash,Tier2
44,28776.75,6,6,38,34.93,1.09,48,4136,6.18,Cash,Tier1
42,74461.96,63,6,13,44.92,,28,6621,8.77,UPI,Tier2
49,47315.86,84,2,6,36.02,49.06,53,274,5.94,Cash,Tier1
69,38230.72,2,9,19,33.59,5.48,78,235,3.96,Credit Card,Tier1
35,46648.5,22,7,13,43.61,3.85,92,8959,9.89,Debit Card,Tier2
63,76935.09,21,6,64,30.34,17.07,50,8044,1.0,Credit Card,Tier2
35,92692.75,6,7,15,,32.7,24,6525,1.74,UPI,Tier1
54,75624.46,96,7,65,34.67,6.09,53,1756,1.4,Debit Card,Tier2
43,78904.51,70,8,66,56.89,32.58,78,4980,1.84,UPI,Tier2
26,75407.0,13,7,25,34.72,90.0,33,9860,5.71,Credit Card,Tier2
52,67229.2,1,9,69,39.91,,43,1107,3.57,UPI,Tier2
25,80332.47,22,9,24,62.48,1.06,107,9076,9.62,Credit Card,Tier3
37,11786.94,24,6,77,52.18,64.72,43,8188,8.05,Credit Card,Tier3
59,67443.94,64,10,55,44.14,91.58,38,174,2.84,UPI,Tier3
39,42011.65,41,6,12,30.96,17.49,109,7794,4.18,Credit Card,Tier2
36,90583.86,94,5,78,52.26,46.03,68,7553,8.83,Debit Card,Tier1
47,61762.58,22,2,51,30.35,34.53,5,6695,2.54,Debit Card,Tier1
45,,61,3,19,63.19,4.77,6,2787,7.32,Debit Card,Tier2
52,31888.42,12,10,23,,25.19,78,4418,6.06,Credit Card,Tier3
60,87370.28,90,9,28,78.02,34.1,105,8928,5.96,Cash,Tier3
28,78801.22,4,6,17,28.62,84.04,109,9822,6.65,Cash,Tier1
48,77252.85,83,8,48,35.19,20.31,116,8757,4.34,Credit Card,Tier1
66,47113.5,80,5,11,47.96,66.9,37,6400,6.65,Credit Card,Tier2
65,47979.92,12,9,75,44.22,50.23,97,336,7.79,Cash,Tier1
56,69919.19,33,11,52,61.45,0.91,78,2659,5.72,Debit Card,Tier3
53,49721.03,21,7,19,36.79,65.7,38,5382,5.01,UPI,Tier2
47,74567.65,73,2,16,72.71,83.37,8,6250,1.73,Debit Card,Tier2
40,17459.92,72,10,32,28.71,44.56,1,5013,1.18,UPI,Tier3
36,54274.02,84,8,62,83.94,18.89,86,9868,3.76,Debit Card,Tier2
29,104528.58,74,8,35,33.45,76.81,30,6456,1.27,UPI,Tier1
32,74668.69,96,4,8,49.77,1.91,22,8499,9.62,Credit Card,Tier1
48,,92,11,62,63.29,50.62,43,2298,1.15,Credit Card,Tier3
60,108674.98,74,6,79,54.29,4.14,114,2776,9.56,Credit Card,Tier3
54,13609.02,72,10,62,46.82,87.5,106,1187,7.01,Cash,Tier2
54,47063.16,52,8,79,34.44,98.47,28,8075,1.96,Credit Card,Tier1
32,56174.19,47,3,45,42.47,99.13,70,8465,3.29,Cash,Tier3
46,83883.73,97,7,77,40.47,15.47,96,8835,9.8,UPI,Tier2
67,84264.44,59,12,26,50.36,62.7,89,3992,1.04,Debit Card,Tier2
60,45947.85,47,10,53,41.62,58.9,77,6647,1.2,Credit Card,Tier1
43,86955.0,56,11,35,34.29,39.83,61,6319,8.96,UPI,Tier1
61,56127.08,13,6,44,32.81,80.57,45,3738,5.45,Cash,Tier1
19,91656.07,44,4,74,32.68,79.46,74,9339,1.62,Debit Card,Tier3
37,42281.86,35,7,24,43.0,85.28,17,433,8.3,UPI,Tier2
32,62287.14,29,14,77,65.0,79.1,78,756,4.69,Debit Card,Tier3
69,54216.32,56,12,40,18.71,55.77,16,6465,4.95,UPI,Tier3
21,88232.67,5,6,69,,53.53,113,2269,8.67,Credit Card,Tier3
39,53498.81,67,8,47,26.5,11.5,28,2924,1.25,UPI,Tier1
67,64066.13,53,16,45,19.86,86.28,13,8989,8.95,Credit Card,Tier3
55,76149.85,60,8,79,38.84,85.13,27,733,7.96,Debit Card,Tier3
40,76995.69,6,9,71,29.5,86.58,17,158,2.78,Cash,Tier2
43,84512.96,48,11,52,66.94,2.82,116,801,4.58,Debit Card,Tier2
68,69644.75,80,7,74,37.56,24.51,110,3533,6.24,UPI,Tier2
28,55798.52,35,13,77,41.07,42.62,10,2580,3.08,Cash,Tier2
45,,18,4,65,50.33,25.9,46,1644,3.36,Debit Card,Tier1
19,65564.79,11,7,18,72.39,79.35,35,6271,5.65,UPI,Tier2
25,70491.03,51,8,28,51.83,12.56,52,8334,6.36,Cash,Tier1
46,61762.22,23,6,71,40.77,58.62,38,9537,4.27,UPI,Tier3
28,65422.48,47,13,49,67.12,69.06,74,1059,9.62,UPI,Tier1
54,31620.42,75,8,48,51.9,73.7,46,6472,2.45,Debit Card,Tier1
35,79681.82,59,7,69,36.77,60.78,42,2979,4.03,Cash,Tier1
67,68984.47,57,10,77,64.75,46.98,97,3255,7.93,Credit Card,Tier2
31,87041.15,93,8,69,53.27,20.04,37,7837,6.6,UPI,Tier3
27,65003.53,56,11,79,47.54,26.08,26,4836,2.01,Cash,Tier1
52,26755.25,27,11,34,22.53,7.54,49,3755,3.55,Debit Card,Tier2
26,57114.18,73,11,28,,44.0,63,8173,5.43,Credit Card,Tier2
52,60601.54,35,10,42,74.14,1.68,46,7540,5.07,Debit Card,Tier3
28,81343.87,55,6,31,60.07,25.28,53,6137,4.51,Debit Card,Tier1
61,19453.98,9,9,38,32.44,73.27,26,8999,1.09,Credit Card,Tier2
29,65905.95,18,7,58,21.26,56.68,32,1688,3.25,Debit Card,Tier1
20,76300.85,44,6,11,60.66,74.95,104,6654,2.77,Debit Card,Tier3
56,50447.27,21,8,64,46.98,28.17,86,7020,1.33,Debit Card,Tier2
31,66641.82,56,17,76,49.67,67.66,94,4391,4.5,Cash,Tier2
45,51205.2,48,9,13,,75.87,40,8420,1.68,UPI,Tier3
28,48949.4,1,9,10,71.15,65.65,61,3923,1.83,Cash,Tier2
56,56014.76,27,7,6,75.56,45.42,70,4016,9.46,Cash,Tier1
42,49364.78,45,9,13,33.45,18.95,88,5551,6.57,Cash,Tier3
38,80039.6,63,11,53,30.48,81.61,42,9372,5.51,Debit Card,Tier3
27,48831.06,58,13,74,45.07,75.61,79,4378,3.2,Credit Card,Tier1
60,45135.98,40,4,79,56.98,75.29,64,4533,3.32,UPI,Tier3
32,103894.43,63,4,5,37.17,90.24,113,3384,3.95,Cash,Tier2
36,344545.12,38,70,14,31.8,88.04,110,3043,1.68,Debit Card,Tier3
65,24046.71,29,5,57,35.77,28.75,47,3467,7.15,Credit Card,Tier3
39,,40,6,24,11.75,4.3,61,771,3.57,UPI,Tier2
38,70334.19,19,11,46,65.77,93.01,38,2862,9.36,Debit Card,Tier1
69,72122.61,88,5,23,50.8,35.84,11,4098,4.09,Credit Card,Tier1
61,32209.16,56,10,79,32.06,97.42,33,4861,8.39,UPI,Tier1
49,,44,15,53,,74.31,91,5799,3.02,Cash,Tier1
67,83154.94,65,11,76,50.87,34.47,8,5654,9.82,Debit Card,Tier1
40,75601.84,87,6,12,67.18,58.66,53,6004,4.2,UPI,Tier1
30,94848.03,13,17,59,58.98,92.62,109,9321,9.55,UPI,Tier2
22,74950.38,30,10,23,63.29,11.83,116,1756,8.39,Debit Card,Tier1
21,74868.78,49,6,37,50.04,71.57,115,6961,2.83,UPI,Tier3
45,99268.94,75,9,28,26.2,30.28,38,4396,9.26,Debit Card,Tier3
31,89226.83,63,9,53,41.82,9.84,110,3484,1.81,Debit Card,Tier3
25,46486.84,71,7,71,38.68,37.71,72,4830,2.72,UPI,Tier3
26,78930.29,35,4,7,36.33,25.93,11,2262,5.95,Credit Card,Tier2
68,50386.11,11,4,57,74.57,5.55,83,969,8.88,Cash,Tier2
52,76091.4,49,11,5,32.94,97.27,33,2324,4.59,Debit Card,Tier1
54,301942.0,40,40,31,46.82,29.66,110,3044,2.49,UPI,Tier3
38,34563.72,21,8,55,25.08,43.71,79,7069,1.27,Credit Card,Tier1
35,62319.4,47,9,35,40.25,76.4,7,9902,7.84,UPI,Tier1
50,70835.65,3,13,32,33.95,5.0,9,2249,6.98,Credit Card,Tier1
25,55401.62,30,4,20,71.1,54.54,10,8074,5.75,Debit Card,Tier2
68,71923.62,88,1,13,32.73,79.13,76,2721,2.52,Debit Card,Tier3
66,82729.75,67,4,36,50.19,84.52,78,2817,2.8,UPI,Tier2
34,64326.95,62,9,69,48.18,70.54,3,2284,6.61,UPI,Tier3
60,69941.19,37,11,69,30.78,39.19,23,8503,9.99,Cash,Tier3
48,95435.33,97,11,28,49.46,56.18,105,4391,2.21,Credit Card,Tier1
51,75410.32,22,10,70,52.11,18.08,28,4874,9.47,UPI,Tier2
23,69418.13,31,13,61,36.69,60.92,101,7854,9.43,Credit Card,Tier1
39,43922.25,46,6,22,53.42,10.84,52,5934,8.88,Credit Card,Tier3
31,79762.57,76,6,32,60.36,87.01,43,7503,5.83,Credit Card,Tier2
20,72263.3,45,8,39,45.36,,113,6907,5.14,Debit Card,Tier2
29,93242.27,14,10,70,40.22,,8,9707,1.63,Credit Card,Tier1
53,66031.33,12,6,6,40.39,20.83,97,3905,1.62,Debit Card,Tier2
29,25042.14,63,5,15,13.98,54.45,76,391,2.73,Debit Card,Tier3
62,27597.34,91,3,64,40.23,93.91,56,6144,5.35,UPI,Tier1
19,81184.98,77,9,65,41.43,41.45,85,8629,5.17,Credit Card,Tier1
19,52455.74,88,8,69,36.56,10.13,86,8079,4.03,Credit Card,Tier1
32,74608.89,38,4,32,43.7,93.59,83,431,7.65,Credit Card,Tier3
40,67513.12,47,9,31,58.92,,41,6558,1.66,Credit Card,Tier2
46,61329.53,54,8,16,31.75,,56,3974,8.58,Credit Card,Tier3
34,62880.05,55,10,43,57.0,89.09,101,9732,1.26,Debit Card,Tier2
49,45961.43,48,9,65,60.27,57.86,26,8061,9.31,Credit Card,Tier3
24,64652.89,73,7,55,43.64,,3,9197,7.71,Cash,Tier1
47,52141.14,72,11,59,26.51,61.97,26,1491,6.67,Credit Card,Tier2
45,56810.36,15,8,50,25.99,2.58,23,4440,2.4,Debit Card,Tier1
31,57879.72,71,4,18,,10.98,33,4104,3.78,UPI,Tier2
61,60012.75,88,10,36,20.25,71.53,12,7346,5.4,Debit Card,Tier1
47,85287.82,16,8,11,75.4,81.0,81,8079,7.89,UPI,Tier3
34,62144.6,88,8,47,9.61,60.06,87,9552,2.86,UPI,Tier1
49,87521.45,43,3,69,65.36,51.06,116,3575,8.52,Cash,Tier3
63,98832.81,7,4,25,63.08,1.35,6,3178,8.21,Debit Card,Tier2
23,83808.78,43,5,34,25.73,76.69,46,9938,6.58,UPI,Tier2
68,76758.31,28,7,30,52.04,77.66,68,6072,7.11,Cash,Tier2
41,72190.31,66,5,47,56.57,75.29,96,2159,2.93,Credit Card,Tier3
23,84037.89,98,6,65,6.94,56.75,77,5633,3.5,Credit Card,Tier2
44,66965.94,60,7,56,34.07,88.83,112,3431,7.29,Cash,Tier2
35,86660.54,3,9,61,46.1,81.08,92,4684,1.52,Debit Card,Tier2
41,78510.33,1,8,34,34.82,19.85,103,735,5.33,UPI,Tier1
54,57083.51,31,2,42,,,106,3404,5.36,UPI,Tier1
41,84708.72,56,5,27,46.11,1.78,36,5973,3.92,Cash,Tier1
55,67012.56,87,8,40,32.21,21.36,111,9169,4.86,UPI,Tier3
51,62665.1,84,4,79,51.96,73.66,85,584,9.47,Debit Card,Tier2
57,54523.62,80,7,54,88.93,47.58,75,2071,8.96,UPI,Tier1
64,68652.41,46,8,16,58.81,69.59,1,3730,3.09,Debit Card,Tier1
32,86922.18,32,10,34,49.2,80.41,32,4382,9.68,Debit Card,Tier3
